solid ASCII
  facet normal 0.000000e+00 -1.000000e+00 0.000000e+00
    outer loop
      vertex   3.250000e-01 -1.247500e+01 1.757500e+01
      vertex   3.250000e-01 -1.247500e+01 2.290000e+01
      vertex   6.675216e-15 -1.247500e+01 1.790000e+01
    endloop
  endfacet
  facet normal 0.000000e+00 -1.000000e+00 0.000000e+00
    outer loop
      vertex   6.675216e-15 -1.247500e+01 1.790000e+01
      vertex   3.250000e-01 -1.247500e+01 2.290000e+01
      vertex   7.854828e-15 -1.247500e+01 2.290000e+01
    endloop
  endfacet
  facet normal 0.000000e+00 1.000000e+00 -0.000000e+00
    outer loop
      vertex   3.250000e-01 -1.752500e+01 1.757500e+01
      vertex   7.761997e-15 -1.752500e+01 1.790000e+01
      vertex   3.250000e-01 -1.752500e+01 2.290000e+01
    endloop
  endfacet
  facet normal 0.000000e+00 1.000000e+00 0.000000e+00
    outer loop
      vertex   3.250000e-01 -1.752500e+01 2.290000e+01
      vertex   7.761997e-15 -1.752500e+01 1.790000e+01
      vertex   8.976153e-15 -1.752500e+01 2.290000e+01
    endloop
  endfacet
  facet normal 0.000000e+00 -1.000000e+00 0.000000e+00
    outer loop
      vertex   1.325000e+00 -1.147500e+01 1.750000e+01
      vertex   2.200000e+00 -1.147500e+01 1.750000e+01
      vertex   1.325000e+00 -1.147500e+01 2.290000e+01
    endloop
  endfacet
  facet normal 0.000000e+00 -1.000000e+00 0.000000e+00
    outer loop
      vertex   1.325000e+00 -1.147500e+01 2.290000e+01
      vertex   2.200000e+00 -1.147500e+01 1.750000e+01
      vertex   2.200000e+00 -1.147500e+01 2.290000e+01
    endloop
  endfacet
  facet normal -1.000000e+00 0.000000e+00 0.000000e+00
    outer loop
      vertex   2.200000e+00 -1.147500e+01 1.750000e+01
      vertex   2.200000e+00 -1.852500e+01 1.750000e+01
      vertex   2.200000e+00 -1.147500e+01 2.290000e+01
    endloop
  endfacet
  facet normal -1.000000e+00 -0.000000e+00 0.000000e+00
    outer loop
      vertex   2.200000e+00 -1.147500e+01 2.290000e+01
      vertex   2.200000e+00 -1.852500e+01 1.750000e+01
      vertex   2.200000e+00 -1.852500e+01 2.290000e+01
    endloop
  endfacet
  facet normal 0.000000e+00 1.000000e+00 -0.000000e+00
    outer loop
      vertex   2.200000e+00 -1.852500e+01 1.750000e+01
      vertex   1.325000e+00 -1.852500e+01 1.750000e+01
      vertex   2.200000e+00 -1.852500e+01 2.290000e+01
    endloop
  endfacet
  facet normal 0.000000e+00 1.000000e+00 0.000000e+00
    outer loop
      vertex   2.200000e+00 -1.852500e+01 2.290000e+01
      vertex   1.325000e+00 -1.852500e+01 1.750000e+01
      vertex   1.325000e+00 -1.852500e+01 2.290000e+01
    endloop
  endfacet
  facet normal 7.071103e-01 7.071033e-01 -0.000000e+00
    outer loop
      vertex   3.250000e-01 -1.752500e+01 1.757500e+01
      vertex   3.250000e-01 -1.752500e+01 2.290000e+01
      vertex   4.000000e-01 -1.760000e+01 1.750000e+01
    endloop
  endfacet
  facet normal 7.071068e-01 7.071068e-01 -9.814753e-08
    outer loop
      vertex   4.000000e-01 -1.760000e+01 1.750000e+01
      vertex   3.250000e-01 -1.752500e+01 2.290000e+01
      vertex   1.325000e+00 -1.852500e+01 2.290000e+01
    endloop
  endfacet
  facet normal 7.071065e-01 7.071071e-01 5.167003e-18
    outer loop
      vertex   4.000000e-01 -1.760000e+01 1.750000e+01
      vertex   1.325000e+00 -1.852500e+01 2.290000e+01
      vertex   1.325000e+00 -1.852500e+01 1.750000e+01
    endloop
  endfacet
  facet normal 7.071103e-01 -7.071033e-01 0.000000e+00
    outer loop
      vertex   3.250000e-01 -1.247500e+01 1.757500e+01
      vertex   4.000000e-01 -1.240000e+01 1.750000e+01
      vertex   3.250000e-01 -1.247500e+01 2.290000e+01
    endloop
  endfacet
  facet normal 7.071068e-01 -7.071068e-01 -9.814753e-08
    outer loop
      vertex   3.250000e-01 -1.247500e+01 2.290000e+01
      vertex   4.000000e-01 -1.240000e+01 1.750000e+01
      vertex   1.325000e+00 -1.147500e+01 2.290000e+01
    endloop
  endfacet
  facet normal 7.071065e-01 -7.071071e-01 0.000000e+00
    outer loop
      vertex   1.325000e+00 -1.147500e+01 2.290000e+01
      vertex   4.000000e-01 -1.240000e+01 1.750000e+01
      vertex   1.325000e+00 -1.147500e+01 1.750000e+01
    endloop
  endfacet
  facet normal 0.000000e+00 0.000000e+00 -1.000000e+00
    outer loop
      vertex   1.325000e+00 -1.147500e+01 2.290000e+01
      vertex   3.250000e-01 -1.752500e+01 2.290000e+01
      vertex   3.250000e-01 -1.247500e+01 2.290000e+01
    endloop
  endfacet
  facet normal 0.000000e+00 -0.000000e+00 -1.000000e+00
    outer loop
      vertex   3.250000e-01 -1.247500e+01 2.290000e+01
      vertex   3.250000e-01 -1.752500e+01 2.290000e+01
      vertex   8.976153e-15 -1.752500e+01 2.290000e+01
    endloop
  endfacet
  facet normal -0.000000e+00 0.000000e+00 -1.000000e+00
    outer loop
      vertex   3.250000e-01 -1.247500e+01 2.290000e+01
      vertex   8.976153e-15 -1.752500e+01 2.290000e+01
      vertex   7.854828e-15 -1.247500e+01 2.290000e+01
    endloop
  endfacet
  facet normal -0.000000e+00 -0.000000e+00 -1.000000e+00
    outer loop
      vertex   2.200000e+00 -1.147500e+01 2.290000e+01
      vertex   2.200000e+00 -1.852500e+01 2.290000e+01
      vertex   1.325000e+00 -1.147500e+01 2.290000e+01
    endloop
  endfacet
  facet normal 0.000000e+00 0.000000e+00 -1.000000e+00
    outer loop
      vertex   1.325000e+00 -1.147500e+01 2.290000e+01
      vertex   2.200000e+00 -1.852500e+01 2.290000e+01
      vertex   1.325000e+00 -1.852500e+01 2.290000e+01
    endloop
  endfacet
  facet normal 0.000000e+00 -0.000000e+00 -1.000000e+00
    outer loop
      vertex   1.325000e+00 -1.147500e+01 2.290000e+01
      vertex   1.325000e+00 -1.852500e+01 2.290000e+01
      vertex   3.250000e-01 -1.752500e+01 2.290000e+01
    endloop
  endfacet
  facet normal 0.000000e+00 -1.000000e+00 0.000000e+00
    outer loop
      vertex   3.250000e-01 1.752500e+01 1.757500e+01
      vertex   3.250000e-01 1.752500e+01 2.290000e+01
      vertex   1.393543e-16 1.752500e+01 1.790000e+01
    endloop
  endfacet
  facet normal 0.000000e+00 -1.000000e+00 0.000000e+00
    outer loop
      vertex   1.393543e-16 1.752500e+01 1.790000e+01
      vertex   3.250000e-01 1.752500e+01 2.290000e+01
      vertex   1.249577e-15 1.752500e+01 2.290000e+01
    endloop
  endfacet
  facet normal 0.000000e+00 1.000000e+00 -0.000000e+00
    outer loop
      vertex   3.250000e-01 1.247500e+01 1.757500e+01
      vertex   1.273981e-15 1.247500e+01 1.790000e+01
      vertex   3.250000e-01 1.247500e+01 2.290000e+01
    endloop
  endfacet
  facet normal 0.000000e+00 1.000000e+00 0.000000e+00
    outer loop
      vertex   3.250000e-01 1.247500e+01 2.290000e+01
      vertex   1.273981e-15 1.247500e+01 1.790000e+01
      vertex   2.384204e-15 1.247500e+01 2.290000e+01
    endloop
  endfacet
  facet normal 7.071103e-01 -7.071033e-01 0.000000e+00
    outer loop
      vertex   3.250000e-01 1.752500e+01 1.757500e+01
      vertex   4.000000e-01 1.760000e+01 1.750000e+01
      vertex   3.250000e-01 1.752500e+01 2.290000e+01
    endloop
  endfacet
  facet normal 7.071068e-01 -7.071068e-01 -9.814753e-08
    outer loop
      vertex   3.250000e-01 1.752500e+01 2.290000e+01
      vertex   4.000000e-01 1.760000e+01 1.750000e+01
      vertex   1.325000e+00 1.852500e+01 2.290000e+01
    endloop
  endfacet
  facet normal 7.071065e-01 -7.071071e-01 0.000000e+00
    outer loop
      vertex   1.325000e+00 1.852500e+01 2.290000e+01
      vertex   4.000000e-01 1.760000e+01 1.750000e+01
      vertex   1.325000e+00 1.852500e+01 1.750000e+01
    endloop
  endfacet
  facet normal 0.000000e+00 -1.000000e+00 0.000000e+00
    outer loop
      vertex   1.325000e+00 1.852500e+01 1.750000e+01
      vertex   2.200000e+00 1.852500e+01 1.750000e+01
      vertex   1.325000e+00 1.852500e+01 2.290000e+01
    endloop
  endfacet
  facet normal 0.000000e+00 -1.000000e+00 0.000000e+00
    outer loop
      vertex   1.325000e+00 1.852500e+01 2.290000e+01
      vertex   2.200000e+00 1.852500e+01 1.750000e+01
      vertex   2.200000e+00 1.852500e+01 2.290000e+01
    endloop
  endfacet
  facet normal -1.000000e+00 0.000000e+00 0.000000e+00
    outer loop
      vertex   2.200000e+00 1.852500e+01 1.750000e+01
      vertex   2.200000e+00 1.147500e+01 1.750000e+01
      vertex   2.200000e+00 1.852500e+01 2.290000e+01
    endloop
  endfacet
  facet normal -1.000000e+00 -0.000000e+00 0.000000e+00
    outer loop
      vertex   2.200000e+00 1.852500e+01 2.290000e+01
      vertex   2.200000e+00 1.147500e+01 1.750000e+01
      vertex   2.200000e+00 1.147500e+01 2.290000e+01
    endloop
  endfacet
  facet normal 0.000000e+00 1.000000e+00 -0.000000e+00
    outer loop
      vertex   2.200000e+00 1.147500e+01 1.750000e+01
      vertex   1.325000e+00 1.147500e+01 1.750000e+01
      vertex   2.200000e+00 1.147500e+01 2.290000e+01
    endloop
  endfacet
  facet normal 0.000000e+00 1.000000e+00 0.000000e+00
    outer loop
      vertex   2.200000e+00 1.147500e+01 2.290000e+01
      vertex   1.325000e+00 1.147500e+01 1.750000e+01
      vertex   1.325000e+00 1.147500e+01 2.290000e+01
    endloop
  endfacet
  facet normal 7.071103e-01 7.071033e-01 -0.000000e+00
    outer loop
      vertex   3.250000e-01 1.247500e+01 1.757500e+01
      vertex   3.250000e-01 1.247500e+01 2.290000e+01
      vertex   4.000000e-01 1.240000e+01 1.750000e+01
    endloop
  endfacet
  facet normal 7.071068e-01 7.071068e-01 -9.814753e-08
    outer loop
      vertex   4.000000e-01 1.240000e+01 1.750000e+01
      vertex   3.250000e-01 1.247500e+01 2.290000e+01
      vertex   1.325000e+00 1.147500e+01 2.290000e+01
    endloop
  endfacet
  facet normal 7.071065e-01 7.071071e-01 5.167003e-18
    outer loop
      vertex   4.000000e-01 1.240000e+01 1.750000e+01
      vertex   1.325000e+00 1.147500e+01 2.290000e+01
      vertex   1.325000e+00 1.147500e+01 1.750000e+01
    endloop
  endfacet
  facet normal 0.000000e+00 0.000000e+00 -1.000000e+00
    outer loop
      vertex   2.384204e-15 1.247500e+01 2.290000e+01
      vertex   3.250000e-01 1.752500e+01 2.290000e+01
      vertex   3.250000e-01 1.247500e+01 2.290000e+01
    endloop
  endfacet
  facet normal 0.000000e+00 0.000000e+00 -1.000000e+00
    outer loop
      vertex   3.250000e-01 1.247500e+01 2.290000e+01
      vertex   3.250000e-01 1.752500e+01 2.290000e+01
      vertex   1.325000e+00 1.852500e+01 2.290000e+01
    endloop
  endfacet
  facet normal 0.000000e+00 0.000000e+00 -1.000000e+00
    outer loop
      vertex   3.250000e-01 1.247500e+01 2.290000e+01
      vertex   1.325000e+00 1.852500e+01 2.290000e+01
      vertex   1.325000e+00 1.147500e+01 2.290000e+01
    endloop
  endfacet
  facet normal 0.000000e+00 0.000000e+00 -1.000000e+00
    outer loop
      vertex   1.325000e+00 1.147500e+01 2.290000e+01
      vertex   1.325000e+00 1.852500e+01 2.290000e+01
      vertex   2.200000e+00 1.147500e+01 2.290000e+01
    endloop
  endfacet
  facet normal 0.000000e+00 0.000000e+00 -1.000000e+00
    outer loop
      vertex   2.200000e+00 1.147500e+01 2.290000e+01
      vertex   1.325000e+00 1.852500e+01 2.290000e+01
      vertex   2.200000e+00 1.852500e+01 2.290000e+01
    endloop
  endfacet
  facet normal 0.000000e+00 0.000000e+00 -1.000000e+00
    outer loop
      vertex   2.384204e-15 1.247500e+01 2.290000e+01
      vertex   1.249577e-15 1.752500e+01 2.290000e+01
      vertex   3.250000e-01 1.752500e+01 2.290000e+01
    endloop
  endfacet
  facet normal 0.000000e+00 -1.000000e+00 0.000000e+00
    outer loop
      vertex   3.250000e-01 -3.247500e+01 1.757500e+01
      vertex   3.250000e-01 -3.247500e+01 2.290000e+01
      vertex   1.108156e-14 -3.247500e+01 1.790000e+01
    endloop
  endfacet
  facet normal 0.000000e+00 -1.000000e+00 0.000000e+00
    outer loop
      vertex   1.108156e-14 -3.247500e+01 1.790000e+01
      vertex   3.250000e-01 -3.247500e+01 2.290000e+01
      vertex   1.219179e-14 -3.247500e+01 2.290000e+01
    endloop
  endfacet
  facet normal 0.000000e+00 1.000000e+00 -0.000000e+00
    outer loop
      vertex   3.250000e-01 -3.752500e+01 1.757500e+01
      vertex   1.223743e-14 -3.752500e+01 1.790000e+01
      vertex   3.250000e-01 -3.752500e+01 2.290000e+01
    endloop
  endfacet
  facet normal 0.000000e+00 1.000000e+00 0.000000e+00
    outer loop
      vertex   3.250000e-01 -3.752500e+01 2.290000e+01
      vertex   1.223743e-14 -3.752500e+01 1.790000e+01
      vertex   1.334766e-14 -3.752500e+01 2.290000e+01
    endloop
  endfacet
  facet normal 7.070923e-01 -7.071213e-01 0.000000e+00
    outer loop
      vertex   3.250000e-01 -3.247500e+01 1.757500e+01
      vertex   4.000000e-01 -3.240000e+01 1.750000e+01
      vertex   3.250000e-01 -3.247500e+01 2.290000e+01
    endloop
  endfacet
  facet normal 7.071061e-01 -7.071075e-01 3.826391e-07
    outer loop
      vertex   3.250000e-01 -3.247500e+01 2.290000e+01
      vertex   4.000000e-01 -3.240000e+01 1.750000e+01
      vertex   1.325000e+00 -3.147500e+01 2.290000e+01
    endloop
  endfacet
  facet normal 7.071072e-01 -7.071064e-01 0.000000e+00
    outer loop
      vertex   1.325000e+00 -3.147500e+01 2.290000e+01
      vertex   4.000000e-01 -3.240000e+01 1.750000e+01
      vertex   1.325000e+00 -3.147500e+01 1.750000e+01
    endloop
  endfacet
  facet normal 0.000000e+00 -1.000000e+00 0.000000e+00
    outer loop
      vertex   1.325000e+00 -3.147500e+01 1.750000e+01
      vertex   2.200000e+00 -3.147500e+01 1.750000e+01
      vertex   1.325000e+00 -3.147500e+01 2.290000e+01
    endloop
  endfacet
  facet normal 0.000000e+00 -1.000000e+00 0.000000e+00
    outer loop
      vertex   1.325000e+00 -3.147500e+01 2.290000e+01
      vertex   2.200000e+00 -3.147500e+01 1.750000e+01
      vertex   2.200000e+00 -3.147500e+01 2.290000e+01
    endloop
  endfacet
  facet normal -1.000000e+00 0.000000e+00 0.000000e+00
    outer loop
      vertex   2.200000e+00 -3.147500e+01 1.750000e+01
      vertex   2.200000e+00 -3.852500e+01 1.750000e+01
      vertex   2.200000e+00 -3.147500e+01 2.290000e+01
    endloop
  endfacet
  facet normal -1.000000e+00 -0.000000e+00 0.000000e+00
    outer loop
      vertex   2.200000e+00 -3.147500e+01 2.290000e+01
      vertex   2.200000e+00 -3.852500e+01 1.750000e+01
      vertex   2.200000e+00 -3.852500e+01 2.290000e+01
    endloop
  endfacet
  facet normal 0.000000e+00 1.000000e+00 -0.000000e+00
    outer loop
      vertex   2.200000e+00 -3.852500e+01 1.750000e+01
      vertex   1.325000e+00 -3.852500e+01 1.750000e+01
      vertex   2.200000e+00 -3.852500e+01 2.290000e+01
    endloop
  endfacet
  facet normal 0.000000e+00 1.000000e+00 0.000000e+00
    outer loop
      vertex   2.200000e+00 -3.852500e+01 2.290000e+01
      vertex   1.325000e+00 -3.852500e+01 1.750000e+01
      vertex   1.325000e+00 -3.852500e+01 2.290000e+01
    endloop
  endfacet
  facet normal 7.070923e-01 7.071213e-01 -0.000000e+00
    outer loop
      vertex   3.250000e-01 -3.752500e+01 1.757500e+01
      vertex   3.250000e-01 -3.752500e+01 2.290000e+01
      vertex   4.000000e-01 -3.760000e+01 1.750000e+01
    endloop
  endfacet
  facet normal 7.071068e-01 7.071068e-01 4.013707e-07
    outer loop
      vertex   4.000000e-01 -3.760000e+01 1.750000e+01
      vertex   3.250000e-01 -3.752500e+01 2.290000e+01
      vertex   1.325000e+00 -3.852500e+01 2.290000e+01
    endloop
  endfacet
  facet normal 7.071079e-01 7.071056e-01 2.022887e-18
    outer loop
      vertex   4.000000e-01 -3.760000e+01 1.750000e+01
      vertex   1.325000e+00 -3.852500e+01 2.290000e+01
      vertex   1.325000e+00 -3.852500e+01 1.750000e+01
    endloop
  endfacet
  facet normal 0.000000e+00 0.000000e+00 -1.000000e+00
    outer loop
      vertex   1.334766e-14 -3.752500e+01 2.290000e+01
      vertex   3.250000e-01 -3.247500e+01 2.290000e+01
      vertex   3.250000e-01 -3.752500e+01 2.290000e+01
    endloop
  endfacet
  facet normal 0.000000e+00 0.000000e+00 -1.000000e+00
    outer loop
      vertex   3.250000e-01 -3.752500e+01 2.290000e+01
      vertex   3.250000e-01 -3.247500e+01 2.290000e+01
      vertex   1.325000e+00 -3.147500e+01 2.290000e+01
    endloop
  endfacet
  facet normal 0.000000e+00 0.000000e+00 -1.000000e+00
    outer loop
      vertex   3.250000e-01 -3.752500e+01 2.290000e+01
      vertex   1.325000e+00 -3.147500e+01 2.290000e+01
      vertex   1.325000e+00 -3.852500e+01 2.290000e+01
    endloop
  endfacet
  facet normal 0.000000e+00 0.000000e+00 -1.000000e+00
    outer loop
      vertex   1.325000e+00 -3.852500e+01 2.290000e+01
      vertex   1.325000e+00 -3.147500e+01 2.290000e+01
      vertex   2.200000e+00 -3.852500e+01 2.290000e+01
    endloop
  endfacet
  facet normal 0.000000e+00 0.000000e+00 -1.000000e+00
    outer loop
      vertex   2.200000e+00 -3.852500e+01 2.290000e+01
      vertex   1.325000e+00 -3.147500e+01 2.290000e+01
      vertex   2.200000e+00 -3.147500e+01 2.290000e+01
    endloop
  endfacet
  facet normal 0.000000e+00 0.000000e+00 -1.000000e+00
    outer loop
      vertex   1.334766e-14 -3.752500e+01 2.290000e+01
      vertex   1.219179e-14 -3.247500e+01 2.290000e+01
      vertex   3.250000e-01 -3.247500e+01 2.290000e+01
    endloop
  endfacet
  facet normal 0.000000e+00 -1.000000e+00 0.000000e+00
    outer loop
      vertex   3.250000e-01 3.752500e+01 1.757500e+01
      vertex   3.250000e-01 3.752500e+01 2.290000e+01
      vertex   -4.288236e-15 3.752500e+01 1.790000e+01
    endloop
  endfacet
  facet normal 0.000000e+00 -1.000000e+00 0.000000e+00
    outer loop
      vertex   -4.288236e-15 3.752500e+01 1.790000e+01
      vertex   3.250000e-01 3.752500e+01 2.290000e+01
      vertex   -3.247402e-15 3.752500e+01 2.290000e+01
    endloop
  endfacet
  facet normal 0.000000e+00 1.000000e+00 -0.000000e+00
    outer loop
      vertex   3.250000e-01 3.247500e+01 1.757500e+01
      vertex   -3.180213e-15 3.247500e+01 1.790000e+01
      vertex   3.250000e-01 3.247500e+01 2.290000e+01
    endloop
  endfacet
  facet normal 0.000000e+00 1.000000e+00 0.000000e+00
    outer loop
      vertex   3.250000e-01 3.247500e+01 2.290000e+01
      vertex   -3.180213e-15 3.247500e+01 1.790000e+01
      vertex   -2.126077e-15 3.247500e+01 2.290000e+01
    endloop
  endfacet
  facet normal 0.000000e+00 -1.000000e+00 0.000000e+00
    outer loop
      vertex   1.325000e+00 3.852500e+01 1.750000e+01
      vertex   2.200000e+00 3.852500e+01 1.750000e+01
      vertex   1.325000e+00 3.852500e+01 2.290000e+01
    endloop
  endfacet
  facet normal 0.000000e+00 -1.000000e+00 0.000000e+00
    outer loop
      vertex   1.325000e+00 3.852500e+01 2.290000e+01
      vertex   2.200000e+00 3.852500e+01 1.750000e+01
      vertex   2.200000e+00 3.852500e+01 2.290000e+01
    endloop
  endfacet
  facet normal -1.000000e+00 0.000000e+00 0.000000e+00
    outer loop
      vertex   2.200000e+00 3.852500e+01 1.750000e+01
      vertex   2.200000e+00 3.147500e+01 1.750000e+01
      vertex   2.200000e+00 3.852500e+01 2.290000e+01
    endloop
  endfacet
  facet normal -1.000000e+00 -0.000000e+00 0.000000e+00
    outer loop
      vertex   2.200000e+00 3.852500e+01 2.290000e+01
      vertex   2.200000e+00 3.147500e+01 1.750000e+01
      vertex   2.200000e+00 3.147500e+01 2.290000e+01
    endloop
  endfacet
  facet normal 0.000000e+00 1.000000e+00 -0.000000e+00
    outer loop
      vertex   2.200000e+00 3.147500e+01 1.750000e+01
      vertex   1.325000e+00 3.147500e+01 1.750000e+01
      vertex   2.200000e+00 3.147500e+01 2.290000e+01
    endloop
  endfacet
  facet normal 0.000000e+00 1.000000e+00 0.000000e+00
    outer loop
      vertex   2.200000e+00 3.147500e+01 2.290000e+01
      vertex   1.325000e+00 3.147500e+01 1.750000e+01
      vertex   1.325000e+00 3.147500e+01 2.290000e+01
    endloop
  endfacet
  facet normal 7.070923e-01 7.071213e-01 -0.000000e+00
    outer loop
      vertex   3.250000e-01 3.247500e+01 1.757500e+01
      vertex   3.250000e-01 3.247500e+01 2.290000e+01
      vertex   4.000000e-01 3.240000e+01 1.750000e+01
    endloop
  endfacet
  facet normal 7.071061e-01 7.071075e-01 3.826391e-07
    outer loop
      vertex   4.000000e-01 3.240000e+01 1.750000e+01
      vertex   3.250000e-01 3.247500e+01 2.290000e+01
      vertex   1.325000e+00 3.147500e+01 2.290000e+01
    endloop
  endfacet
  facet normal 7.071072e-01 7.071064e-01 -4.263372e-18
    outer loop
      vertex   4.000000e-01 3.240000e+01 1.750000e+01
      vertex   1.325000e+00 3.147500e+01 2.290000e+01
      vertex   1.325000e+00 3.147500e+01 1.750000e+01
    endloop
  endfacet
  facet normal 7.070923e-01 -7.071213e-01 0.000000e+00
    outer loop
      vertex   3.250000e-01 3.752500e+01 1.757500e+01
      vertex   4.000000e-01 3.760000e+01 1.750000e+01
      vertex   3.250000e-01 3.752500e+01 2.290000e+01
    endloop
  endfacet
  facet normal 7.071068e-01 -7.071068e-01 4.013707e-07
    outer loop
      vertex   3.250000e-01 3.752500e+01 2.290000e+01
      vertex   4.000000e-01 3.760000e+01 1.750000e+01
      vertex   1.325000e+00 3.852500e+01 2.290000e+01
    endloop
  endfacet
  facet normal 7.071079e-01 -7.071056e-01 0.000000e+00
    outer loop
      vertex   1.325000e+00 3.852500e+01 2.290000e+01
      vertex   4.000000e-01 3.760000e+01 1.750000e+01
      vertex   1.325000e+00 3.852500e+01 1.750000e+01
    endloop
  endfacet
  facet normal 0.000000e+00 0.000000e+00 -1.000000e+00
    outer loop
      vertex   1.325000e+00 3.852500e+01 2.290000e+01
      vertex   3.250000e-01 3.247500e+01 2.290000e+01
      vertex   3.250000e-01 3.752500e+01 2.290000e+01
    endloop
  endfacet
  facet normal 0.000000e+00 -0.000000e+00 -1.000000e+00
    outer loop
      vertex   3.250000e-01 3.752500e+01 2.290000e+01
      vertex   3.250000e-01 3.247500e+01 2.290000e+01
      vertex   -2.126077e-15 3.247500e+01 2.290000e+01
    endloop
  endfacet
  facet normal -0.000000e+00 0.000000e+00 -1.000000e+00
    outer loop
      vertex   3.250000e-01 3.752500e+01 2.290000e+01
      vertex   -2.126077e-15 3.247500e+01 2.290000e+01
      vertex   -3.247402e-15 3.752500e+01 2.290000e+01
    endloop
  endfacet
  facet normal -0.000000e+00 -0.000000e+00 -1.000000e+00
    outer loop
      vertex   2.200000e+00 3.852500e+01 2.290000e+01
      vertex   2.200000e+00 3.147500e+01 2.290000e+01
      vertex   1.325000e+00 3.852500e+01 2.290000e+01
    endloop
  endfacet
  facet normal 0.000000e+00 0.000000e+00 -1.000000e+00
    outer loop
      vertex   1.325000e+00 3.852500e+01 2.290000e+01
      vertex   2.200000e+00 3.147500e+01 2.290000e+01
      vertex   1.325000e+00 3.147500e+01 2.290000e+01
    endloop
  endfacet
  facet normal 0.000000e+00 -0.000000e+00 -1.000000e+00
    outer loop
      vertex   1.325000e+00 3.852500e+01 2.290000e+01
      vertex   1.325000e+00 3.147500e+01 2.290000e+01
      vertex   3.250000e-01 3.247500e+01 2.290000e+01
    endloop
  endfacet
  facet normal -1.000000e+00 -2.164824e-16 2.220446e-16
    outer loop
      vertex   1.273981e-15 1.247500e+01 1.790000e+01
      vertex   6.675216e-15 -1.247500e+01 1.790000e+01
      vertex   2.384204e-15 1.247500e+01 2.290000e+01
    endloop
  endfacet
  facet normal -1.000000e+00 -2.192635e-16 2.359224e-16
    outer loop
      vertex   2.384204e-15 1.247500e+01 2.290000e+01
      vertex   6.675216e-15 -1.247500e+01 1.790000e+01
      vertex   7.854828e-15 -1.247500e+01 2.290000e+01
    endloop
  endfacet
  facet normal -1.000000e+00 -2.192635e-16 2.061514e-16
    outer loop
      vertex   2.384204e-15 1.247500e+01 2.290000e+01
      vertex   7.854828e-15 -1.247500e+01 2.290000e+01
      vertex   -1.776357e-15 4.010000e+01 3.210000e+01
    endloop
  endfacet
  facet normal -1.000000e+00 -2.220446e-16 2.220446e-16
    outer loop
      vertex   -1.776357e-15 4.010000e+01 3.210000e+01
      vertex   7.854828e-15 -1.247500e+01 2.290000e+01
      vertex   1.603162e-14 -4.010000e+01 3.210000e+01
    endloop
  endfacet
  facet normal -1.000000e+00 -2.220446e-16 2.220446e-16
    outer loop
      vertex   1.603162e-14 -4.010000e+01 3.210000e+01
      vertex   7.854828e-15 -1.247500e+01 2.290000e+01
      vertex   8.976153e-15 -1.752500e+01 2.290000e+01
    endloop
  endfacet
  facet normal -1.000000e+00 -2.150925e-16 2.391037e-16
    outer loop
      vertex   1.603162e-14 -4.010000e+01 3.210000e+01
      vertex   8.976153e-15 -1.752500e+01 2.290000e+01
      vertex   1.219179e-14 -3.247500e+01 2.290000e+01
    endloop
  endfacet
  facet normal -1.000000e+00 -2.150925e-16 2.220446e-16
    outer loop
      vertex   1.219179e-14 -3.247500e+01 2.290000e+01
      vertex   8.976153e-15 -1.752500e+01 2.290000e+01
      vertex   1.108156e-14 -3.247500e+01 1.790000e+01
    endloop
  endfacet
  facet normal -1.000000e+00 -2.220446e-16 2.428313e-16
    outer loop
      vertex   1.108156e-14 -3.247500e+01 1.790000e+01
      vertex   8.976153e-15 -1.752500e+01 2.290000e+01
      vertex   7.761997e-15 -1.752500e+01 1.790000e+01
    endloop
  endfacet
  facet normal -1.000000e+00 -2.288851e-16 2.276723e-16
    outer loop
      vertex   1.219179e-14 -3.247500e+01 2.290000e+01
      vertex   1.334766e-14 -3.752500e+01 2.290000e+01
      vertex   1.603162e-14 -4.010000e+01 3.210000e+01
    endloop
  endfacet
  facet normal -1.000000e+00 -2.489921e-16 2.220446e-16
    outer loop
      vertex   1.603162e-14 -4.010000e+01 3.210000e+01
      vertex   1.334766e-14 -3.752500e+01 2.290000e+01
      vertex   1.287859e-14 -4.010000e+01 1.790000e+01
    endloop
  endfacet
  facet normal -1.000000e+00 -2.489921e-16 2.220446e-16
    outer loop
      vertex   1.287859e-14 -4.010000e+01 1.790000e+01
      vertex   1.334766e-14 -3.752500e+01 2.290000e+01
      vertex   1.223743e-14 -3.752500e+01 1.790000e+01
    endloop
  endfacet
  facet normal -1.000000e+00 -2.220449e-16 2.220446e-16
    outer loop
      vertex   -4.929390e-15 4.010000e+01 1.790000e+01
      vertex   -3.247402e-15 3.752500e+01 2.290000e+01
      vertex   -1.776357e-15 4.010000e+01 3.210000e+01
    endloop
  endfacet
  facet normal -1.000000e+00 -2.220445e-16 2.220445e-16
    outer loop
      vertex   -1.776357e-15 4.010000e+01 3.210000e+01
      vertex   -3.247402e-15 3.752500e+01 2.290000e+01
      vertex   -2.126077e-15 3.247500e+01 2.290000e+01
    endloop
  endfacet
  facet normal -1.000000e+00 -2.257963e-16 2.251540e-16
    outer loop
      vertex   -1.776357e-15 4.010000e+01 3.210000e+01
      vertex   -2.126077e-15 3.247500e+01 2.290000e+01
      vertex   1.249577e-15 1.752500e+01 2.290000e+01
    endloop
  endfacet
  facet normal -1.000000e+00 -2.257963e-16 2.220446e-16
    outer loop
      vertex   1.249577e-15 1.752500e+01 2.290000e+01
      vertex   -2.126077e-15 3.247500e+01 2.290000e+01
      vertex   1.393543e-16 1.752500e+01 1.790000e+01
    endloop
  endfacet
  facet normal -1.000000e+00 -2.220446e-16 2.108271e-16
    outer loop
      vertex   1.393543e-16 1.752500e+01 1.790000e+01
      vertex   -2.126077e-15 3.247500e+01 2.290000e+01
      vertex   -3.180213e-15 3.247500e+01 1.790000e+01
    endloop
  endfacet
  facet normal -1.000000e+00 -2.489921e-16 2.081668e-16
    outer loop
      vertex   -4.929390e-15 4.010000e+01 1.790000e+01
      vertex   -4.288236e-15 3.752500e+01 1.790000e+01
      vertex   -3.247402e-15 3.752500e+01 2.290000e+01
    endloop
  endfacet
  facet normal -1.000000e+00 -2.246786e-16 2.224114e-16
    outer loop
      vertex   1.249577e-15 1.752500e+01 2.290000e+01
      vertex   2.384204e-15 1.247500e+01 2.290000e+01
      vertex   -1.776357e-15 4.010000e+01 3.210000e+01
    endloop
  endfacet
  facet normal -7.071055e-01 -1.760637e-16 -7.071080e-01
    outer loop
      vertex   1.223743e-14 -3.752500e+01 1.790000e+01
      vertex   3.250000e-01 -3.752500e+01 1.757500e+01
      vertex   1.287859e-14 -4.010000e+01 1.790000e+01
    endloop
  endfacet
  facet normal -7.071066e-01 2.569789e-07 -7.071070e-01
    outer loop
      vertex   1.287859e-14 -4.010000e+01 1.790000e+01
      vertex   3.250000e-01 -3.752500e+01 1.757500e+01
      vertex   4.000000e-01 -3.970000e+01 1.750000e+01
    endloop
  endfacet
  facet normal -7.071103e-01 0.000000e+00 -7.071033e-01
    outer loop
      vertex   4.000000e-01 -3.970000e+01 1.750000e+01
      vertex   3.250000e-01 -3.752500e+01 1.757500e+01
      vertex   4.000000e-01 -3.760000e+01 1.750000e+01
    endloop
  endfacet
  facet normal -7.071055e-01 -1.760637e-16 -7.071080e-01
    outer loop
      vertex   -4.288236e-15 3.752500e+01 1.790000e+01
      vertex   -4.929390e-15 4.010000e+01 1.790000e+01
      vertex   3.250000e-01 3.752500e+01 1.757500e+01
    endloop
  endfacet
  facet normal -7.071066e-01 -2.569789e-07 -7.071070e-01
    outer loop
      vertex   3.250000e-01 3.752500e+01 1.757500e+01
      vertex   -4.929390e-15 4.010000e+01 1.790000e+01
      vertex   4.000000e-01 3.970000e+01 1.750000e+01
    endloop
  endfacet
  facet normal -7.071103e-01 3.096406e-19 -7.071033e-01
    outer loop
      vertex   3.250000e-01 3.752500e+01 1.757500e+01
      vertex   4.000000e-01 3.970000e+01 1.750000e+01
      vertex   4.000000e-01 3.760000e+01 1.750000e+01
    endloop
  endfacet
  facet normal -7.071055e-01 -1.570090e-16 -7.071080e-01
    outer loop
      vertex   1.108156e-14 -3.247500e+01 1.790000e+01
      vertex   7.761997e-15 -1.752500e+01 1.790000e+01
      vertex   3.250000e-01 -3.247500e+01 1.757500e+01
    endloop
  endfacet
  facet normal -7.071055e-01 0.000000e+00 -7.071080e-01
    outer loop
      vertex   3.250000e-01 -3.247500e+01 1.757500e+01
      vertex   7.761997e-15 -1.752500e+01 1.790000e+01
      vertex   3.250000e-01 -1.752500e+01 1.757500e+01
    endloop
  endfacet
  facet normal -7.071103e-01 0.000000e+00 -7.071033e-01
    outer loop
      vertex   3.250000e-01 -3.247500e+01 1.757500e+01
      vertex   3.250000e-01 -1.752500e+01 1.757500e+01
      vertex   4.000000e-01 -3.240000e+01 1.750000e+01
    endloop
  endfacet
  facet normal -7.071103e-01 0.000000e+00 -7.071033e-01
    outer loop
      vertex   4.000000e-01 -3.240000e+01 1.750000e+01
      vertex   3.250000e-01 -1.752500e+01 1.757500e+01
      vertex   4.000000e-01 -1.760000e+01 1.750000e+01
    endloop
  endfacet
  facet normal -7.071055e-01 -1.570090e-16 -7.071080e-01
    outer loop
      vertex   1.393543e-16 1.752500e+01 1.790000e+01
      vertex   -3.180213e-15 3.247500e+01 1.790000e+01
      vertex   3.250000e-01 1.752500e+01 1.757500e+01
    endloop
  endfacet
  facet normal -7.071055e-01 0.000000e+00 -7.071080e-01
    outer loop
      vertex   3.250000e-01 1.752500e+01 1.757500e+01
      vertex   -3.180213e-15 3.247500e+01 1.790000e+01
      vertex   3.250000e-01 3.247500e+01 1.757500e+01
    endloop
  endfacet
  facet normal -7.071103e-01 0.000000e+00 -7.071033e-01
    outer loop
      vertex   3.250000e-01 1.752500e+01 1.757500e+01
      vertex   3.250000e-01 3.247500e+01 1.757500e+01
      vertex   4.000000e-01 1.760000e+01 1.750000e+01
    endloop
  endfacet
  facet normal -7.071103e-01 0.000000e+00 -7.071033e-01
    outer loop
      vertex   4.000000e-01 1.760000e+01 1.750000e+01
      vertex   3.250000e-01 3.247500e+01 1.757500e+01
      vertex   4.000000e-01 3.240000e+01 1.750000e+01
    endloop
  endfacet
  facet normal 7.071083e-01 0.000000e+00 -7.071053e-01
    outer loop
      vertex   2.800000e+00 2.707817e+01 3.070000e+01
      vertex   2.800000e+00 2.292183e+01 3.070000e+01
      vertex   2.400000e+00 2.691249e+01 3.030000e+01
    endloop
  endfacet
  facet normal 7.071083e-01 0.000000e+00 -7.071053e-01
    outer loop
      vertex   2.400000e+00 2.691249e+01 3.030000e+01
      vertex   2.800000e+00 2.292183e+01 3.070000e+01
      vertex   2.400000e+00 2.308751e+01 3.030000e+01
    endloop
  endfacet
  facet normal 7.071081e-01 -4.999988e-01 -4.999994e-01
    outer loop
      vertex   2.400000e+00 2.691249e+01 3.030000e+01
      vertex   2.400000e+00 2.860625e+01 2.860625e+01
      vertex   2.800000e+00 2.707817e+01 3.070000e+01
    endloop
  endfacet
  facet normal 7.071068e-01 -5.000000e-01 -5.000000e-01
    outer loop
      vertex   2.800000e+00 2.707817e+01 3.070000e+01
      vertex   2.400000e+00 2.860625e+01 2.860625e+01
      vertex   2.800000e+00 2.888909e+01 2.888909e+01
    endloop
  endfacet
  facet normal 7.069856e-01 5.130067e-01 -4.868218e-01
    outer loop
      vertex   2.400000e+00 2.139376e+01 2.860625e+01
      vertex   2.800000e+00 2.111091e+01 2.888909e+01
      vertex   2.400000e+00 2.120996e+01 2.841257e+01
    endloop
  endfacet
  facet normal 7.069862e-01 5.130051e-01 -4.868227e-01
    outer loop
      vertex   2.400000e+00 2.120996e+01 2.841257e+01
      vertex   2.800000e+00 2.111091e+01 2.888909e+01
      vertex   2.800000e+00 2.091270e+01 2.868022e+01
    endloop
  endfacet
  facet normal 7.069862e-01 5.377807e-01 -4.593065e-01
    outer loop
      vertex   2.400000e+00 2.120996e+01 2.841257e+01
      vertex   2.800000e+00 2.091270e+01 2.868022e+01
      vertex   2.400000e+00 2.103656e+01 2.820953e+01
    endloop
  endfacet
  facet normal 7.069865e-01 5.377797e-01 -4.593071e-01
    outer loop
      vertex   2.400000e+00 2.103656e+01 2.820953e+01
      vertex   2.800000e+00 2.091270e+01 2.868022e+01
      vertex   2.800000e+00 2.072570e+01 2.846126e+01
    endloop
  endfacet
  facet normal 7.069866e-01 5.610798e-01 -4.305339e-01
    outer loop
      vertex   2.400000e+00 2.103656e+01 2.820953e+01
      vertex   2.800000e+00 2.072570e+01 2.846126e+01
      vertex   2.400000e+00 2.087401e+01 2.799771e+01
    endloop
  endfacet
  facet normal 7.069850e-01 5.610838e-01 -4.305312e-01
    outer loop
      vertex   2.400000e+00 2.087401e+01 2.799771e+01
      vertex   2.800000e+00 2.072570e+01 2.846126e+01
      vertex   2.800000e+00 2.055041e+01 2.823282e+01
    endloop
  endfacet
  facet normal 7.069850e-01 5.828461e-01 -4.005779e-01
    outer loop
      vertex   2.400000e+00 2.087401e+01 2.799771e+01
      vertex   2.800000e+00 2.055041e+01 2.823282e+01
      vertex   2.400000e+00 2.072278e+01 2.777766e+01
    endloop
  endfacet
  facet normal 7.069857e-01 5.828445e-01 -4.005791e-01
    outer loop
      vertex   2.400000e+00 2.072278e+01 2.777766e+01
      vertex   2.800000e+00 2.055041e+01 2.823282e+01
      vertex   2.800000e+00 2.038731e+01 2.799551e+01
    endloop
  endfacet
  facet normal 7.069857e-01 6.030115e-01 -3.695245e-01
    outer loop
      vertex   2.400000e+00 2.072278e+01 2.777766e+01
      vertex   2.800000e+00 2.038731e+01 2.799551e+01
      vertex   2.400000e+00 2.058327e+01 2.755000e+01
    endloop
  endfacet
  facet normal 7.069865e-01 6.030096e-01 -3.695261e-01
    outer loop
      vertex   2.400000e+00 2.058327e+01 2.755000e+01
      vertex   2.800000e+00 2.038731e+01 2.799551e+01
      vertex   2.800000e+00 2.023686e+01 2.775000e+01
    endloop
  endfacet
  facet normal 7.069866e-01 6.215211e-01 -3.374633e-01
    outer loop
      vertex   2.400000e+00 2.058327e+01 2.755000e+01
      vertex   2.800000e+00 2.023686e+01 2.775000e+01
      vertex   2.400000e+00 2.045587e+01 2.731535e+01
    endloop
  endfacet
  facet normal 7.069851e-01 6.215245e-01 -3.374602e-01
    outer loop
      vertex   2.400000e+00 2.045587e+01 2.731535e+01
      vertex   2.800000e+00 2.023686e+01 2.775000e+01
      vertex   2.800000e+00 2.009946e+01 2.749695e+01
    endloop
  endfacet
  facet normal 7.069850e-01 6.383347e-01 -3.044684e-01
    outer loop
      vertex   2.400000e+00 2.045587e+01 2.731535e+01
      vertex   2.800000e+00 2.009946e+01 2.749695e+01
      vertex   2.400000e+00 2.034092e+01 2.707436e+01
    endloop
  endfacet
  facet normal 7.069853e-01 6.383341e-01 -3.044690e-01
    outer loop
      vertex   2.400000e+00 2.034092e+01 2.707436e+01
      vertex   2.800000e+00 2.009946e+01 2.749695e+01
      vertex   2.800000e+00 1.997550e+01 2.723705e+01
    endloop
  endfacet
  facet normal 7.069853e-01 6.533931e-01 -2.706460e-01
    outer loop
      vertex   2.400000e+00 2.034092e+01 2.707436e+01
      vertex   2.800000e+00 1.997550e+01 2.723705e+01
      vertex   2.400000e+00 2.023874e+01 2.682768e+01
    endloop
  endfacet
  facet normal 7.069855e-01 6.533925e-01 -2.706467e-01
    outer loop
      vertex   2.400000e+00 2.023874e+01 2.682768e+01
      vertex   2.800000e+00 1.997550e+01 2.723705e+01
      vertex   2.800000e+00 1.986531e+01 2.697102e+01
    endloop
  endfacet
  facet normal 7.069855e-01 6.666637e-01 -2.360741e-01
    outer loop
      vertex   2.400000e+00 2.023874e+01 2.682768e+01
      vertex   2.800000e+00 1.986531e+01 2.697102e+01
      vertex   2.400000e+00 2.014961e+01 2.657599e+01
    endloop
  endfacet
  facet normal 7.069854e-01 6.666639e-01 -2.360738e-01
    outer loop
      vertex   2.400000e+00 2.014961e+01 2.657599e+01
      vertex   2.800000e+00 1.986531e+01 2.697102e+01
      vertex   2.800000e+00 1.976919e+01 2.669959e+01
    endloop
  endfacet
  facet normal 7.069855e-01 6.781038e-01 -2.008652e-01
    outer loop
      vertex   2.400000e+00 2.014961e+01 2.657599e+01
      vertex   2.800000e+00 1.976919e+01 2.669959e+01
      vertex   2.400000e+00 2.007378e+01 2.631998e+01
    endloop
  endfacet
  facet normal 7.069850e-01 6.781045e-01 -2.008642e-01
    outer loop
      vertex   2.400000e+00 2.007378e+01 2.631998e+01
      vertex   2.800000e+00 1.976919e+01 2.669959e+01
      vertex   2.800000e+00 1.968741e+01 2.642350e+01
    endloop
  endfacet
  facet normal 7.069851e-01 6.876880e-01 -1.650979e-01
    outer loop
      vertex   2.400000e+00 2.007378e+01 2.631998e+01
      vertex   2.800000e+00 1.968741e+01 2.642350e+01
      vertex   2.400000e+00 2.001145e+01 2.606035e+01
    endloop
  endfacet
  facet normal 7.069865e-01 6.876856e-01 -1.651017e-01
    outer loop
      vertex   2.400000e+00 2.001145e+01 2.606035e+01
      vertex   2.800000e+00 1.968741e+01 2.642350e+01
      vertex   2.800000e+00 1.962019e+01 2.614352e+01
    endloop
  endfacet
  facet normal 7.069866e-01 6.953842e-01 -1.288828e-01
    outer loop
      vertex   2.400000e+00 2.001145e+01 2.606035e+01
      vertex   2.800000e+00 1.962019e+01 2.614352e+01
      vertex   2.400000e+00 1.996279e+01 2.579782e+01
    endloop
  endfacet
  facet normal 7.069854e-01 6.953860e-01 -1.288796e-01
    outer loop
      vertex   2.400000e+00 1.996279e+01 2.579782e+01
      vertex   2.800000e+00 1.962019e+01 2.614352e+01
      vertex   2.800000e+00 1.956771e+01 2.586039e+01
    endloop
  endfacet
  facet normal 7.069854e-01 7.011778e-01 -9.231155e-02
    outer loop
      vertex   2.400000e+00 1.996279e+01 2.579782e+01
      vertex   2.800000e+00 1.956771e+01 2.586039e+01
      vertex   2.400000e+00 1.992794e+01 2.553309e+01
    endloop
  endfacet
  facet normal 7.069853e-01 7.011779e-01 -9.231141e-02
    outer loop
      vertex   2.400000e+00 1.992794e+01 2.553309e+01
      vertex   2.800000e+00 1.956771e+01 2.586039e+01
      vertex   2.800000e+00 1.953013e+01 2.557491e+01
    endloop
  endfacet
  facet normal 7.069852e-01 7.050483e-01 -5.548701e-02
    outer loop
      vertex   2.400000e+00 1.992794e+01 2.553309e+01
      vertex   2.800000e+00 1.953013e+01 2.557491e+01
      vertex   2.400000e+00 1.990699e+01 2.526691e+01
    endloop
  endfacet
  facet normal 7.069861e-01 7.050472e-01 -5.548952e-02
    outer loop
      vertex   2.400000e+00 1.990699e+01 2.526691e+01
      vertex   2.800000e+00 1.953013e+01 2.557491e+01
      vertex   2.800000e+00 1.950754e+01 2.528785e+01
    endloop
  endfacet
  facet normal 7.069861e-01 7.069850e-01 -1.851592e-02
    outer loop
      vertex   2.400000e+00 1.990699e+01 2.526691e+01
      vertex   2.800000e+00 1.950754e+01 2.528785e+01
      vertex   2.400000e+00 1.990000e+01 2.500000e+01
    endloop
  endfacet
  facet normal 7.069854e-01 7.069858e-01 -1.851379e-02
    outer loop
      vertex   2.400000e+00 1.990000e+01 2.500000e+01
      vertex   2.800000e+00 1.950754e+01 2.528785e+01
      vertex   2.800000e+00 1.950000e+01 2.500000e+01
    endloop
  endfacet
  facet normal 7.069853e-01 7.069858e-01 1.851595e-02
    outer loop
      vertex   2.400000e+00 1.990000e+01 2.500000e+01
      vertex   2.800000e+00 1.950000e+01 2.500000e+01
      vertex   2.400000e+00 1.990699e+01 2.473309e+01
    endloop
  endfacet
  facet normal 7.069861e-01 7.069851e-01 1.851377e-02
    outer loop
      vertex   2.400000e+00 1.990699e+01 2.473309e+01
      vertex   2.800000e+00 1.950000e+01 2.500000e+01
      vertex   2.800000e+00 1.950754e+01 2.471215e+01
    endloop
  endfacet
  facet normal 7.069861e-01 7.050474e-01 5.548694e-02
    outer loop
      vertex   2.400000e+00 1.990699e+01 2.473309e+01
      vertex   2.800000e+00 1.950754e+01 2.471215e+01
      vertex   2.400000e+00 1.992794e+01 2.446691e+01
    endloop
  endfacet
  facet normal 7.069852e-01 7.050481e-01 5.548959e-02
    outer loop
      vertex   2.400000e+00 1.992794e+01 2.446691e+01
      vertex   2.800000e+00 1.950754e+01 2.471215e+01
      vertex   2.800000e+00 1.953013e+01 2.442509e+01
    endloop
  endfacet
  facet normal 7.069853e-01 7.011778e-01 9.231156e-02
    outer loop
      vertex   2.400000e+00 1.992794e+01 2.446691e+01
      vertex   2.800000e+00 1.953013e+01 2.442509e+01
      vertex   2.400000e+00 1.996279e+01 2.420219e+01
    endloop
  endfacet
  facet normal 7.069854e-01 7.011778e-01 9.231140e-02
    outer loop
      vertex   2.400000e+00 1.996279e+01 2.420219e+01
      vertex   2.800000e+00 1.953013e+01 2.442509e+01
      vertex   2.800000e+00 1.956771e+01 2.413961e+01
    endloop
  endfacet
  facet normal 7.069854e-01 6.953854e-01 1.288830e-01
    outer loop
      vertex   2.400000e+00 1.996279e+01 2.420219e+01
      vertex   2.800000e+00 1.956771e+01 2.413961e+01
      vertex   2.400000e+00 2.001145e+01 2.393965e+01
    endloop
  endfacet
  facet normal 7.069866e-01 6.953848e-01 1.288794e-01
    outer loop
      vertex   2.400000e+00 2.001145e+01 2.393965e+01
      vertex   2.800000e+00 1.956771e+01 2.413961e+01
      vertex   2.800000e+00 1.962019e+01 2.385649e+01
    endloop
  endfacet
  facet normal 7.069866e-01 6.876865e-01 1.650975e-01
    outer loop
      vertex   2.400000e+00 2.001145e+01 2.393965e+01
      vertex   2.800000e+00 1.962019e+01 2.385649e+01
      vertex   2.400000e+00 2.007378e+01 2.368002e+01
    endloop
  endfacet
  facet normal 7.069851e-01 6.876870e-01 1.651020e-01
    outer loop
      vertex   2.400000e+00 2.007378e+01 2.368002e+01
      vertex   2.800000e+00 1.962019e+01 2.385649e+01
      vertex   2.800000e+00 1.968741e+01 2.357650e+01
    endloop
  endfacet
  facet normal 7.069850e-01 6.781042e-01 2.008653e-01
    outer loop
      vertex   2.400000e+00 2.007378e+01 2.368002e+01
      vertex   2.800000e+00 1.968741e+01 2.357650e+01
      vertex   2.400000e+00 2.014961e+01 2.342401e+01
    endloop
  endfacet
  facet normal 7.069854e-01 6.781041e-01 2.008640e-01
    outer loop
      vertex   2.400000e+00 2.014961e+01 2.342401e+01
      vertex   2.800000e+00 1.968741e+01 2.357650e+01
      vertex   2.800000e+00 1.976919e+01 2.330041e+01
    endloop
  endfacet
  facet normal 7.069854e-01 6.666638e-01 2.360741e-01
    outer loop
      vertex   2.400000e+00 2.014961e+01 2.342401e+01
      vertex   2.800000e+00 1.976919e+01 2.330041e+01
      vertex   2.400000e+00 2.023874e+01 2.317232e+01
    endloop
  endfacet
  facet normal 7.069855e-01 6.666638e-01 2.360738e-01
    outer loop
      vertex   2.400000e+00 2.023874e+01 2.317232e+01
      vertex   2.800000e+00 1.976919e+01 2.330041e+01
      vertex   2.800000e+00 1.986531e+01 2.302898e+01
    endloop
  endfacet
  facet normal 7.069856e-01 6.533928e-01 2.706459e-01
    outer loop
      vertex   2.400000e+00 2.023874e+01 2.317232e+01
      vertex   2.800000e+00 1.986531e+01 2.302898e+01
      vertex   2.400000e+00 2.034092e+01 2.292564e+01
    endloop
  endfacet
  facet normal 7.069853e-01 6.533928e-01 2.706468e-01
    outer loop
      vertex   2.400000e+00 2.034092e+01 2.292564e+01
      vertex   2.800000e+00 1.986531e+01 2.302898e+01
      vertex   2.800000e+00 1.997550e+01 2.276295e+01
    endloop
  endfacet
  facet normal 7.069853e-01 6.383345e-01 3.044682e-01
    outer loop
      vertex   2.400000e+00 2.034092e+01 2.292564e+01
      vertex   2.800000e+00 1.997550e+01 2.276295e+01
      vertex   2.400000e+00 2.045587e+01 2.268465e+01
    endloop
  endfacet
  facet normal 7.069850e-01 6.383344e-01 3.044691e-01
    outer loop
      vertex   2.400000e+00 2.045587e+01 2.268465e+01
      vertex   2.800000e+00 1.997550e+01 2.276295e+01
      vertex   2.800000e+00 2.009946e+01 2.250305e+01
    endloop
  endfacet
  facet normal 7.069850e-01 6.215225e-01 3.374640e-01
    outer loop
      vertex   2.400000e+00 2.045587e+01 2.268465e+01
      vertex   2.800000e+00 2.009946e+01 2.250305e+01
      vertex   2.400000e+00 2.058327e+01 2.245000e+01
    endloop
  endfacet
  facet normal 7.069865e-01 6.215233e-01 3.374595e-01
    outer loop
      vertex   2.400000e+00 2.058327e+01 2.245000e+01
      vertex   2.800000e+00 2.009946e+01 2.250305e+01
      vertex   2.800000e+00 2.023686e+01 2.225000e+01
    endloop
  endfacet
  facet normal 7.069865e-01 6.030108e-01 3.695240e-01
    outer loop
      vertex   2.400000e+00 2.058327e+01 2.245000e+01
      vertex   2.800000e+00 2.023686e+01 2.225000e+01
      vertex   2.400000e+00 2.072278e+01 2.222234e+01
    endloop
  endfacet
  facet normal 7.069857e-01 6.030103e-01 3.695265e-01
    outer loop
      vertex   2.400000e+00 2.072278e+01 2.222234e+01
      vertex   2.800000e+00 2.023686e+01 2.225000e+01
      vertex   2.800000e+00 2.038731e+01 2.200449e+01
    endloop
  endfacet
  facet normal 7.069857e-01 5.828455e-01 4.005775e-01
    outer loop
      vertex   2.400000e+00 2.072278e+01 2.222234e+01
      vertex   2.800000e+00 2.038731e+01 2.200449e+01
      vertex   2.400000e+00 2.087401e+01 2.200229e+01
    endloop
  endfacet
  facet normal 7.069850e-01 5.828450e-01 4.005794e-01
    outer loop
      vertex   2.400000e+00 2.087401e+01 2.200229e+01
      vertex   2.800000e+00 2.038731e+01 2.200449e+01
      vertex   2.800000e+00 2.055041e+01 2.176718e+01
    endloop
  endfacet
  facet normal 7.069850e-01 5.610811e-01 4.305348e-01
    outer loop
      vertex   2.400000e+00 2.087401e+01 2.200229e+01
      vertex   2.800000e+00 2.055041e+01 2.176718e+01
      vertex   2.400000e+00 2.103656e+01 2.179047e+01
    endloop
  endfacet
  facet normal 7.069865e-01 5.610826e-01 4.305303e-01
    outer loop
      vertex   2.400000e+00 2.103656e+01 2.179047e+01
      vertex   2.800000e+00 2.055041e+01 2.176718e+01
      vertex   2.800000e+00 2.072570e+01 2.153874e+01
    endloop
  endfacet
  facet normal 7.069866e-01 5.377804e-01 4.593062e-01
    outer loop
      vertex   2.400000e+00 2.103656e+01 2.179047e+01
      vertex   2.800000e+00 2.072570e+01 2.153874e+01
      vertex   2.400000e+00 2.120996e+01 2.158744e+01
    endloop
  endfacet
  facet normal 7.069862e-01 5.377800e-01 4.593073e-01
    outer loop
      vertex   2.400000e+00 2.120996e+01 2.158744e+01
      vertex   2.800000e+00 2.072570e+01 2.153874e+01
      vertex   2.800000e+00 2.091270e+01 2.131978e+01
    endloop
  endfacet
  facet normal 7.069862e-01 5.130062e-01 4.868214e-01
    outer loop
      vertex   2.400000e+00 2.120996e+01 2.158744e+01
      vertex   2.800000e+00 2.091270e+01 2.131978e+01
      vertex   2.400000e+00 2.139376e+01 2.139376e+01
    endloop
  endfacet
  facet normal 7.069856e-01 5.130055e-01 4.868231e-01
    outer loop
      vertex   2.400000e+00 2.139376e+01 2.139376e+01
      vertex   2.800000e+00 2.091270e+01 2.131978e+01
      vertex   2.800000e+00 2.111091e+01 2.111091e+01
    endloop
  endfacet
  facet normal 7.069856e-01 4.868218e-01 5.130067e-01
    outer loop
      vertex   2.400000e+00 2.139376e+01 2.139376e+01
      vertex   2.800000e+00 2.111091e+01 2.111091e+01
      vertex   2.400000e+00 2.158744e+01 2.120996e+01
    endloop
  endfacet
  facet normal 7.069862e-01 4.868227e-01 5.130051e-01
    outer loop
      vertex   2.400000e+00 2.158744e+01 2.120996e+01
      vertex   2.800000e+00 2.111091e+01 2.111091e+01
      vertex   2.800000e+00 2.131978e+01 2.091270e+01
    endloop
  endfacet
  facet normal 7.069862e-01 4.593065e-01 5.377807e-01
    outer loop
      vertex   2.400000e+00 2.158744e+01 2.120996e+01
      vertex   2.800000e+00 2.131978e+01 2.091270e+01
      vertex   2.400000e+00 2.179047e+01 2.103656e+01
    endloop
  endfacet
  facet normal 7.069865e-01 4.593071e-01 5.377797e-01
    outer loop
      vertex   2.400000e+00 2.179047e+01 2.103656e+01
      vertex   2.800000e+00 2.131978e+01 2.091270e+01
      vertex   2.800000e+00 2.153874e+01 2.072570e+01
    endloop
  endfacet
  facet normal 7.069866e-01 4.305339e-01 5.610798e-01
    outer loop
      vertex   2.400000e+00 2.179047e+01 2.103656e+01
      vertex   2.800000e+00 2.153874e+01 2.072570e+01
      vertex   2.400000e+00 2.200229e+01 2.087401e+01
    endloop
  endfacet
  facet normal 7.069850e-01 4.305312e-01 5.610838e-01
    outer loop
      vertex   2.400000e+00 2.200229e+01 2.087401e+01
      vertex   2.800000e+00 2.153874e+01 2.072570e+01
      vertex   2.800000e+00 2.176718e+01 2.055041e+01
    endloop
  endfacet
  facet normal 7.069850e-01 4.005779e-01 5.828461e-01
    outer loop
      vertex   2.400000e+00 2.200229e+01 2.087401e+01
      vertex   2.800000e+00 2.176718e+01 2.055041e+01
      vertex   2.400000e+00 2.222234e+01 2.072278e+01
    endloop
  endfacet
  facet normal 7.069857e-01 4.005791e-01 5.828445e-01
    outer loop
      vertex   2.400000e+00 2.222234e+01 2.072278e+01
      vertex   2.800000e+00 2.176718e+01 2.055041e+01
      vertex   2.800000e+00 2.200449e+01 2.038731e+01
    endloop
  endfacet
  facet normal 7.069857e-01 3.695245e-01 6.030115e-01
    outer loop
      vertex   2.400000e+00 2.222234e+01 2.072278e+01
      vertex   2.800000e+00 2.200449e+01 2.038731e+01
      vertex   2.400000e+00 2.245000e+01 2.058327e+01
    endloop
  endfacet
  facet normal 7.069865e-01 3.695261e-01 6.030096e-01
    outer loop
      vertex   2.400000e+00 2.245000e+01 2.058327e+01
      vertex   2.800000e+00 2.200449e+01 2.038731e+01
      vertex   2.800000e+00 2.225000e+01 2.023686e+01
    endloop
  endfacet
  facet normal 7.069866e-01 3.374633e-01 6.215211e-01
    outer loop
      vertex   2.400000e+00 2.245000e+01 2.058327e+01
      vertex   2.800000e+00 2.225000e+01 2.023686e+01
      vertex   2.400000e+00 2.268465e+01 2.045587e+01
    endloop
  endfacet
  facet normal 7.069851e-01 3.374602e-01 6.215245e-01
    outer loop
      vertex   2.400000e+00 2.268465e+01 2.045587e+01
      vertex   2.800000e+00 2.225000e+01 2.023686e+01
      vertex   2.800000e+00 2.250305e+01 2.009946e+01
    endloop
  endfacet
  facet normal 7.069850e-01 3.044684e-01 6.383347e-01
    outer loop
      vertex   2.400000e+00 2.268465e+01 2.045587e+01
      vertex   2.800000e+00 2.250305e+01 2.009946e+01
      vertex   2.400000e+00 2.292564e+01 2.034092e+01
    endloop
  endfacet
  facet normal 7.069853e-01 3.044690e-01 6.383341e-01
    outer loop
      vertex   2.400000e+00 2.292564e+01 2.034092e+01
      vertex   2.800000e+00 2.250305e+01 2.009946e+01
      vertex   2.800000e+00 2.276295e+01 1.997550e+01
    endloop
  endfacet
  facet normal 7.069853e-01 2.706460e-01 6.533931e-01
    outer loop
      vertex   2.400000e+00 2.292564e+01 2.034092e+01
      vertex   2.800000e+00 2.276295e+01 1.997550e+01
      vertex   2.400000e+00 2.317232e+01 2.023874e+01
    endloop
  endfacet
  facet normal 7.069855e-01 2.706467e-01 6.533925e-01
    outer loop
      vertex   2.400000e+00 2.317232e+01 2.023874e+01
      vertex   2.800000e+00 2.276295e+01 1.997550e+01
      vertex   2.800000e+00 2.302898e+01 1.986531e+01
    endloop
  endfacet
  facet normal 7.069855e-01 2.360741e-01 6.666637e-01
    outer loop
      vertex   2.400000e+00 2.317232e+01 2.023874e+01
      vertex   2.800000e+00 2.302898e+01 1.986531e+01
      vertex   2.400000e+00 2.342401e+01 2.014961e+01
    endloop
  endfacet
  facet normal 7.069854e-01 2.360738e-01 6.666639e-01
    outer loop
      vertex   2.400000e+00 2.342401e+01 2.014961e+01
      vertex   2.800000e+00 2.302898e+01 1.986531e+01
      vertex   2.800000e+00 2.330041e+01 1.976919e+01
    endloop
  endfacet
  facet normal 7.069855e-01 2.008652e-01 6.781038e-01
    outer loop
      vertex   2.400000e+00 2.342401e+01 2.014961e+01
      vertex   2.800000e+00 2.330041e+01 1.976919e+01
      vertex   2.400000e+00 2.368002e+01 2.007378e+01
    endloop
  endfacet
  facet normal 7.069850e-01 2.008642e-01 6.781045e-01
    outer loop
      vertex   2.400000e+00 2.368002e+01 2.007378e+01
      vertex   2.800000e+00 2.330041e+01 1.976919e+01
      vertex   2.800000e+00 2.357650e+01 1.968741e+01
    endloop
  endfacet
  facet normal 7.069851e-01 1.650979e-01 6.876880e-01
    outer loop
      vertex   2.400000e+00 2.368002e+01 2.007378e+01
      vertex   2.800000e+00 2.357650e+01 1.968741e+01
      vertex   2.400000e+00 2.393965e+01 2.001145e+01
    endloop
  endfacet
  facet normal 7.069865e-01 1.651017e-01 6.876856e-01
    outer loop
      vertex   2.400000e+00 2.393965e+01 2.001145e+01
      vertex   2.800000e+00 2.357650e+01 1.968741e+01
      vertex   2.800000e+00 2.385649e+01 1.962019e+01
    endloop
  endfacet
  facet normal 7.069866e-01 1.288828e-01 6.953842e-01
    outer loop
      vertex   2.400000e+00 2.393965e+01 2.001145e+01
      vertex   2.800000e+00 2.385649e+01 1.962019e+01
      vertex   2.400000e+00 2.420219e+01 1.996279e+01
    endloop
  endfacet
  facet normal 7.069854e-01 1.288796e-01 6.953860e-01
    outer loop
      vertex   2.400000e+00 2.420219e+01 1.996279e+01
      vertex   2.800000e+00 2.385649e+01 1.962019e+01
      vertex   2.800000e+00 2.413961e+01 1.956771e+01
    endloop
  endfacet
  facet normal 7.069854e-01 9.231155e-02 7.011778e-01
    outer loop
      vertex   2.400000e+00 2.420219e+01 1.996279e+01
      vertex   2.800000e+00 2.413961e+01 1.956771e+01
      vertex   2.400000e+00 2.446691e+01 1.992794e+01
    endloop
  endfacet
  facet normal 7.069853e-01 9.231141e-02 7.011779e-01
    outer loop
      vertex   2.400000e+00 2.446691e+01 1.992794e+01
      vertex   2.800000e+00 2.413961e+01 1.956771e+01
      vertex   2.800000e+00 2.442509e+01 1.953013e+01
    endloop
  endfacet
  facet normal 7.069852e-01 5.548701e-02 7.050483e-01
    outer loop
      vertex   2.400000e+00 2.446691e+01 1.992794e+01
      vertex   2.800000e+00 2.442509e+01 1.953013e+01
      vertex   2.400000e+00 2.473309e+01 1.990699e+01
    endloop
  endfacet
  facet normal 7.069861e-01 5.548952e-02 7.050472e-01
    outer loop
      vertex   2.400000e+00 2.473309e+01 1.990699e+01
      vertex   2.800000e+00 2.442509e+01 1.953013e+01
      vertex   2.800000e+00 2.471215e+01 1.950754e+01
    endloop
  endfacet
  facet normal 7.069861e-01 1.851592e-02 7.069850e-01
    outer loop
      vertex   2.400000e+00 2.473309e+01 1.990699e+01
      vertex   2.800000e+00 2.471215e+01 1.950754e+01
      vertex   2.400000e+00 2.500000e+01 1.990000e+01
    endloop
  endfacet
  facet normal 7.069854e-01 1.851379e-02 7.069858e-01
    outer loop
      vertex   2.400000e+00 2.500000e+01 1.990000e+01
      vertex   2.800000e+00 2.471215e+01 1.950754e+01
      vertex   2.800000e+00 2.500000e+01 1.950000e+01
    endloop
  endfacet
  facet normal 7.069853e-01 -1.851595e-02 7.069858e-01
    outer loop
      vertex   2.400000e+00 2.500000e+01 1.990000e+01
      vertex   2.800000e+00 2.500000e+01 1.950000e+01
      vertex   2.400000e+00 2.526691e+01 1.990699e+01
    endloop
  endfacet
  facet normal 7.069861e-01 -1.851377e-02 7.069851e-01
    outer loop
      vertex   2.400000e+00 2.526691e+01 1.990699e+01
      vertex   2.800000e+00 2.500000e+01 1.950000e+01
      vertex   2.800000e+00 2.528785e+01 1.950754e+01
    endloop
  endfacet
  facet normal 7.069861e-01 -5.548694e-02 7.050474e-01
    outer loop
      vertex   2.400000e+00 2.526691e+01 1.990699e+01
      vertex   2.800000e+00 2.528785e+01 1.950754e+01
      vertex   2.400000e+00 2.553309e+01 1.992794e+01
    endloop
  endfacet
  facet normal 7.069852e-01 -5.548959e-02 7.050481e-01
    outer loop
      vertex   2.400000e+00 2.553309e+01 1.992794e+01
      vertex   2.800000e+00 2.528785e+01 1.950754e+01
      vertex   2.800000e+00 2.557491e+01 1.953013e+01
    endloop
  endfacet
  facet normal 7.069853e-01 -9.231156e-02 7.011778e-01
    outer loop
      vertex   2.400000e+00 2.553309e+01 1.992794e+01
      vertex   2.800000e+00 2.557491e+01 1.953013e+01
      vertex   2.400000e+00 2.579782e+01 1.996279e+01
    endloop
  endfacet
  facet normal 7.069854e-01 -9.231140e-02 7.011778e-01
    outer loop
      vertex   2.400000e+00 2.579782e+01 1.996279e+01
      vertex   2.800000e+00 2.557491e+01 1.953013e+01
      vertex   2.800000e+00 2.586039e+01 1.956771e+01
    endloop
  endfacet
  facet normal 7.069854e-01 -1.288830e-01 6.953854e-01
    outer loop
      vertex   2.400000e+00 2.579782e+01 1.996279e+01
      vertex   2.800000e+00 2.586039e+01 1.956771e+01
      vertex   2.400000e+00 2.606035e+01 2.001145e+01
    endloop
  endfacet
  facet normal 7.069866e-01 -1.288794e-01 6.953848e-01
    outer loop
      vertex   2.400000e+00 2.606035e+01 2.001145e+01
      vertex   2.800000e+00 2.586039e+01 1.956771e+01
      vertex   2.800000e+00 2.614352e+01 1.962019e+01
    endloop
  endfacet
  facet normal 7.069866e-01 -1.650975e-01 6.876865e-01
    outer loop
      vertex   2.400000e+00 2.606035e+01 2.001145e+01
      vertex   2.800000e+00 2.614352e+01 1.962019e+01
      vertex   2.400000e+00 2.631998e+01 2.007378e+01
    endloop
  endfacet
  facet normal 7.069851e-01 -1.651020e-01 6.876870e-01
    outer loop
      vertex   2.400000e+00 2.631998e+01 2.007378e+01
      vertex   2.800000e+00 2.614352e+01 1.962019e+01
      vertex   2.800000e+00 2.642350e+01 1.968741e+01
    endloop
  endfacet
  facet normal 7.069850e-01 -2.008653e-01 6.781042e-01
    outer loop
      vertex   2.400000e+00 2.631998e+01 2.007378e+01
      vertex   2.800000e+00 2.642350e+01 1.968741e+01
      vertex   2.400000e+00 2.657599e+01 2.014961e+01
    endloop
  endfacet
  facet normal 7.069854e-01 -2.008640e-01 6.781041e-01
    outer loop
      vertex   2.400000e+00 2.657599e+01 2.014961e+01
      vertex   2.800000e+00 2.642350e+01 1.968741e+01
      vertex   2.800000e+00 2.669959e+01 1.976919e+01
    endloop
  endfacet
  facet normal 7.069854e-01 -2.360741e-01 6.666638e-01
    outer loop
      vertex   2.400000e+00 2.657599e+01 2.014961e+01
      vertex   2.800000e+00 2.669959e+01 1.976919e+01
      vertex   2.400000e+00 2.682768e+01 2.023874e+01
    endloop
  endfacet
  facet normal 7.069855e-01 -2.360738e-01 6.666638e-01
    outer loop
      vertex   2.400000e+00 2.682768e+01 2.023874e+01
      vertex   2.800000e+00 2.669959e+01 1.976919e+01
      vertex   2.800000e+00 2.697102e+01 1.986531e+01
    endloop
  endfacet
  facet normal 7.069856e-01 -2.706459e-01 6.533928e-01
    outer loop
      vertex   2.400000e+00 2.682768e+01 2.023874e+01
      vertex   2.800000e+00 2.697102e+01 1.986531e+01
      vertex   2.400000e+00 2.707436e+01 2.034092e+01
    endloop
  endfacet
  facet normal 7.069853e-01 -2.706468e-01 6.533928e-01
    outer loop
      vertex   2.400000e+00 2.707436e+01 2.034092e+01
      vertex   2.800000e+00 2.697102e+01 1.986531e+01
      vertex   2.800000e+00 2.723705e+01 1.997550e+01
    endloop
  endfacet
  facet normal 7.069853e-01 -3.044682e-01 6.383345e-01
    outer loop
      vertex   2.400000e+00 2.707436e+01 2.034092e+01
      vertex   2.800000e+00 2.723705e+01 1.997550e+01
      vertex   2.400000e+00 2.731535e+01 2.045587e+01
    endloop
  endfacet
  facet normal 7.069850e-01 -3.044691e-01 6.383344e-01
    outer loop
      vertex   2.400000e+00 2.731535e+01 2.045587e+01
      vertex   2.800000e+00 2.723705e+01 1.997550e+01
      vertex   2.800000e+00 2.749695e+01 2.009946e+01
    endloop
  endfacet
  facet normal 7.069850e-01 -3.374640e-01 6.215225e-01
    outer loop
      vertex   2.400000e+00 2.731535e+01 2.045587e+01
      vertex   2.800000e+00 2.749695e+01 2.009946e+01
      vertex   2.400000e+00 2.755000e+01 2.058327e+01
    endloop
  endfacet
  facet normal 7.069865e-01 -3.374595e-01 6.215233e-01
    outer loop
      vertex   2.400000e+00 2.755000e+01 2.058327e+01
      vertex   2.800000e+00 2.749695e+01 2.009946e+01
      vertex   2.800000e+00 2.775000e+01 2.023686e+01
    endloop
  endfacet
  facet normal 7.069865e-01 -3.695240e-01 6.030108e-01
    outer loop
      vertex   2.400000e+00 2.755000e+01 2.058327e+01
      vertex   2.800000e+00 2.775000e+01 2.023686e+01
      vertex   2.400000e+00 2.777766e+01 2.072278e+01
    endloop
  endfacet
  facet normal 7.069857e-01 -3.695265e-01 6.030103e-01
    outer loop
      vertex   2.400000e+00 2.777766e+01 2.072278e+01
      vertex   2.800000e+00 2.775000e+01 2.023686e+01
      vertex   2.800000e+00 2.799551e+01 2.038731e+01
    endloop
  endfacet
  facet normal 7.069857e-01 -4.005775e-01 5.828455e-01
    outer loop
      vertex   2.400000e+00 2.777766e+01 2.072278e+01
      vertex   2.800000e+00 2.799551e+01 2.038731e+01
      vertex   2.400000e+00 2.799771e+01 2.087401e+01
    endloop
  endfacet
  facet normal 7.069850e-01 -4.005794e-01 5.828450e-01
    outer loop
      vertex   2.400000e+00 2.799771e+01 2.087401e+01
      vertex   2.800000e+00 2.799551e+01 2.038731e+01
      vertex   2.800000e+00 2.823282e+01 2.055041e+01
    endloop
  endfacet
  facet normal 7.069850e-01 -4.305348e-01 5.610811e-01
    outer loop
      vertex   2.400000e+00 2.799771e+01 2.087401e+01
      vertex   2.800000e+00 2.823282e+01 2.055041e+01
      vertex   2.400000e+00 2.820953e+01 2.103656e+01
    endloop
  endfacet
  facet normal 7.069865e-01 -4.305303e-01 5.610826e-01
    outer loop
      vertex   2.400000e+00 2.820953e+01 2.103656e+01
      vertex   2.800000e+00 2.823282e+01 2.055041e+01
      vertex   2.800000e+00 2.846126e+01 2.072570e+01
    endloop
  endfacet
  facet normal 7.069866e-01 -4.593062e-01 5.377804e-01
    outer loop
      vertex   2.400000e+00 2.820953e+01 2.103656e+01
      vertex   2.800000e+00 2.846126e+01 2.072570e+01
      vertex   2.400000e+00 2.841257e+01 2.120996e+01
    endloop
  endfacet
  facet normal 7.069862e-01 -4.593073e-01 5.377800e-01
    outer loop
      vertex   2.400000e+00 2.841257e+01 2.120996e+01
      vertex   2.800000e+00 2.846126e+01 2.072570e+01
      vertex   2.800000e+00 2.868022e+01 2.091270e+01
    endloop
  endfacet
  facet normal 7.069862e-01 -4.868214e-01 5.130062e-01
    outer loop
      vertex   2.400000e+00 2.841257e+01 2.120996e+01
      vertex   2.800000e+00 2.868022e+01 2.091270e+01
      vertex   2.400000e+00 2.860625e+01 2.139376e+01
    endloop
  endfacet
  facet normal 7.069856e-01 -4.868231e-01 5.130055e-01
    outer loop
      vertex   2.400000e+00 2.860625e+01 2.139376e+01
      vertex   2.800000e+00 2.868022e+01 2.091270e+01
      vertex   2.800000e+00 2.888909e+01 2.111091e+01
    endloop
  endfacet
  facet normal 7.069856e-01 -5.130067e-01 4.868218e-01
    outer loop
      vertex   2.400000e+00 2.860625e+01 2.139376e+01
      vertex   2.800000e+00 2.888909e+01 2.111091e+01
      vertex   2.400000e+00 2.879004e+01 2.158744e+01
    endloop
  endfacet
  facet normal 7.069862e-01 -5.130051e-01 4.868227e-01
    outer loop
      vertex   2.400000e+00 2.879004e+01 2.158744e+01
      vertex   2.800000e+00 2.888909e+01 2.111091e+01
      vertex   2.800000e+00 2.908730e+01 2.131978e+01
    endloop
  endfacet
  facet normal 7.069862e-01 -5.377807e-01 4.593065e-01
    outer loop
      vertex   2.400000e+00 2.879004e+01 2.158744e+01
      vertex   2.800000e+00 2.908730e+01 2.131978e+01
      vertex   2.400000e+00 2.896344e+01 2.179047e+01
    endloop
  endfacet
  facet normal 7.069865e-01 -5.377797e-01 4.593071e-01
    outer loop
      vertex   2.400000e+00 2.896344e+01 2.179047e+01
      vertex   2.800000e+00 2.908730e+01 2.131978e+01
      vertex   2.800000e+00 2.927430e+01 2.153874e+01
    endloop
  endfacet
  facet normal 7.069866e-01 -5.610798e-01 4.305339e-01
    outer loop
      vertex   2.400000e+00 2.896344e+01 2.179047e+01
      vertex   2.800000e+00 2.927430e+01 2.153874e+01
      vertex   2.400000e+00 2.912599e+01 2.200229e+01
    endloop
  endfacet
  facet normal 7.069850e-01 -5.610838e-01 4.305312e-01
    outer loop
      vertex   2.400000e+00 2.912599e+01 2.200229e+01
      vertex   2.800000e+00 2.927430e+01 2.153874e+01
      vertex   2.800000e+00 2.944959e+01 2.176718e+01
    endloop
  endfacet
  facet normal 7.069850e-01 -5.828461e-01 4.005779e-01
    outer loop
      vertex   2.400000e+00 2.912599e+01 2.200229e+01
      vertex   2.800000e+00 2.944959e+01 2.176718e+01
      vertex   2.400000e+00 2.927722e+01 2.222234e+01
    endloop
  endfacet
  facet normal 7.069857e-01 -5.828445e-01 4.005791e-01
    outer loop
      vertex   2.400000e+00 2.927722e+01 2.222234e+01
      vertex   2.800000e+00 2.944959e+01 2.176718e+01
      vertex   2.800000e+00 2.961269e+01 2.200449e+01
    endloop
  endfacet
  facet normal 7.069857e-01 -6.030115e-01 3.695245e-01
    outer loop
      vertex   2.400000e+00 2.927722e+01 2.222234e+01
      vertex   2.800000e+00 2.961269e+01 2.200449e+01
      vertex   2.400000e+00 2.941673e+01 2.245000e+01
    endloop
  endfacet
  facet normal 7.069865e-01 -6.030096e-01 3.695261e-01
    outer loop
      vertex   2.400000e+00 2.941673e+01 2.245000e+01
      vertex   2.800000e+00 2.961269e+01 2.200449e+01
      vertex   2.800000e+00 2.976314e+01 2.225000e+01
    endloop
  endfacet
  facet normal 7.069866e-01 -6.215211e-01 3.374633e-01
    outer loop
      vertex   2.400000e+00 2.941673e+01 2.245000e+01
      vertex   2.800000e+00 2.976314e+01 2.225000e+01
      vertex   2.400000e+00 2.954413e+01 2.268465e+01
    endloop
  endfacet
  facet normal 7.069851e-01 -6.215245e-01 3.374602e-01
    outer loop
      vertex   2.400000e+00 2.954413e+01 2.268465e+01
      vertex   2.800000e+00 2.976314e+01 2.225000e+01
      vertex   2.800000e+00 2.990054e+01 2.250305e+01
    endloop
  endfacet
  facet normal 7.069850e-01 -6.383347e-01 3.044684e-01
    outer loop
      vertex   2.400000e+00 2.954413e+01 2.268465e+01
      vertex   2.800000e+00 2.990054e+01 2.250305e+01
      vertex   2.400000e+00 2.965908e+01 2.292564e+01
    endloop
  endfacet
  facet normal 7.069853e-01 -6.383341e-01 3.044690e-01
    outer loop
      vertex   2.400000e+00 2.965908e+01 2.292564e+01
      vertex   2.800000e+00 2.990054e+01 2.250305e+01
      vertex   2.800000e+00 3.002450e+01 2.276295e+01
    endloop
  endfacet
  facet normal 7.069853e-01 -6.533931e-01 2.706460e-01
    outer loop
      vertex   2.400000e+00 2.965908e+01 2.292564e+01
      vertex   2.800000e+00 3.002450e+01 2.276295e+01
      vertex   2.400000e+00 2.976126e+01 2.317232e+01
    endloop
  endfacet
  facet normal 7.069855e-01 -6.533925e-01 2.706467e-01
    outer loop
      vertex   2.400000e+00 2.976126e+01 2.317232e+01
      vertex   2.800000e+00 3.002450e+01 2.276295e+01
      vertex   2.800000e+00 3.013469e+01 2.302898e+01
    endloop
  endfacet
  facet normal 7.069855e-01 -6.666637e-01 2.360741e-01
    outer loop
      vertex   2.400000e+00 2.976126e+01 2.317232e+01
      vertex   2.800000e+00 3.013469e+01 2.302898e+01
      vertex   2.400000e+00 2.985039e+01 2.342401e+01
    endloop
  endfacet
  facet normal 7.069854e-01 -6.666639e-01 2.360738e-01
    outer loop
      vertex   2.400000e+00 2.985039e+01 2.342401e+01
      vertex   2.800000e+00 3.013469e+01 2.302898e+01
      vertex   2.800000e+00 3.023081e+01 2.330041e+01
    endloop
  endfacet
  facet normal 7.069855e-01 -6.781038e-01 2.008652e-01
    outer loop
      vertex   2.400000e+00 2.985039e+01 2.342401e+01
      vertex   2.800000e+00 3.023081e+01 2.330041e+01
      vertex   2.400000e+00 2.992622e+01 2.368002e+01
    endloop
  endfacet
  facet normal 7.069850e-01 -6.781045e-01 2.008642e-01
    outer loop
      vertex   2.400000e+00 2.992622e+01 2.368002e+01
      vertex   2.800000e+00 3.023081e+01 2.330041e+01
      vertex   2.800000e+00 3.031259e+01 2.357650e+01
    endloop
  endfacet
  facet normal 7.069851e-01 -6.876880e-01 1.650979e-01
    outer loop
      vertex   2.400000e+00 2.992622e+01 2.368002e+01
      vertex   2.800000e+00 3.031259e+01 2.357650e+01
      vertex   2.400000e+00 2.998855e+01 2.393965e+01
    endloop
  endfacet
  facet normal 7.069865e-01 -6.876856e-01 1.651017e-01
    outer loop
      vertex   2.400000e+00 2.998855e+01 2.393965e+01
      vertex   2.800000e+00 3.031259e+01 2.357650e+01
      vertex   2.800000e+00 3.037981e+01 2.385649e+01
    endloop
  endfacet
  facet normal 7.069866e-01 -6.953842e-01 1.288828e-01
    outer loop
      vertex   2.400000e+00 2.998855e+01 2.393965e+01
      vertex   2.800000e+00 3.037981e+01 2.385649e+01
      vertex   2.400000e+00 3.003721e+01 2.420219e+01
    endloop
  endfacet
  facet normal 7.069854e-01 -6.953860e-01 1.288796e-01
    outer loop
      vertex   2.400000e+00 3.003721e+01 2.420219e+01
      vertex   2.800000e+00 3.037981e+01 2.385649e+01
      vertex   2.800000e+00 3.043229e+01 2.413961e+01
    endloop
  endfacet
  facet normal 7.069854e-01 -7.011778e-01 9.231155e-02
    outer loop
      vertex   2.400000e+00 3.003721e+01 2.420219e+01
      vertex   2.800000e+00 3.043229e+01 2.413961e+01
      vertex   2.400000e+00 3.007206e+01 2.446691e+01
    endloop
  endfacet
  facet normal 7.069853e-01 -7.011779e-01 9.231141e-02
    outer loop
      vertex   2.400000e+00 3.007206e+01 2.446691e+01
      vertex   2.800000e+00 3.043229e+01 2.413961e+01
      vertex   2.800000e+00 3.046987e+01 2.442509e+01
    endloop
  endfacet
  facet normal 7.069852e-01 -7.050483e-01 5.548701e-02
    outer loop
      vertex   2.400000e+00 3.007206e+01 2.446691e+01
      vertex   2.800000e+00 3.046987e+01 2.442509e+01
      vertex   2.400000e+00 3.009301e+01 2.473309e+01
    endloop
  endfacet
  facet normal 7.069861e-01 -7.050472e-01 5.548952e-02
    outer loop
      vertex   2.400000e+00 3.009301e+01 2.473309e+01
      vertex   2.800000e+00 3.046987e+01 2.442509e+01
      vertex   2.800000e+00 3.049246e+01 2.471215e+01
    endloop
  endfacet
  facet normal 7.069861e-01 -7.069850e-01 1.851592e-02
    outer loop
      vertex   2.400000e+00 3.009301e+01 2.473309e+01
      vertex   2.800000e+00 3.049246e+01 2.471215e+01
      vertex   2.400000e+00 3.010000e+01 2.500000e+01
    endloop
  endfacet
  facet normal 7.069854e-01 -7.069858e-01 1.851379e-02
    outer loop
      vertex   2.400000e+00 3.010000e+01 2.500000e+01
      vertex   2.800000e+00 3.049246e+01 2.471215e+01
      vertex   2.800000e+00 3.050000e+01 2.500000e+01
    endloop
  endfacet
  facet normal 7.069853e-01 -7.069858e-01 -1.851595e-02
    outer loop
      vertex   2.400000e+00 3.010000e+01 2.500000e+01
      vertex   2.800000e+00 3.050000e+01 2.500000e+01
      vertex   2.400000e+00 3.009301e+01 2.526691e+01
    endloop
  endfacet
  facet normal 7.069861e-01 -7.069851e-01 -1.851377e-02
    outer loop
      vertex   2.400000e+00 3.009301e+01 2.526691e+01
      vertex   2.800000e+00 3.050000e+01 2.500000e+01
      vertex   2.800000e+00 3.049246e+01 2.528785e+01
    endloop
  endfacet
  facet normal 7.069861e-01 -7.050474e-01 -5.548694e-02
    outer loop
      vertex   2.400000e+00 3.009301e+01 2.526691e+01
      vertex   2.800000e+00 3.049246e+01 2.528785e+01
      vertex   2.400000e+00 3.007206e+01 2.553309e+01
    endloop
  endfacet
  facet normal 7.069852e-01 -7.050481e-01 -5.548959e-02
    outer loop
      vertex   2.400000e+00 3.007206e+01 2.553309e+01
      vertex   2.800000e+00 3.049246e+01 2.528785e+01
      vertex   2.800000e+00 3.046987e+01 2.557491e+01
    endloop
  endfacet
  facet normal 7.069853e-01 -7.011778e-01 -9.231156e-02
    outer loop
      vertex   2.400000e+00 3.007206e+01 2.553309e+01
      vertex   2.800000e+00 3.046987e+01 2.557491e+01
      vertex   2.400000e+00 3.003721e+01 2.579782e+01
    endloop
  endfacet
  facet normal 7.069854e-01 -7.011778e-01 -9.231140e-02
    outer loop
      vertex   2.400000e+00 3.003721e+01 2.579782e+01
      vertex   2.800000e+00 3.046987e+01 2.557491e+01
      vertex   2.800000e+00 3.043229e+01 2.586039e+01
    endloop
  endfacet
  facet normal 7.069854e-01 -6.953854e-01 -1.288830e-01
    outer loop
      vertex   2.400000e+00 3.003721e+01 2.579782e+01
      vertex   2.800000e+00 3.043229e+01 2.586039e+01
      vertex   2.400000e+00 2.998855e+01 2.606035e+01
    endloop
  endfacet
  facet normal 7.069866e-01 -6.953848e-01 -1.288794e-01
    outer loop
      vertex   2.400000e+00 2.998855e+01 2.606035e+01
      vertex   2.800000e+00 3.043229e+01 2.586039e+01
      vertex   2.800000e+00 3.037981e+01 2.614352e+01
    endloop
  endfacet
  facet normal 7.069866e-01 -6.876865e-01 -1.650975e-01
    outer loop
      vertex   2.400000e+00 2.998855e+01 2.606035e+01
      vertex   2.800000e+00 3.037981e+01 2.614352e+01
      vertex   2.400000e+00 2.992622e+01 2.631998e+01
    endloop
  endfacet
  facet normal 7.069851e-01 -6.876870e-01 -1.651020e-01
    outer loop
      vertex   2.400000e+00 2.992622e+01 2.631998e+01
      vertex   2.800000e+00 3.037981e+01 2.614352e+01
      vertex   2.800000e+00 3.031259e+01 2.642350e+01
    endloop
  endfacet
  facet normal 7.069850e-01 -6.781042e-01 -2.008653e-01
    outer loop
      vertex   2.400000e+00 2.992622e+01 2.631998e+01
      vertex   2.800000e+00 3.031259e+01 2.642350e+01
      vertex   2.400000e+00 2.985039e+01 2.657599e+01
    endloop
  endfacet
  facet normal 7.069854e-01 -6.781041e-01 -2.008640e-01
    outer loop
      vertex   2.400000e+00 2.985039e+01 2.657599e+01
      vertex   2.800000e+00 3.031259e+01 2.642350e+01
      vertex   2.800000e+00 3.023081e+01 2.669959e+01
    endloop
  endfacet
  facet normal 7.069854e-01 -6.666638e-01 -2.360741e-01
    outer loop
      vertex   2.400000e+00 2.985039e+01 2.657599e+01
      vertex   2.800000e+00 3.023081e+01 2.669959e+01
      vertex   2.400000e+00 2.976126e+01 2.682768e+01
    endloop
  endfacet
  facet normal 7.069855e-01 -6.666638e-01 -2.360738e-01
    outer loop
      vertex   2.400000e+00 2.976126e+01 2.682768e+01
      vertex   2.800000e+00 3.023081e+01 2.669959e+01
      vertex   2.800000e+00 3.013469e+01 2.697102e+01
    endloop
  endfacet
  facet normal 7.069856e-01 -6.533928e-01 -2.706459e-01
    outer loop
      vertex   2.400000e+00 2.976126e+01 2.682768e+01
      vertex   2.800000e+00 3.013469e+01 2.697102e+01
      vertex   2.400000e+00 2.965908e+01 2.707436e+01
    endloop
  endfacet
  facet normal 7.069853e-01 -6.533928e-01 -2.706468e-01
    outer loop
      vertex   2.400000e+00 2.965908e+01 2.707436e+01
      vertex   2.800000e+00 3.013469e+01 2.697102e+01
      vertex   2.800000e+00 3.002450e+01 2.723705e+01
    endloop
  endfacet
  facet normal 7.069853e-01 -6.383345e-01 -3.044682e-01
    outer loop
      vertex   2.400000e+00 2.965908e+01 2.707436e+01
      vertex   2.800000e+00 3.002450e+01 2.723705e+01
      vertex   2.400000e+00 2.954413e+01 2.731535e+01
    endloop
  endfacet
  facet normal 7.069850e-01 -6.383344e-01 -3.044691e-01
    outer loop
      vertex   2.400000e+00 2.954413e+01 2.731535e+01
      vertex   2.800000e+00 3.002450e+01 2.723705e+01
      vertex   2.800000e+00 2.990054e+01 2.749695e+01
    endloop
  endfacet
  facet normal 7.069850e-01 -6.215225e-01 -3.374640e-01
    outer loop
      vertex   2.400000e+00 2.954413e+01 2.731535e+01
      vertex   2.800000e+00 2.990054e+01 2.749695e+01
      vertex   2.400000e+00 2.941673e+01 2.755000e+01
    endloop
  endfacet
  facet normal 7.069865e-01 -6.215233e-01 -3.374595e-01
    outer loop
      vertex   2.400000e+00 2.941673e+01 2.755000e+01
      vertex   2.800000e+00 2.990054e+01 2.749695e+01
      vertex   2.800000e+00 2.976314e+01 2.775000e+01
    endloop
  endfacet
  facet normal 7.069865e-01 -6.030108e-01 -3.695240e-01
    outer loop
      vertex   2.400000e+00 2.941673e+01 2.755000e+01
      vertex   2.800000e+00 2.976314e+01 2.775000e+01
      vertex   2.400000e+00 2.927722e+01 2.777766e+01
    endloop
  endfacet
  facet normal 7.069857e-01 -6.030103e-01 -3.695265e-01
    outer loop
      vertex   2.400000e+00 2.927722e+01 2.777766e+01
      vertex   2.800000e+00 2.976314e+01 2.775000e+01
      vertex   2.800000e+00 2.961269e+01 2.799551e+01
    endloop
  endfacet
  facet normal 7.069857e-01 -5.828455e-01 -4.005775e-01
    outer loop
      vertex   2.400000e+00 2.927722e+01 2.777766e+01
      vertex   2.800000e+00 2.961269e+01 2.799551e+01
      vertex   2.400000e+00 2.912599e+01 2.799771e+01
    endloop
  endfacet
  facet normal 7.069850e-01 -5.828450e-01 -4.005794e-01
    outer loop
      vertex   2.400000e+00 2.912599e+01 2.799771e+01
      vertex   2.800000e+00 2.961269e+01 2.799551e+01
      vertex   2.800000e+00 2.944959e+01 2.823282e+01
    endloop
  endfacet
  facet normal 7.069850e-01 -5.610811e-01 -4.305348e-01
    outer loop
      vertex   2.400000e+00 2.912599e+01 2.799771e+01
      vertex   2.800000e+00 2.944959e+01 2.823282e+01
      vertex   2.400000e+00 2.896344e+01 2.820953e+01
    endloop
  endfacet
  facet normal 7.069865e-01 -5.610826e-01 -4.305303e-01
    outer loop
      vertex   2.400000e+00 2.896344e+01 2.820953e+01
      vertex   2.800000e+00 2.944959e+01 2.823282e+01
      vertex   2.800000e+00 2.927430e+01 2.846126e+01
    endloop
  endfacet
  facet normal 7.069866e-01 -5.377804e-01 -4.593062e-01
    outer loop
      vertex   2.400000e+00 2.896344e+01 2.820953e+01
      vertex   2.800000e+00 2.927430e+01 2.846126e+01
      vertex   2.400000e+00 2.879004e+01 2.841257e+01
    endloop
  endfacet
  facet normal 7.069862e-01 -5.377800e-01 -4.593073e-01
    outer loop
      vertex   2.400000e+00 2.879004e+01 2.841257e+01
      vertex   2.800000e+00 2.927430e+01 2.846126e+01
      vertex   2.800000e+00 2.908730e+01 2.868022e+01
    endloop
  endfacet
  facet normal 7.069862e-01 -5.130062e-01 -4.868214e-01
    outer loop
      vertex   2.400000e+00 2.879004e+01 2.841257e+01
      vertex   2.800000e+00 2.908730e+01 2.868022e+01
      vertex   2.400000e+00 2.860625e+01 2.860625e+01
    endloop
  endfacet
  facet normal 7.069856e-01 -5.130055e-01 -4.868231e-01
    outer loop
      vertex   2.400000e+00 2.860625e+01 2.860625e+01
      vertex   2.800000e+00 2.908730e+01 2.868022e+01
      vertex   2.800000e+00 2.888909e+01 2.888909e+01
    endloop
  endfacet
  facet normal 7.071068e-01 5.000000e-01 -5.000000e-01
    outer loop
      vertex   2.800000e+00 2.111091e+01 2.888909e+01
      vertex   2.400000e+00 2.139376e+01 2.860625e+01
      vertex   2.800000e+00 2.292183e+01 3.070000e+01
    endloop
  endfacet
  facet normal 7.071081e-01 4.999988e-01 -4.999994e-01
    outer loop
      vertex   2.800000e+00 2.292183e+01 3.070000e+01
      vertex   2.400000e+00 2.139376e+01 2.860625e+01
      vertex   2.400000e+00 2.308751e+01 3.030000e+01
    endloop
  endfacet
  facet normal -0.000000e+00 -7.071064e-01 -7.071072e-01
    outer loop
      vertex   2.400000e+00 2.860625e+01 2.860625e+01
      vertex   2.400000e+00 2.691249e+01 3.030000e+01
      vertex   8.000000e-01 2.860625e+01 2.860625e+01
    endloop
  endfacet
  facet normal -2.272537e-17 -7.071064e-01 -7.071072e-01
    outer loop
      vertex   8.000000e-01 2.860625e+01 2.860625e+01
      vertex   2.400000e+00 2.691249e+01 3.030000e+01
      vertex   8.000000e-01 2.691249e+01 3.030000e+01
    endloop
  endfacet
  facet normal -0.000000e+00 -0.000000e+00 -1.000000e+00
    outer loop
      vertex   2.400000e+00 2.691249e+01 3.030000e+01
      vertex   2.400000e+00 2.308751e+01 3.030000e+01
      vertex   8.000000e-01 2.691249e+01 3.030000e+01
    endloop
  endfacet
  facet normal 0.000000e+00 0.000000e+00 -1.000000e+00
    outer loop
      vertex   8.000000e-01 2.691249e+01 3.030000e+01
      vertex   2.400000e+00 2.308751e+01 3.030000e+01
      vertex   8.000000e-01 2.308751e+01 3.030000e+01
    endloop
  endfacet
  facet normal 1.000000e+00 0.000000e+00 -0.000000e+00
    outer loop
      vertex   2.800000e+00 -2.888909e+01 2.888909e+01
      vertex   2.800000e+00 -2.707817e+01 3.070000e+01
      vertex   2.800000e+00 -3.925000e+01 3.250000e+01
    endloop
  endfacet
  facet normal 1.000000e+00 0.000000e+00 0.000000e+00
    outer loop
      vertex   2.800000e+00 -3.925000e+01 3.250000e+01
      vertex   2.800000e+00 -2.707817e+01 3.070000e+01
      vertex   2.800000e+00 -2.292183e+01 3.070000e+01
    endloop
  endfacet
  facet normal 1.000000e+00 0.000000e+00 0.000000e+00
    outer loop
      vertex   2.800000e+00 -3.925000e+01 3.250000e+01
      vertex   2.800000e+00 -2.292183e+01 3.070000e+01
      vertex   2.800000e+00 2.292183e+01 3.070000e+01
    endloop
  endfacet
  facet normal 1.000000e+00 0.000000e+00 0.000000e+00
    outer loop
      vertex   2.800000e+00 2.292183e+01 3.070000e+01
      vertex   2.800000e+00 -2.292183e+01 3.070000e+01
      vertex   2.800000e+00 2.111091e+01 2.888909e+01
    endloop
  endfacet
  facet normal 1.000000e+00 0.000000e+00 0.000000e+00
    outer loop
      vertex   2.800000e+00 2.111091e+01 2.888909e+01
      vertex   2.800000e+00 -2.292183e+01 3.070000e+01
      vertex   2.800000e+00 -2.111091e+01 2.888909e+01
    endloop
  endfacet
  facet normal 1.000000e+00 0.000000e+00 0.000000e+00
    outer loop
      vertex   2.800000e+00 2.111091e+01 2.888909e+01
      vertex   2.800000e+00 -2.111091e+01 2.888909e+01
      vertex   2.800000e+00 2.091270e+01 2.868022e+01
    endloop
  endfacet
  facet normal 1.000000e+00 0.000000e+00 0.000000e+00
    outer loop
      vertex   2.800000e+00 2.091270e+01 2.868022e+01
      vertex   2.800000e+00 -2.111091e+01 2.888909e+01
      vertex   2.800000e+00 -2.091270e+01 2.868022e+01
    endloop
  endfacet
  facet normal 1.000000e+00 0.000000e+00 0.000000e+00
    outer loop
      vertex   2.800000e+00 2.091270e+01 2.868022e+01
      vertex   2.800000e+00 -2.091270e+01 2.868022e+01
      vertex   2.800000e+00 2.072570e+01 2.846126e+01
    endloop
  endfacet
  facet normal 1.000000e+00 0.000000e+00 0.000000e+00
    outer loop
      vertex   2.800000e+00 2.072570e+01 2.846126e+01
      vertex   2.800000e+00 -2.091270e+01 2.868022e+01
      vertex   2.800000e+00 -2.072570e+01 2.846126e+01
    endloop
  endfacet
  facet normal 1.000000e+00 0.000000e+00 0.000000e+00
    outer loop
      vertex   2.800000e+00 2.072570e+01 2.846126e+01
      vertex   2.800000e+00 -2.072570e+01 2.846126e+01
      vertex   2.800000e+00 2.055041e+01 2.823282e+01
    endloop
  endfacet
  facet normal 1.000000e+00 0.000000e+00 0.000000e+00
    outer loop
      vertex   2.800000e+00 2.055041e+01 2.823282e+01
      vertex   2.800000e+00 -2.072570e+01 2.846126e+01
      vertex   2.800000e+00 -2.055041e+01 2.823282e+01
    endloop
  endfacet
  facet normal 1.000000e+00 0.000000e+00 0.000000e+00
    outer loop
      vertex   2.800000e+00 2.055041e+01 2.823282e+01
      vertex   2.800000e+00 -2.055041e+01 2.823282e+01
      vertex   2.800000e+00 2.038731e+01 2.799551e+01
    endloop
  endfacet
  facet normal 1.000000e+00 0.000000e+00 0.000000e+00
    outer loop
      vertex   2.800000e+00 2.038731e+01 2.799551e+01
      vertex   2.800000e+00 -2.055041e+01 2.823282e+01
      vertex   2.800000e+00 -2.038731e+01 2.799551e+01
    endloop
  endfacet
  facet normal 1.000000e+00 0.000000e+00 0.000000e+00
    outer loop
      vertex   2.800000e+00 2.038731e+01 2.799551e+01
      vertex   2.800000e+00 -2.038731e+01 2.799551e+01
      vertex   2.800000e+00 2.023686e+01 2.775000e+01
    endloop
  endfacet
  facet normal 1.000000e+00 0.000000e+00 0.000000e+00
    outer loop
      vertex   2.800000e+00 2.023686e+01 2.775000e+01
      vertex   2.800000e+00 -2.038731e+01 2.799551e+01
      vertex   2.800000e+00 -2.023686e+01 2.775000e+01
    endloop
  endfacet
  facet normal 1.000000e+00 0.000000e+00 0.000000e+00
    outer loop
      vertex   2.800000e+00 2.023686e+01 2.775000e+01
      vertex   2.800000e+00 -2.023686e+01 2.775000e+01
      vertex   2.800000e+00 2.009946e+01 2.749695e+01
    endloop
  endfacet
  facet normal 1.000000e+00 0.000000e+00 0.000000e+00
    outer loop
      vertex   2.800000e+00 2.009946e+01 2.749695e+01
      vertex   2.800000e+00 -2.023686e+01 2.775000e+01
      vertex   2.800000e+00 -2.009946e+01 2.749695e+01
    endloop
  endfacet
  facet normal 1.000000e+00 0.000000e+00 0.000000e+00
    outer loop
      vertex   2.800000e+00 2.009946e+01 2.749695e+01
      vertex   2.800000e+00 -2.009946e+01 2.749695e+01
      vertex   2.800000e+00 1.997550e+01 2.723705e+01
    endloop
  endfacet
  facet normal 1.000000e+00 0.000000e+00 0.000000e+00
    outer loop
      vertex   2.800000e+00 1.997550e+01 2.723705e+01
      vertex   2.800000e+00 -2.009946e+01 2.749695e+01
      vertex   2.800000e+00 -1.997550e+01 2.723705e+01
    endloop
  endfacet
  facet normal 1.000000e+00 0.000000e+00 0.000000e+00
    outer loop
      vertex   2.800000e+00 1.997550e+01 2.723705e+01
      vertex   2.800000e+00 -1.997550e+01 2.723705e+01
      vertex   2.800000e+00 1.986531e+01 2.697102e+01
    endloop
  endfacet
  facet normal 1.000000e+00 0.000000e+00 0.000000e+00
    outer loop
      vertex   2.800000e+00 1.986531e+01 2.697102e+01
      vertex   2.800000e+00 -1.997550e+01 2.723705e+01
      vertex   2.800000e+00 -1.986531e+01 2.697102e+01
    endloop
  endfacet
  facet normal 1.000000e+00 0.000000e+00 0.000000e+00
    outer loop
      vertex   2.800000e+00 1.986531e+01 2.697102e+01
      vertex   2.800000e+00 -1.986531e+01 2.697102e+01
      vertex   2.800000e+00 1.976919e+01 2.669959e+01
    endloop
  endfacet
  facet normal 1.000000e+00 0.000000e+00 0.000000e+00
    outer loop
      vertex   2.800000e+00 1.976919e+01 2.669959e+01
      vertex   2.800000e+00 -1.986531e+01 2.697102e+01
      vertex   2.800000e+00 -1.976919e+01 2.669959e+01
    endloop
  endfacet
  facet normal 1.000000e+00 0.000000e+00 0.000000e+00
    outer loop
      vertex   2.800000e+00 1.976919e+01 2.669959e+01
      vertex   2.800000e+00 -1.976919e+01 2.669959e+01
      vertex   2.800000e+00 1.968741e+01 2.642350e+01
    endloop
  endfacet
  facet normal 1.000000e+00 0.000000e+00 0.000000e+00
    outer loop
      vertex   2.800000e+00 1.968741e+01 2.642350e+01
      vertex   2.800000e+00 -1.976919e+01 2.669959e+01
      vertex   2.800000e+00 -1.968741e+01 2.642350e+01
    endloop
  endfacet
  facet normal 1.000000e+00 0.000000e+00 0.000000e+00
    outer loop
      vertex   2.800000e+00 1.968741e+01 2.642350e+01
      vertex   2.800000e+00 -1.968741e+01 2.642350e+01
      vertex   2.800000e+00 1.962019e+01 2.614352e+01
    endloop
  endfacet
  facet normal 1.000000e+00 0.000000e+00 0.000000e+00
    outer loop
      vertex   2.800000e+00 1.962019e+01 2.614352e+01
      vertex   2.800000e+00 -1.968741e+01 2.642350e+01
      vertex   2.800000e+00 -1.962019e+01 2.614352e+01
    endloop
  endfacet
  facet normal 1.000000e+00 0.000000e+00 0.000000e+00
    outer loop
      vertex   2.800000e+00 1.962019e+01 2.614352e+01
      vertex   2.800000e+00 -1.962019e+01 2.614352e+01
      vertex   2.800000e+00 1.956771e+01 2.586039e+01
    endloop
  endfacet
  facet normal 1.000000e+00 0.000000e+00 0.000000e+00
    outer loop
      vertex   2.800000e+00 1.956771e+01 2.586039e+01
      vertex   2.800000e+00 -1.962019e+01 2.614352e+01
      vertex   2.800000e+00 -1.956771e+01 2.586039e+01
    endloop
  endfacet
  facet normal 1.000000e+00 0.000000e+00 0.000000e+00
    outer loop
      vertex   2.800000e+00 1.956771e+01 2.586039e+01
      vertex   2.800000e+00 -1.956771e+01 2.586039e+01
      vertex   2.800000e+00 1.953013e+01 2.557491e+01
    endloop
  endfacet
  facet normal 1.000000e+00 0.000000e+00 0.000000e+00
    outer loop
      vertex   2.800000e+00 1.953013e+01 2.557491e+01
      vertex   2.800000e+00 -1.956771e+01 2.586039e+01
      vertex   2.800000e+00 -1.953013e+01 2.557491e+01
    endloop
  endfacet
  facet normal 1.000000e+00 0.000000e+00 0.000000e+00
    outer loop
      vertex   2.800000e+00 1.953013e+01 2.557491e+01
      vertex   2.800000e+00 -1.953013e+01 2.557491e+01
      vertex   2.800000e+00 1.950754e+01 2.528785e+01
    endloop
  endfacet
  facet normal 1.000000e+00 0.000000e+00 0.000000e+00
    outer loop
      vertex   2.800000e+00 1.950754e+01 2.528785e+01
      vertex   2.800000e+00 -1.953013e+01 2.557491e+01
      vertex   2.800000e+00 -1.950754e+01 2.528785e+01
    endloop
  endfacet
  facet normal 1.000000e+00 0.000000e+00 0.000000e+00
    outer loop
      vertex   2.800000e+00 1.950754e+01 2.528785e+01
      vertex   2.800000e+00 -1.950754e+01 2.528785e+01
      vertex   2.800000e+00 1.950000e+01 2.500000e+01
    endloop
  endfacet
  facet normal 1.000000e+00 0.000000e+00 0.000000e+00
    outer loop
      vertex   2.800000e+00 1.950000e+01 2.500000e+01
      vertex   2.800000e+00 -1.950754e+01 2.528785e+01
      vertex   2.800000e+00 -1.950000e+01 2.500000e+01
    endloop
  endfacet
  facet normal 1.000000e+00 0.000000e+00 0.000000e+00
    outer loop
      vertex   2.800000e+00 1.950000e+01 2.500000e+01
      vertex   2.800000e+00 -1.950000e+01 2.500000e+01
      vertex   2.800000e+00 1.950754e+01 2.471215e+01
    endloop
  endfacet
  facet normal 1.000000e+00 0.000000e+00 0.000000e+00
    outer loop
      vertex   2.800000e+00 1.950754e+01 2.471215e+01
      vertex   2.800000e+00 -1.950000e+01 2.500000e+01
      vertex   2.800000e+00 -1.950754e+01 2.471215e+01
    endloop
  endfacet
  facet normal 1.000000e+00 0.000000e+00 0.000000e+00
    outer loop
      vertex   2.800000e+00 1.950754e+01 2.471215e+01
      vertex   2.800000e+00 -1.950754e+01 2.471215e+01
      vertex   2.800000e+00 1.953013e+01 2.442509e+01
    endloop
  endfacet
  facet normal 1.000000e+00 0.000000e+00 0.000000e+00
    outer loop
      vertex   2.800000e+00 1.953013e+01 2.442509e+01
      vertex   2.800000e+00 -1.950754e+01 2.471215e+01
      vertex   2.800000e+00 -1.953013e+01 2.442509e+01
    endloop
  endfacet
  facet normal 1.000000e+00 0.000000e+00 0.000000e+00
    outer loop
      vertex   2.800000e+00 1.953013e+01 2.442509e+01
      vertex   2.800000e+00 -1.953013e+01 2.442509e+01
      vertex   2.800000e+00 1.956771e+01 2.413961e+01
    endloop
  endfacet
  facet normal 1.000000e+00 0.000000e+00 0.000000e+00
    outer loop
      vertex   2.800000e+00 1.956771e+01 2.413961e+01
      vertex   2.800000e+00 -1.953013e+01 2.442509e+01
      vertex   2.800000e+00 -1.956771e+01 2.413961e+01
    endloop
  endfacet
  facet normal 1.000000e+00 0.000000e+00 0.000000e+00
    outer loop
      vertex   2.800000e+00 1.956771e+01 2.413961e+01
      vertex   2.800000e+00 -1.956771e+01 2.413961e+01
      vertex   2.800000e+00 1.962019e+01 2.385649e+01
    endloop
  endfacet
  facet normal 1.000000e+00 0.000000e+00 0.000000e+00
    outer loop
      vertex   2.800000e+00 1.962019e+01 2.385649e+01
      vertex   2.800000e+00 -1.956771e+01 2.413961e+01
      vertex   2.800000e+00 -1.962019e+01 2.385649e+01
    endloop
  endfacet
  facet normal 1.000000e+00 0.000000e+00 0.000000e+00
    outer loop
      vertex   2.800000e+00 1.962019e+01 2.385649e+01
      vertex   2.800000e+00 -1.962019e+01 2.385649e+01
      vertex   2.800000e+00 1.968741e+01 2.357650e+01
    endloop
  endfacet
  facet normal 1.000000e+00 0.000000e+00 0.000000e+00
    outer loop
      vertex   2.800000e+00 1.968741e+01 2.357650e+01
      vertex   2.800000e+00 -1.962019e+01 2.385649e+01
      vertex   2.800000e+00 -1.968741e+01 2.357650e+01
    endloop
  endfacet
  facet normal 1.000000e+00 0.000000e+00 0.000000e+00
    outer loop
      vertex   2.800000e+00 1.968741e+01 2.357650e+01
      vertex   2.800000e+00 -1.968741e+01 2.357650e+01
      vertex   2.800000e+00 1.976919e+01 2.330041e+01
    endloop
  endfacet
  facet normal 1.000000e+00 0.000000e+00 0.000000e+00
    outer loop
      vertex   2.800000e+00 1.976919e+01 2.330041e+01
      vertex   2.800000e+00 -1.968741e+01 2.357650e+01
      vertex   2.800000e+00 -1.976919e+01 2.330041e+01
    endloop
  endfacet
  facet normal 1.000000e+00 0.000000e+00 0.000000e+00
    outer loop
      vertex   2.800000e+00 1.976919e+01 2.330041e+01
      vertex   2.800000e+00 -1.976919e+01 2.330041e+01
      vertex   2.800000e+00 1.986531e+01 2.302898e+01
    endloop
  endfacet
  facet normal 1.000000e+00 0.000000e+00 0.000000e+00
    outer loop
      vertex   2.800000e+00 1.986531e+01 2.302898e+01
      vertex   2.800000e+00 -1.976919e+01 2.330041e+01
      vertex   2.800000e+00 -1.986531e+01 2.302898e+01
    endloop
  endfacet
  facet normal 1.000000e+00 0.000000e+00 0.000000e+00
    outer loop
      vertex   2.800000e+00 1.986531e+01 2.302898e+01
      vertex   2.800000e+00 -1.986531e+01 2.302898e+01
      vertex   2.800000e+00 1.997550e+01 2.276295e+01
    endloop
  endfacet
  facet normal 1.000000e+00 0.000000e+00 0.000000e+00
    outer loop
      vertex   2.800000e+00 1.997550e+01 2.276295e+01
      vertex   2.800000e+00 -1.986531e+01 2.302898e+01
      vertex   2.800000e+00 -1.997550e+01 2.276295e+01
    endloop
  endfacet
  facet normal 1.000000e+00 0.000000e+00 0.000000e+00
    outer loop
      vertex   2.800000e+00 1.997550e+01 2.276295e+01
      vertex   2.800000e+00 -1.997550e+01 2.276295e+01
      vertex   2.800000e+00 2.009946e+01 2.250305e+01
    endloop
  endfacet
  facet normal 1.000000e+00 0.000000e+00 0.000000e+00
    outer loop
      vertex   2.800000e+00 2.009946e+01 2.250305e+01
      vertex   2.800000e+00 -1.997550e+01 2.276295e+01
      vertex   2.800000e+00 -2.009946e+01 2.250305e+01
    endloop
  endfacet
  facet normal 1.000000e+00 0.000000e+00 0.000000e+00
    outer loop
      vertex   2.800000e+00 2.009946e+01 2.250305e+01
      vertex   2.800000e+00 -2.009946e+01 2.250305e+01
      vertex   2.800000e+00 2.023686e+01 2.225000e+01
    endloop
  endfacet
  facet normal 1.000000e+00 0.000000e+00 0.000000e+00
    outer loop
      vertex   2.800000e+00 2.023686e+01 2.225000e+01
      vertex   2.800000e+00 -2.009946e+01 2.250305e+01
      vertex   2.800000e+00 -2.023686e+01 2.225000e+01
    endloop
  endfacet
  facet normal 1.000000e+00 0.000000e+00 0.000000e+00
    outer loop
      vertex   2.800000e+00 2.023686e+01 2.225000e+01
      vertex   2.800000e+00 -2.023686e+01 2.225000e+01
      vertex   2.800000e+00 2.038731e+01 2.200449e+01
    endloop
  endfacet
  facet normal 1.000000e+00 0.000000e+00 0.000000e+00
    outer loop
      vertex   2.800000e+00 2.038731e+01 2.200449e+01
      vertex   2.800000e+00 -2.023686e+01 2.225000e+01
      vertex   2.800000e+00 -2.038731e+01 2.200449e+01
    endloop
  endfacet
  facet normal 1.000000e+00 0.000000e+00 0.000000e+00
    outer loop
      vertex   2.800000e+00 2.038731e+01 2.200449e+01
      vertex   2.800000e+00 -2.038731e+01 2.200449e+01
      vertex   2.800000e+00 2.055041e+01 2.176718e+01
    endloop
  endfacet
  facet normal 1.000000e+00 0.000000e+00 0.000000e+00
    outer loop
      vertex   2.800000e+00 2.055041e+01 2.176718e+01
      vertex   2.800000e+00 -2.038731e+01 2.200449e+01
      vertex   2.800000e+00 -2.055041e+01 2.176718e+01
    endloop
  endfacet
  facet normal 1.000000e+00 0.000000e+00 0.000000e+00
    outer loop
      vertex   2.800000e+00 2.055041e+01 2.176718e+01
      vertex   2.800000e+00 -2.055041e+01 2.176718e+01
      vertex   2.800000e+00 2.072570e+01 2.153874e+01
    endloop
  endfacet
  facet normal 1.000000e+00 0.000000e+00 0.000000e+00
    outer loop
      vertex   2.800000e+00 2.072570e+01 2.153874e+01
      vertex   2.800000e+00 -2.055041e+01 2.176718e+01
      vertex   2.800000e+00 -2.072570e+01 2.153874e+01
    endloop
  endfacet
  facet normal 1.000000e+00 0.000000e+00 0.000000e+00
    outer loop
      vertex   2.800000e+00 2.072570e+01 2.153874e+01
      vertex   2.800000e+00 -2.072570e+01 2.153874e+01
      vertex   2.800000e+00 2.091270e+01 2.131978e+01
    endloop
  endfacet
  facet normal 1.000000e+00 0.000000e+00 0.000000e+00
    outer loop
      vertex   2.800000e+00 2.091270e+01 2.131978e+01
      vertex   2.800000e+00 -2.072570e+01 2.153874e+01
      vertex   2.800000e+00 -2.091270e+01 2.131978e+01
    endloop
  endfacet
  facet normal 1.000000e+00 0.000000e+00 0.000000e+00
    outer loop
      vertex   2.800000e+00 2.091270e+01 2.131978e+01
      vertex   2.800000e+00 -2.091270e+01 2.131978e+01
      vertex   2.800000e+00 2.111091e+01 2.111091e+01
    endloop
  endfacet
  facet normal 1.000000e+00 0.000000e+00 0.000000e+00
    outer loop
      vertex   2.800000e+00 2.111091e+01 2.111091e+01
      vertex   2.800000e+00 -2.091270e+01 2.131978e+01
      vertex   2.800000e+00 -2.111091e+01 2.111091e+01
    endloop
  endfacet
  facet normal 1.000000e+00 0.000000e+00 0.000000e+00
    outer loop
      vertex   2.800000e+00 2.111091e+01 2.111091e+01
      vertex   2.800000e+00 -2.111091e+01 2.111091e+01
      vertex   2.800000e+00 2.131978e+01 2.091270e+01
    endloop
  endfacet
  facet normal 1.000000e+00 0.000000e+00 0.000000e+00
    outer loop
      vertex   2.800000e+00 2.131978e+01 2.091270e+01
      vertex   2.800000e+00 -2.111091e+01 2.111091e+01
      vertex   2.800000e+00 -2.131978e+01 2.091270e+01
    endloop
  endfacet
  facet normal 1.000000e+00 0.000000e+00 0.000000e+00
    outer loop
      vertex   2.800000e+00 2.131978e+01 2.091270e+01
      vertex   2.800000e+00 -2.131978e+01 2.091270e+01
      vertex   2.800000e+00 2.153874e+01 2.072570e+01
    endloop
  endfacet
  facet normal 1.000000e+00 0.000000e+00 0.000000e+00
    outer loop
      vertex   2.800000e+00 2.153874e+01 2.072570e+01
      vertex   2.800000e+00 -2.131978e+01 2.091270e+01
      vertex   2.800000e+00 -2.153874e+01 2.072570e+01
    endloop
  endfacet
  facet normal 1.000000e+00 0.000000e+00 0.000000e+00
    outer loop
      vertex   2.800000e+00 2.153874e+01 2.072570e+01
      vertex   2.800000e+00 -2.153874e+01 2.072570e+01
      vertex   2.800000e+00 2.176718e+01 2.055041e+01
    endloop
  endfacet
  facet normal 1.000000e+00 0.000000e+00 0.000000e+00
    outer loop
      vertex   2.800000e+00 2.176718e+01 2.055041e+01
      vertex   2.800000e+00 -2.153874e+01 2.072570e+01
      vertex   2.800000e+00 -2.176718e+01 2.055041e+01
    endloop
  endfacet
  facet normal 1.000000e+00 0.000000e+00 0.000000e+00
    outer loop
      vertex   2.800000e+00 2.176718e+01 2.055041e+01
      vertex   2.800000e+00 -2.176718e+01 2.055041e+01
      vertex   2.800000e+00 2.200449e+01 2.038731e+01
    endloop
  endfacet
  facet normal 1.000000e+00 0.000000e+00 0.000000e+00
    outer loop
      vertex   2.800000e+00 2.200449e+01 2.038731e+01
      vertex   2.800000e+00 -2.176718e+01 2.055041e+01
      vertex   2.800000e+00 -2.200449e+01 2.038731e+01
    endloop
  endfacet
  facet normal 1.000000e+00 0.000000e+00 0.000000e+00
    outer loop
      vertex   2.800000e+00 2.200449e+01 2.038731e+01
      vertex   2.800000e+00 -2.200449e+01 2.038731e+01
      vertex   2.800000e+00 2.225000e+01 2.023686e+01
    endloop
  endfacet
  facet normal 1.000000e+00 0.000000e+00 0.000000e+00
    outer loop
      vertex   2.800000e+00 2.225000e+01 2.023686e+01
      vertex   2.800000e+00 -2.200449e+01 2.038731e+01
      vertex   2.800000e+00 -2.225000e+01 2.023686e+01
    endloop
  endfacet
  facet normal 1.000000e+00 0.000000e+00 0.000000e+00
    outer loop
      vertex   2.800000e+00 2.225000e+01 2.023686e+01
      vertex   2.800000e+00 -2.225000e+01 2.023686e+01
      vertex   2.800000e+00 2.250305e+01 2.009946e+01
    endloop
  endfacet
  facet normal 1.000000e+00 0.000000e+00 0.000000e+00
    outer loop
      vertex   2.800000e+00 2.250305e+01 2.009946e+01
      vertex   2.800000e+00 -2.225000e+01 2.023686e+01
      vertex   2.800000e+00 -2.250305e+01 2.009946e+01
    endloop
  endfacet
  facet normal 1.000000e+00 0.000000e+00 0.000000e+00
    outer loop
      vertex   2.800000e+00 2.250305e+01 2.009946e+01
      vertex   2.800000e+00 -2.250305e+01 2.009946e+01
      vertex   2.800000e+00 2.276295e+01 1.997550e+01
    endloop
  endfacet
  facet normal 1.000000e+00 0.000000e+00 0.000000e+00
    outer loop
      vertex   2.800000e+00 2.276295e+01 1.997550e+01
      vertex   2.800000e+00 -2.250305e+01 2.009946e+01
      vertex   2.800000e+00 -2.276295e+01 1.997550e+01
    endloop
  endfacet
  facet normal 1.000000e+00 0.000000e+00 0.000000e+00
    outer loop
      vertex   2.800000e+00 2.276295e+01 1.997550e+01
      vertex   2.800000e+00 -2.276295e+01 1.997550e+01
      vertex   2.800000e+00 2.302898e+01 1.986531e+01
    endloop
  endfacet
  facet normal 1.000000e+00 0.000000e+00 0.000000e+00
    outer loop
      vertex   2.800000e+00 2.302898e+01 1.986531e+01
      vertex   2.800000e+00 -2.276295e+01 1.997550e+01
      vertex   2.800000e+00 -2.302898e+01 1.986531e+01
    endloop
  endfacet
  facet normal 1.000000e+00 0.000000e+00 0.000000e+00
    outer loop
      vertex   2.800000e+00 2.302898e+01 1.986531e+01
      vertex   2.800000e+00 -2.302898e+01 1.986531e+01
      vertex   2.800000e+00 2.330041e+01 1.976919e+01
    endloop
  endfacet
  facet normal 1.000000e+00 0.000000e+00 0.000000e+00
    outer loop
      vertex   2.800000e+00 2.330041e+01 1.976919e+01
      vertex   2.800000e+00 -2.302898e+01 1.986531e+01
      vertex   2.800000e+00 -2.330041e+01 1.976919e+01
    endloop
  endfacet
  facet normal 1.000000e+00 0.000000e+00 0.000000e+00
    outer loop
      vertex   2.800000e+00 2.330041e+01 1.976919e+01
      vertex   2.800000e+00 -2.330041e+01 1.976919e+01
      vertex   2.800000e+00 2.357650e+01 1.968741e+01
    endloop
  endfacet
  facet normal 1.000000e+00 0.000000e+00 0.000000e+00
    outer loop
      vertex   2.800000e+00 2.357650e+01 1.968741e+01
      vertex   2.800000e+00 -2.330041e+01 1.976919e+01
      vertex   2.800000e+00 -2.357650e+01 1.968741e+01
    endloop
  endfacet
  facet normal 1.000000e+00 0.000000e+00 0.000000e+00
    outer loop
      vertex   2.800000e+00 2.357650e+01 1.968741e+01
      vertex   2.800000e+00 -2.357650e+01 1.968741e+01
      vertex   2.800000e+00 2.385649e+01 1.962019e+01
    endloop
  endfacet
  facet normal 1.000000e+00 0.000000e+00 0.000000e+00
    outer loop
      vertex   2.800000e+00 2.385649e+01 1.962019e+01
      vertex   2.800000e+00 -2.357650e+01 1.968741e+01
      vertex   2.800000e+00 -2.385649e+01 1.962019e+01
    endloop
  endfacet
  facet normal 1.000000e+00 0.000000e+00 0.000000e+00
    outer loop
      vertex   2.800000e+00 2.385649e+01 1.962019e+01
      vertex   2.800000e+00 -2.385649e+01 1.962019e+01
      vertex   2.800000e+00 2.413961e+01 1.956771e+01
    endloop
  endfacet
  facet normal 1.000000e+00 0.000000e+00 0.000000e+00
    outer loop
      vertex   2.800000e+00 2.413961e+01 1.956771e+01
      vertex   2.800000e+00 -2.385649e+01 1.962019e+01
      vertex   2.800000e+00 -2.413961e+01 1.956771e+01
    endloop
  endfacet
  facet normal 1.000000e+00 0.000000e+00 0.000000e+00
    outer loop
      vertex   2.800000e+00 2.413961e+01 1.956771e+01
      vertex   2.800000e+00 -2.413961e+01 1.956771e+01
      vertex   2.800000e+00 2.442509e+01 1.953013e+01
    endloop
  endfacet
  facet normal 1.000000e+00 0.000000e+00 0.000000e+00
    outer loop
      vertex   2.800000e+00 2.442509e+01 1.953013e+01
      vertex   2.800000e+00 -2.413961e+01 1.956771e+01
      vertex   2.800000e+00 -2.442509e+01 1.953013e+01
    endloop
  endfacet
  facet normal 1.000000e+00 0.000000e+00 0.000000e+00
    outer loop
      vertex   2.800000e+00 2.442509e+01 1.953013e+01
      vertex   2.800000e+00 -2.442509e+01 1.953013e+01
      vertex   2.800000e+00 2.471215e+01 1.950754e+01
    endloop
  endfacet
  facet normal 1.000000e+00 0.000000e+00 0.000000e+00
    outer loop
      vertex   2.800000e+00 2.471215e+01 1.950754e+01
      vertex   2.800000e+00 -2.442509e+01 1.953013e+01
      vertex   2.800000e+00 -2.471215e+01 1.950754e+01
    endloop
  endfacet
  facet normal 1.000000e+00 0.000000e+00 0.000000e+00
    outer loop
      vertex   2.800000e+00 2.471215e+01 1.950754e+01
      vertex   2.800000e+00 -2.471215e+01 1.950754e+01
      vertex   2.800000e+00 3.925000e+01 1.875000e+01
    endloop
  endfacet
  facet normal 1.000000e+00 0.000000e+00 0.000000e+00
    outer loop
      vertex   2.800000e+00 3.925000e+01 1.875000e+01
      vertex   2.800000e+00 -2.471215e+01 1.950754e+01
      vertex   2.800000e+00 -3.925000e+01 1.875000e+01
    endloop
  endfacet
  facet normal 1.000000e+00 0.000000e+00 0.000000e+00
    outer loop
      vertex   2.800000e+00 -3.925000e+01 1.875000e+01
      vertex   2.800000e+00 -2.471215e+01 1.950754e+01
      vertex   2.800000e+00 -2.500000e+01 1.950000e+01
    endloop
  endfacet
  facet normal 1.000000e+00 0.000000e+00 0.000000e+00
    outer loop
      vertex   2.800000e+00 -3.925000e+01 1.875000e+01
      vertex   2.800000e+00 -2.500000e+01 1.950000e+01
      vertex   2.800000e+00 -2.528785e+01 1.950754e+01
    endloop
  endfacet
  facet normal 1.000000e+00 0.000000e+00 0.000000e+00
    outer loop
      vertex   2.800000e+00 -2.528785e+01 1.950754e+01
      vertex   2.800000e+00 -2.557491e+01 1.953013e+01
      vertex   2.800000e+00 -3.925000e+01 1.875000e+01
    endloop
  endfacet
  facet normal 1.000000e+00 0.000000e+00 0.000000e+00
    outer loop
      vertex   2.800000e+00 -3.925000e+01 1.875000e+01
      vertex   2.800000e+00 -2.557491e+01 1.953013e+01
      vertex   2.800000e+00 -2.586039e+01 1.956771e+01
    endloop
  endfacet
  facet normal 1.000000e+00 0.000000e+00 0.000000e+00
    outer loop
      vertex   2.800000e+00 -3.925000e+01 1.875000e+01
      vertex   2.800000e+00 -2.586039e+01 1.956771e+01
      vertex   2.800000e+00 -2.614352e+01 1.962019e+01
    endloop
  endfacet
  facet normal 1.000000e+00 0.000000e+00 0.000000e+00
    outer loop
      vertex   2.800000e+00 -2.614352e+01 1.962019e+01
      vertex   2.800000e+00 -2.642350e+01 1.968741e+01
      vertex   2.800000e+00 -3.925000e+01 1.875000e+01
    endloop
  endfacet
  facet normal 1.000000e+00 0.000000e+00 0.000000e+00
    outer loop
      vertex   2.800000e+00 -3.925000e+01 1.875000e+01
      vertex   2.800000e+00 -2.642350e+01 1.968741e+01
      vertex   2.800000e+00 -2.669959e+01 1.976919e+01
    endloop
  endfacet
  facet normal 1.000000e+00 0.000000e+00 0.000000e+00
    outer loop
      vertex   2.800000e+00 -3.925000e+01 1.875000e+01
      vertex   2.800000e+00 -2.669959e+01 1.976919e+01
      vertex   2.800000e+00 -2.697102e+01 1.986531e+01
    endloop
  endfacet
  facet normal 1.000000e+00 0.000000e+00 0.000000e+00
    outer loop
      vertex   2.800000e+00 -2.697102e+01 1.986531e+01
      vertex   2.800000e+00 -2.723705e+01 1.997550e+01
      vertex   2.800000e+00 -3.925000e+01 1.875000e+01
    endloop
  endfacet
  facet normal 1.000000e+00 0.000000e+00 0.000000e+00
    outer loop
      vertex   2.800000e+00 -3.925000e+01 1.875000e+01
      vertex   2.800000e+00 -2.723705e+01 1.997550e+01
      vertex   2.800000e+00 -2.749695e+01 2.009946e+01
    endloop
  endfacet
  facet normal 1.000000e+00 0.000000e+00 0.000000e+00
    outer loop
      vertex   2.800000e+00 -3.925000e+01 1.875000e+01
      vertex   2.800000e+00 -2.749695e+01 2.009946e+01
      vertex   2.800000e+00 -2.775000e+01 2.023686e+01
    endloop
  endfacet
  facet normal 1.000000e+00 0.000000e+00 0.000000e+00
    outer loop
      vertex   2.800000e+00 -2.775000e+01 2.023686e+01
      vertex   2.800000e+00 -2.799551e+01 2.038731e+01
      vertex   2.800000e+00 -3.925000e+01 1.875000e+01
    endloop
  endfacet
  facet normal 1.000000e+00 0.000000e+00 0.000000e+00
    outer loop
      vertex   2.800000e+00 -3.925000e+01 1.875000e+01
      vertex   2.800000e+00 -2.799551e+01 2.038731e+01
      vertex   2.800000e+00 -2.823282e+01 2.055041e+01
    endloop
  endfacet
  facet normal 1.000000e+00 0.000000e+00 0.000000e+00
    outer loop
      vertex   2.800000e+00 -3.925000e+01 1.875000e+01
      vertex   2.800000e+00 -2.823282e+01 2.055041e+01
      vertex   2.800000e+00 -2.846126e+01 2.072570e+01
    endloop
  endfacet
  facet normal 1.000000e+00 0.000000e+00 0.000000e+00
    outer loop
      vertex   2.800000e+00 -2.846126e+01 2.072570e+01
      vertex   2.800000e+00 -2.868022e+01 2.091270e+01
      vertex   2.800000e+00 -3.925000e+01 1.875000e+01
    endloop
  endfacet
  facet normal 1.000000e+00 0.000000e+00 0.000000e+00
    outer loop
      vertex   2.800000e+00 -3.925000e+01 1.875000e+01
      vertex   2.800000e+00 -2.868022e+01 2.091270e+01
      vertex   2.800000e+00 -2.888909e+01 2.111091e+01
    endloop
  endfacet
  facet normal 1.000000e+00 0.000000e+00 0.000000e+00
    outer loop
      vertex   2.800000e+00 -3.925000e+01 1.875000e+01
      vertex   2.800000e+00 -2.888909e+01 2.111091e+01
      vertex   2.800000e+00 -2.908730e+01 2.131978e+01
    endloop
  endfacet
  facet normal 1.000000e+00 0.000000e+00 0.000000e+00
    outer loop
      vertex   2.800000e+00 -2.908730e+01 2.131978e+01
      vertex   2.800000e+00 -2.927430e+01 2.153874e+01
      vertex   2.800000e+00 -3.925000e+01 1.875000e+01
    endloop
  endfacet
  facet normal 1.000000e+00 0.000000e+00 0.000000e+00
    outer loop
      vertex   2.800000e+00 -3.925000e+01 1.875000e+01
      vertex   2.800000e+00 -2.927430e+01 2.153874e+01
      vertex   2.800000e+00 -2.944959e+01 2.176718e+01
    endloop
  endfacet
  facet normal 1.000000e+00 0.000000e+00 0.000000e+00
    outer loop
      vertex   2.800000e+00 -3.925000e+01 1.875000e+01
      vertex   2.800000e+00 -2.944959e+01 2.176718e+01
      vertex   2.800000e+00 -2.961269e+01 2.200449e+01
    endloop
  endfacet
  facet normal 1.000000e+00 0.000000e+00 0.000000e+00
    outer loop
      vertex   2.800000e+00 -2.961269e+01 2.200449e+01
      vertex   2.800000e+00 -2.976314e+01 2.225000e+01
      vertex   2.800000e+00 -3.925000e+01 1.875000e+01
    endloop
  endfacet
  facet normal 1.000000e+00 0.000000e+00 0.000000e+00
    outer loop
      vertex   2.800000e+00 -3.925000e+01 1.875000e+01
      vertex   2.800000e+00 -2.976314e+01 2.225000e+01
      vertex   2.800000e+00 -2.990054e+01 2.250305e+01
    endloop
  endfacet
  facet normal 1.000000e+00 0.000000e+00 0.000000e+00
    outer loop
      vertex   2.800000e+00 -3.925000e+01 1.875000e+01
      vertex   2.800000e+00 -2.990054e+01 2.250305e+01
      vertex   2.800000e+00 -3.002450e+01 2.276295e+01
    endloop
  endfacet
  facet normal 1.000000e+00 0.000000e+00 0.000000e+00
    outer loop
      vertex   2.800000e+00 -3.002450e+01 2.276295e+01
      vertex   2.800000e+00 -3.013469e+01 2.302898e+01
      vertex   2.800000e+00 -3.925000e+01 1.875000e+01
    endloop
  endfacet
  facet normal 1.000000e+00 0.000000e+00 0.000000e+00
    outer loop
      vertex   2.800000e+00 -3.925000e+01 1.875000e+01
      vertex   2.800000e+00 -3.013469e+01 2.302898e+01
      vertex   2.800000e+00 -3.023081e+01 2.330041e+01
    endloop
  endfacet
  facet normal 1.000000e+00 0.000000e+00 0.000000e+00
    outer loop
      vertex   2.800000e+00 -3.925000e+01 1.875000e+01
      vertex   2.800000e+00 -3.023081e+01 2.330041e+01
      vertex   2.800000e+00 -3.031259e+01 2.357650e+01
    endloop
  endfacet
  facet normal 1.000000e+00 0.000000e+00 0.000000e+00
    outer loop
      vertex   2.800000e+00 -3.031259e+01 2.357650e+01
      vertex   2.800000e+00 -3.037981e+01 2.385649e+01
      vertex   2.800000e+00 -3.925000e+01 1.875000e+01
    endloop
  endfacet
  facet normal 1.000000e+00 0.000000e+00 0.000000e+00
    outer loop
      vertex   2.800000e+00 -3.925000e+01 1.875000e+01
      vertex   2.800000e+00 -3.037981e+01 2.385649e+01
      vertex   2.800000e+00 -3.043229e+01 2.413961e+01
    endloop
  endfacet
  facet normal 1.000000e+00 0.000000e+00 0.000000e+00
    outer loop
      vertex   2.800000e+00 -3.925000e+01 1.875000e+01
      vertex   2.800000e+00 -3.043229e+01 2.413961e+01
      vertex   2.800000e+00 -3.046987e+01 2.442509e+01
    endloop
  endfacet
  facet normal 1.000000e+00 0.000000e+00 0.000000e+00
    outer loop
      vertex   2.800000e+00 -3.046987e+01 2.442509e+01
      vertex   2.800000e+00 -3.049246e+01 2.471215e+01
      vertex   2.800000e+00 -3.925000e+01 1.875000e+01
    endloop
  endfacet
  facet normal 1.000000e+00 0.000000e+00 0.000000e+00
    outer loop
      vertex   2.800000e+00 -3.925000e+01 1.875000e+01
      vertex   2.800000e+00 -3.049246e+01 2.471215e+01
      vertex   2.800000e+00 -3.050000e+01 2.500000e+01
    endloop
  endfacet
  facet normal 1.000000e+00 0.000000e+00 0.000000e+00
    outer loop
      vertex   2.800000e+00 -3.925000e+01 1.875000e+01
      vertex   2.800000e+00 -3.050000e+01 2.500000e+01
      vertex   2.800000e+00 -3.049246e+01 2.528785e+01
    endloop
  endfacet
  facet normal 1.000000e+00 0.000000e+00 0.000000e+00
    outer loop
      vertex   2.800000e+00 -3.925000e+01 1.875000e+01
      vertex   2.800000e+00 -3.049246e+01 2.528785e+01
      vertex   2.800000e+00 -3.925000e+01 3.250000e+01
    endloop
  endfacet
  facet normal 1.000000e+00 0.000000e+00 0.000000e+00
    outer loop
      vertex   2.800000e+00 -3.925000e+01 3.250000e+01
      vertex   2.800000e+00 -3.049246e+01 2.528785e+01
      vertex   2.800000e+00 -3.046987e+01 2.557491e+01
    endloop
  endfacet
  facet normal 1.000000e+00 0.000000e+00 0.000000e+00
    outer loop
      vertex   2.800000e+00 -3.925000e+01 3.250000e+01
      vertex   2.800000e+00 -3.046987e+01 2.557491e+01
      vertex   2.800000e+00 -3.043229e+01 2.586039e+01
    endloop
  endfacet
  facet normal 1.000000e+00 0.000000e+00 -0.000000e+00
    outer loop
      vertex   2.800000e+00 -3.043229e+01 2.586039e+01
      vertex   2.800000e+00 -3.037981e+01 2.614352e+01
      vertex   2.800000e+00 -3.925000e+01 3.250000e+01
    endloop
  endfacet
  facet normal 1.000000e+00 0.000000e+00 0.000000e+00
    outer loop
      vertex   2.800000e+00 -3.925000e+01 3.250000e+01
      vertex   2.800000e+00 -3.037981e+01 2.614352e+01
      vertex   2.800000e+00 -3.031259e+01 2.642350e+01
    endloop
  endfacet
  facet normal 1.000000e+00 0.000000e+00 0.000000e+00
    outer loop
      vertex   2.800000e+00 -3.925000e+01 3.250000e+01
      vertex   2.800000e+00 -3.031259e+01 2.642350e+01
      vertex   2.800000e+00 -3.023081e+01 2.669959e+01
    endloop
  endfacet
  facet normal 1.000000e+00 0.000000e+00 -0.000000e+00
    outer loop
      vertex   2.800000e+00 -3.023081e+01 2.669959e+01
      vertex   2.800000e+00 -3.013469e+01 2.697102e+01
      vertex   2.800000e+00 -3.925000e+01 3.250000e+01
    endloop
  endfacet
  facet normal 1.000000e+00 0.000000e+00 0.000000e+00
    outer loop
      vertex   2.800000e+00 -3.925000e+01 3.250000e+01
      vertex   2.800000e+00 -3.013469e+01 2.697102e+01
      vertex   2.800000e+00 -3.002450e+01 2.723705e+01
    endloop
  endfacet
  facet normal 1.000000e+00 0.000000e+00 0.000000e+00
    outer loop
      vertex   2.800000e+00 -3.925000e+01 3.250000e+01
      vertex   2.800000e+00 -3.002450e+01 2.723705e+01
      vertex   2.800000e+00 -2.990054e+01 2.749695e+01
    endloop
  endfacet
  facet normal 1.000000e+00 0.000000e+00 -0.000000e+00
    outer loop
      vertex   2.800000e+00 -2.990054e+01 2.749695e+01
      vertex   2.800000e+00 -2.976314e+01 2.775000e+01
      vertex   2.800000e+00 -3.925000e+01 3.250000e+01
    endloop
  endfacet
  facet normal 1.000000e+00 0.000000e+00 0.000000e+00
    outer loop
      vertex   2.800000e+00 -3.925000e+01 3.250000e+01
      vertex   2.800000e+00 -2.976314e+01 2.775000e+01
      vertex   2.800000e+00 -2.961269e+01 2.799551e+01
    endloop
  endfacet
  facet normal 1.000000e+00 0.000000e+00 0.000000e+00
    outer loop
      vertex   2.800000e+00 -3.925000e+01 3.250000e+01
      vertex   2.800000e+00 -2.961269e+01 2.799551e+01
      vertex   2.800000e+00 -2.944959e+01 2.823282e+01
    endloop
  endfacet
  facet normal 1.000000e+00 0.000000e+00 -0.000000e+00
    outer loop
      vertex   2.800000e+00 -2.944959e+01 2.823282e+01
      vertex   2.800000e+00 -2.927430e+01 2.846126e+01
      vertex   2.800000e+00 -3.925000e+01 3.250000e+01
    endloop
  endfacet
  facet normal 1.000000e+00 0.000000e+00 0.000000e+00
    outer loop
      vertex   2.800000e+00 -3.925000e+01 3.250000e+01
      vertex   2.800000e+00 -2.927430e+01 2.846126e+01
      vertex   2.800000e+00 -2.908730e+01 2.868022e+01
    endloop
  endfacet
  facet normal 1.000000e+00 0.000000e+00 0.000000e+00
    outer loop
      vertex   2.800000e+00 -3.925000e+01 3.250000e+01
      vertex   2.800000e+00 -2.908730e+01 2.868022e+01
      vertex   2.800000e+00 -2.888909e+01 2.888909e+01
    endloop
  endfacet
  facet normal 1.000000e+00 0.000000e+00 0.000000e+00
    outer loop
      vertex   2.800000e+00 3.925000e+01 3.250000e+01
      vertex   2.800000e+00 3.049246e+01 2.528785e+01
      vertex   2.800000e+00 3.925000e+01 1.875000e+01
    endloop
  endfacet
  facet normal 1.000000e+00 0.000000e+00 0.000000e+00
    outer loop
      vertex   2.800000e+00 3.925000e+01 1.875000e+01
      vertex   2.800000e+00 3.049246e+01 2.528785e+01
      vertex   2.800000e+00 3.050000e+01 2.500000e+01
    endloop
  endfacet
  facet normal 1.000000e+00 0.000000e+00 0.000000e+00
    outer loop
      vertex   2.800000e+00 3.925000e+01 1.875000e+01
      vertex   2.800000e+00 3.050000e+01 2.500000e+01
      vertex   2.800000e+00 3.049246e+01 2.471215e+01
    endloop
  endfacet
  facet normal 1.000000e+00 -0.000000e+00 0.000000e+00
    outer loop
      vertex   2.800000e+00 -3.925000e+01 3.250000e+01
      vertex   2.800000e+00 2.292183e+01 3.070000e+01
      vertex   2.800000e+00 3.925000e+01 3.250000e+01
    endloop
  endfacet
  facet normal 1.000000e+00 0.000000e+00 0.000000e+00
    outer loop
      vertex   2.800000e+00 3.925000e+01 3.250000e+01
      vertex   2.800000e+00 2.292183e+01 3.070000e+01
      vertex   2.800000e+00 2.707817e+01 3.070000e+01
    endloop
  endfacet
  facet normal 1.000000e+00 0.000000e+00 0.000000e+00
    outer loop
      vertex   2.800000e+00 3.925000e+01 3.250000e+01
      vertex   2.800000e+00 2.707817e+01 3.070000e+01
      vertex   2.800000e+00 2.888909e+01 2.888909e+01
    endloop
  endfacet
  facet normal 1.000000e+00 -0.000000e+00 0.000000e+00
    outer loop
      vertex   2.800000e+00 2.888909e+01 2.888909e+01
      vertex   2.800000e+00 2.908730e+01 2.868022e+01
      vertex   2.800000e+00 3.925000e+01 3.250000e+01
    endloop
  endfacet
  facet normal 1.000000e+00 0.000000e+00 0.000000e+00
    outer loop
      vertex   2.800000e+00 3.925000e+01 3.250000e+01
      vertex   2.800000e+00 2.908730e+01 2.868022e+01
      vertex   2.800000e+00 2.927430e+01 2.846126e+01
    endloop
  endfacet
  facet normal 1.000000e+00 0.000000e+00 0.000000e+00
    outer loop
      vertex   2.800000e+00 3.925000e+01 3.250000e+01
      vertex   2.800000e+00 2.927430e+01 2.846126e+01
      vertex   2.800000e+00 2.944959e+01 2.823282e+01
    endloop
  endfacet
  facet normal 1.000000e+00 -0.000000e+00 0.000000e+00
    outer loop
      vertex   2.800000e+00 2.944959e+01 2.823282e+01
      vertex   2.800000e+00 2.961269e+01 2.799551e+01
      vertex   2.800000e+00 3.925000e+01 3.250000e+01
    endloop
  endfacet
  facet normal 1.000000e+00 0.000000e+00 0.000000e+00
    outer loop
      vertex   2.800000e+00 3.925000e+01 3.250000e+01
      vertex   2.800000e+00 2.961269e+01 2.799551e+01
      vertex   2.800000e+00 2.976314e+01 2.775000e+01
    endloop
  endfacet
  facet normal 1.000000e+00 0.000000e+00 0.000000e+00
    outer loop
      vertex   2.800000e+00 3.925000e+01 3.250000e+01
      vertex   2.800000e+00 2.976314e+01 2.775000e+01
      vertex   2.800000e+00 2.990054e+01 2.749695e+01
    endloop
  endfacet
  facet normal 1.000000e+00 -0.000000e+00 0.000000e+00
    outer loop
      vertex   2.800000e+00 2.990054e+01 2.749695e+01
      vertex   2.800000e+00 3.002450e+01 2.723705e+01
      vertex   2.800000e+00 3.925000e+01 3.250000e+01
    endloop
  endfacet
  facet normal 1.000000e+00 0.000000e+00 0.000000e+00
    outer loop
      vertex   2.800000e+00 3.925000e+01 3.250000e+01
      vertex   2.800000e+00 3.002450e+01 2.723705e+01
      vertex   2.800000e+00 3.013469e+01 2.697102e+01
    endloop
  endfacet
  facet normal 1.000000e+00 0.000000e+00 0.000000e+00
    outer loop
      vertex   2.800000e+00 3.925000e+01 3.250000e+01
      vertex   2.800000e+00 3.013469e+01 2.697102e+01
      vertex   2.800000e+00 3.023081e+01 2.669959e+01
    endloop
  endfacet
  facet normal 1.000000e+00 -0.000000e+00 0.000000e+00
    outer loop
      vertex   2.800000e+00 3.023081e+01 2.669959e+01
      vertex   2.800000e+00 3.031259e+01 2.642350e+01
      vertex   2.800000e+00 3.925000e+01 3.250000e+01
    endloop
  endfacet
  facet normal 1.000000e+00 0.000000e+00 0.000000e+00
    outer loop
      vertex   2.800000e+00 3.925000e+01 3.250000e+01
      vertex   2.800000e+00 3.031259e+01 2.642350e+01
      vertex   2.800000e+00 3.037981e+01 2.614352e+01
    endloop
  endfacet
  facet normal 1.000000e+00 0.000000e+00 0.000000e+00
    outer loop
      vertex   2.800000e+00 3.925000e+01 3.250000e+01
      vertex   2.800000e+00 3.037981e+01 2.614352e+01
      vertex   2.800000e+00 3.043229e+01 2.586039e+01
    endloop
  endfacet
  facet normal 1.000000e+00 -0.000000e+00 0.000000e+00
    outer loop
      vertex   2.800000e+00 3.043229e+01 2.586039e+01
      vertex   2.800000e+00 3.046987e+01 2.557491e+01
      vertex   2.800000e+00 3.925000e+01 3.250000e+01
    endloop
  endfacet
  facet normal 1.000000e+00 0.000000e+00 0.000000e+00
    outer loop
      vertex   2.800000e+00 3.925000e+01 3.250000e+01
      vertex   2.800000e+00 3.046987e+01 2.557491e+01
      vertex   2.800000e+00 3.049246e+01 2.528785e+01
    endloop
  endfacet
  facet normal 1.000000e+00 0.000000e+00 0.000000e+00
    outer loop
      vertex   2.800000e+00 3.049246e+01 2.471215e+01
      vertex   2.800000e+00 3.046987e+01 2.442509e+01
      vertex   2.800000e+00 3.925000e+01 1.875000e+01
    endloop
  endfacet
  facet normal 1.000000e+00 0.000000e+00 0.000000e+00
    outer loop
      vertex   2.800000e+00 3.925000e+01 1.875000e+01
      vertex   2.800000e+00 3.046987e+01 2.442509e+01
      vertex   2.800000e+00 3.043229e+01 2.413961e+01
    endloop
  endfacet
  facet normal 1.000000e+00 0.000000e+00 0.000000e+00
    outer loop
      vertex   2.800000e+00 3.925000e+01 1.875000e+01
      vertex   2.800000e+00 3.043229e+01 2.413961e+01
      vertex   2.800000e+00 3.037981e+01 2.385649e+01
    endloop
  endfacet
  facet normal 1.000000e+00 0.000000e+00 0.000000e+00
    outer loop
      vertex   2.800000e+00 3.037981e+01 2.385649e+01
      vertex   2.800000e+00 3.031259e+01 2.357650e+01
      vertex   2.800000e+00 3.925000e+01 1.875000e+01
    endloop
  endfacet
  facet normal 1.000000e+00 0.000000e+00 0.000000e+00
    outer loop
      vertex   2.800000e+00 3.925000e+01 1.875000e+01
      vertex   2.800000e+00 3.031259e+01 2.357650e+01
      vertex   2.800000e+00 3.023081e+01 2.330041e+01
    endloop
  endfacet
  facet normal 1.000000e+00 0.000000e+00 0.000000e+00
    outer loop
      vertex   2.800000e+00 3.925000e+01 1.875000e+01
      vertex   2.800000e+00 3.023081e+01 2.330041e+01
      vertex   2.800000e+00 3.013469e+01 2.302898e+01
    endloop
  endfacet
  facet normal 1.000000e+00 0.000000e+00 0.000000e+00
    outer loop
      vertex   2.800000e+00 3.013469e+01 2.302898e+01
      vertex   2.800000e+00 3.002450e+01 2.276295e+01
      vertex   2.800000e+00 3.925000e+01 1.875000e+01
    endloop
  endfacet
  facet normal 1.000000e+00 0.000000e+00 0.000000e+00
    outer loop
      vertex   2.800000e+00 3.925000e+01 1.875000e+01
      vertex   2.800000e+00 3.002450e+01 2.276295e+01
      vertex   2.800000e+00 2.990054e+01 2.250305e+01
    endloop
  endfacet
  facet normal 1.000000e+00 0.000000e+00 0.000000e+00
    outer loop
      vertex   2.800000e+00 3.925000e+01 1.875000e+01
      vertex   2.800000e+00 2.990054e+01 2.250305e+01
      vertex   2.800000e+00 2.976314e+01 2.225000e+01
    endloop
  endfacet
  facet normal 1.000000e+00 0.000000e+00 0.000000e+00
    outer loop
      vertex   2.800000e+00 2.976314e+01 2.225000e+01
      vertex   2.800000e+00 2.961269e+01 2.200449e+01
      vertex   2.800000e+00 3.925000e+01 1.875000e+01
    endloop
  endfacet
  facet normal 1.000000e+00 0.000000e+00 0.000000e+00
    outer loop
      vertex   2.800000e+00 3.925000e+01 1.875000e+01
      vertex   2.800000e+00 2.961269e+01 2.200449e+01
      vertex   2.800000e+00 2.944959e+01 2.176718e+01
    endloop
  endfacet
  facet normal 1.000000e+00 0.000000e+00 0.000000e+00
    outer loop
      vertex   2.800000e+00 3.925000e+01 1.875000e+01
      vertex   2.800000e+00 2.944959e+01 2.176718e+01
      vertex   2.800000e+00 2.927430e+01 2.153874e+01
    endloop
  endfacet
  facet normal 1.000000e+00 0.000000e+00 0.000000e+00
    outer loop
      vertex   2.800000e+00 2.927430e+01 2.153874e+01
      vertex   2.800000e+00 2.908730e+01 2.131978e+01
      vertex   2.800000e+00 3.925000e+01 1.875000e+01
    endloop
  endfacet
  facet normal 1.000000e+00 0.000000e+00 0.000000e+00
    outer loop
      vertex   2.800000e+00 3.925000e+01 1.875000e+01
      vertex   2.800000e+00 2.908730e+01 2.131978e+01
      vertex   2.800000e+00 2.888909e+01 2.111091e+01
    endloop
  endfacet
  facet normal 1.000000e+00 0.000000e+00 0.000000e+00
    outer loop
      vertex   2.800000e+00 3.925000e+01 1.875000e+01
      vertex   2.800000e+00 2.888909e+01 2.111091e+01
      vertex   2.800000e+00 2.868022e+01 2.091270e+01
    endloop
  endfacet
  facet normal 1.000000e+00 0.000000e+00 0.000000e+00
    outer loop
      vertex   2.800000e+00 2.868022e+01 2.091270e+01
      vertex   2.800000e+00 2.846126e+01 2.072570e+01
      vertex   2.800000e+00 3.925000e+01 1.875000e+01
    endloop
  endfacet
  facet normal 1.000000e+00 0.000000e+00 0.000000e+00
    outer loop
      vertex   2.800000e+00 3.925000e+01 1.875000e+01
      vertex   2.800000e+00 2.846126e+01 2.072570e+01
      vertex   2.800000e+00 2.823282e+01 2.055041e+01
    endloop
  endfacet
  facet normal 1.000000e+00 0.000000e+00 0.000000e+00
    outer loop
      vertex   2.800000e+00 3.925000e+01 1.875000e+01
      vertex   2.800000e+00 2.823282e+01 2.055041e+01
      vertex   2.800000e+00 2.799551e+01 2.038731e+01
    endloop
  endfacet
  facet normal 1.000000e+00 0.000000e+00 0.000000e+00
    outer loop
      vertex   2.800000e+00 2.799551e+01 2.038731e+01
      vertex   2.800000e+00 2.775000e+01 2.023686e+01
      vertex   2.800000e+00 3.925000e+01 1.875000e+01
    endloop
  endfacet
  facet normal 1.000000e+00 0.000000e+00 0.000000e+00
    outer loop
      vertex   2.800000e+00 3.925000e+01 1.875000e+01
      vertex   2.800000e+00 2.775000e+01 2.023686e+01
      vertex   2.800000e+00 2.749695e+01 2.009946e+01
    endloop
  endfacet
  facet normal 1.000000e+00 0.000000e+00 0.000000e+00
    outer loop
      vertex   2.800000e+00 3.925000e+01 1.875000e+01
      vertex   2.800000e+00 2.749695e+01 2.009946e+01
      vertex   2.800000e+00 2.723705e+01 1.997550e+01
    endloop
  endfacet
  facet normal 1.000000e+00 0.000000e+00 0.000000e+00
    outer loop
      vertex   2.800000e+00 2.723705e+01 1.997550e+01
      vertex   2.800000e+00 2.697102e+01 1.986531e+01
      vertex   2.800000e+00 3.925000e+01 1.875000e+01
    endloop
  endfacet
  facet normal 1.000000e+00 0.000000e+00 0.000000e+00
    outer loop
      vertex   2.800000e+00 3.925000e+01 1.875000e+01
      vertex   2.800000e+00 2.697102e+01 1.986531e+01
      vertex   2.800000e+00 2.669959e+01 1.976919e+01
    endloop
  endfacet
  facet normal 1.000000e+00 0.000000e+00 0.000000e+00
    outer loop
      vertex   2.800000e+00 3.925000e+01 1.875000e+01
      vertex   2.800000e+00 2.669959e+01 1.976919e+01
      vertex   2.800000e+00 2.642350e+01 1.968741e+01
    endloop
  endfacet
  facet normal 1.000000e+00 0.000000e+00 0.000000e+00
    outer loop
      vertex   2.800000e+00 2.642350e+01 1.968741e+01
      vertex   2.800000e+00 2.614352e+01 1.962019e+01
      vertex   2.800000e+00 3.925000e+01 1.875000e+01
    endloop
  endfacet
  facet normal 1.000000e+00 0.000000e+00 0.000000e+00
    outer loop
      vertex   2.800000e+00 3.925000e+01 1.875000e+01
      vertex   2.800000e+00 2.614352e+01 1.962019e+01
      vertex   2.800000e+00 2.586039e+01 1.956771e+01
    endloop
  endfacet
  facet normal 1.000000e+00 0.000000e+00 0.000000e+00
    outer loop
      vertex   2.800000e+00 3.925000e+01 1.875000e+01
      vertex   2.800000e+00 2.586039e+01 1.956771e+01
      vertex   2.800000e+00 2.557491e+01 1.953013e+01
    endloop
  endfacet
  facet normal 1.000000e+00 0.000000e+00 0.000000e+00
    outer loop
      vertex   2.800000e+00 2.557491e+01 1.953013e+01
      vertex   2.800000e+00 2.528785e+01 1.950754e+01
      vertex   2.800000e+00 3.925000e+01 1.875000e+01
    endloop
  endfacet
  facet normal 1.000000e+00 0.000000e+00 0.000000e+00
    outer loop
      vertex   2.800000e+00 3.925000e+01 1.875000e+01
      vertex   2.800000e+00 2.528785e+01 1.950754e+01
      vertex   2.800000e+00 2.500000e+01 1.950000e+01
    endloop
  endfacet
  facet normal 1.000000e+00 0.000000e+00 0.000000e+00
    outer loop
      vertex   2.800000e+00 3.925000e+01 1.875000e+01
      vertex   2.800000e+00 2.500000e+01 1.950000e+01
      vertex   2.800000e+00 2.471215e+01 1.950754e+01
    endloop
  endfacet
  facet normal 7.071083e-01 0.000000e+00 -7.071053e-01
    outer loop
      vertex   2.800000e+00 -2.292183e+01 3.070000e+01
      vertex   2.800000e+00 -2.707817e+01 3.070000e+01
      vertex   2.400000e+00 -2.308751e+01 3.030000e+01
    endloop
  endfacet
  facet normal 7.071083e-01 0.000000e+00 -7.071053e-01
    outer loop
      vertex   2.400000e+00 -2.308751e+01 3.030000e+01
      vertex   2.800000e+00 -2.707817e+01 3.070000e+01
      vertex   2.400000e+00 -2.691249e+01 3.030000e+01
    endloop
  endfacet
  facet normal 7.071081e-01 -4.999988e-01 -4.999994e-01
    outer loop
      vertex   2.400000e+00 -2.308751e+01 3.030000e+01
      vertex   2.400000e+00 -2.139376e+01 2.860625e+01
      vertex   2.800000e+00 -2.292183e+01 3.070000e+01
    endloop
  endfacet
  facet normal 7.071068e-01 -5.000000e-01 -5.000000e-01
    outer loop
      vertex   2.800000e+00 -2.292183e+01 3.070000e+01
      vertex   2.400000e+00 -2.139376e+01 2.860625e+01
      vertex   2.800000e+00 -2.111091e+01 2.888909e+01
    endloop
  endfacet
  facet normal 7.069856e-01 5.130067e-01 -4.868218e-01
    outer loop
      vertex   2.400000e+00 -2.860625e+01 2.860625e+01
      vertex   2.800000e+00 -2.888909e+01 2.888909e+01
      vertex   2.400000e+00 -2.879004e+01 2.841257e+01
    endloop
  endfacet
  facet normal 7.069862e-01 5.130051e-01 -4.868227e-01
    outer loop
      vertex   2.400000e+00 -2.879004e+01 2.841257e+01
      vertex   2.800000e+00 -2.888909e+01 2.888909e+01
      vertex   2.800000e+00 -2.908730e+01 2.868022e+01
    endloop
  endfacet
  facet normal 7.069862e-01 5.377807e-01 -4.593065e-01
    outer loop
      vertex   2.400000e+00 -2.879004e+01 2.841257e+01
      vertex   2.800000e+00 -2.908730e+01 2.868022e+01
      vertex   2.400000e+00 -2.896344e+01 2.820953e+01
    endloop
  endfacet
  facet normal 7.069865e-01 5.377797e-01 -4.593071e-01
    outer loop
      vertex   2.400000e+00 -2.896344e+01 2.820953e+01
      vertex   2.800000e+00 -2.908730e+01 2.868022e+01
      vertex   2.800000e+00 -2.927430e+01 2.846126e+01
    endloop
  endfacet
  facet normal 7.069866e-01 5.610798e-01 -4.305339e-01
    outer loop
      vertex   2.400000e+00 -2.896344e+01 2.820953e+01
      vertex   2.800000e+00 -2.927430e+01 2.846126e+01
      vertex   2.400000e+00 -2.912599e+01 2.799771e+01
    endloop
  endfacet
  facet normal 7.069850e-01 5.610838e-01 -4.305312e-01
    outer loop
      vertex   2.400000e+00 -2.912599e+01 2.799771e+01
      vertex   2.800000e+00 -2.927430e+01 2.846126e+01
      vertex   2.800000e+00 -2.944959e+01 2.823282e+01
    endloop
  endfacet
  facet normal 7.069850e-01 5.828461e-01 -4.005779e-01
    outer loop
      vertex   2.400000e+00 -2.912599e+01 2.799771e+01
      vertex   2.800000e+00 -2.944959e+01 2.823282e+01
      vertex   2.400000e+00 -2.927722e+01 2.777766e+01
    endloop
  endfacet
  facet normal 7.069857e-01 5.828445e-01 -4.005791e-01
    outer loop
      vertex   2.400000e+00 -2.927722e+01 2.777766e+01
      vertex   2.800000e+00 -2.944959e+01 2.823282e+01
      vertex   2.800000e+00 -2.961269e+01 2.799551e+01
    endloop
  endfacet
  facet normal 7.069857e-01 6.030115e-01 -3.695245e-01
    outer loop
      vertex   2.400000e+00 -2.927722e+01 2.777766e+01
      vertex   2.800000e+00 -2.961269e+01 2.799551e+01
      vertex   2.400000e+00 -2.941673e+01 2.755000e+01
    endloop
  endfacet
  facet normal 7.069865e-01 6.030096e-01 -3.695261e-01
    outer loop
      vertex   2.400000e+00 -2.941673e+01 2.755000e+01
      vertex   2.800000e+00 -2.961269e+01 2.799551e+01
      vertex   2.800000e+00 -2.976314e+01 2.775000e+01
    endloop
  endfacet
  facet normal 7.069866e-01 6.215211e-01 -3.374633e-01
    outer loop
      vertex   2.400000e+00 -2.941673e+01 2.755000e+01
      vertex   2.800000e+00 -2.976314e+01 2.775000e+01
      vertex   2.400000e+00 -2.954413e+01 2.731535e+01
    endloop
  endfacet
  facet normal 7.069851e-01 6.215245e-01 -3.374602e-01
    outer loop
      vertex   2.400000e+00 -2.954413e+01 2.731535e+01
      vertex   2.800000e+00 -2.976314e+01 2.775000e+01
      vertex   2.800000e+00 -2.990054e+01 2.749695e+01
    endloop
  endfacet
  facet normal 7.069850e-01 6.383347e-01 -3.044684e-01
    outer loop
      vertex   2.400000e+00 -2.954413e+01 2.731535e+01
      vertex   2.800000e+00 -2.990054e+01 2.749695e+01
      vertex   2.400000e+00 -2.965908e+01 2.707436e+01
    endloop
  endfacet
  facet normal 7.069853e-01 6.383341e-01 -3.044690e-01
    outer loop
      vertex   2.400000e+00 -2.965908e+01 2.707436e+01
      vertex   2.800000e+00 -2.990054e+01 2.749695e+01
      vertex   2.800000e+00 -3.002450e+01 2.723705e+01
    endloop
  endfacet
  facet normal 7.069853e-01 6.533931e-01 -2.706460e-01
    outer loop
      vertex   2.400000e+00 -2.965908e+01 2.707436e+01
      vertex   2.800000e+00 -3.002450e+01 2.723705e+01
      vertex   2.400000e+00 -2.976126e+01 2.682768e+01
    endloop
  endfacet
  facet normal 7.069855e-01 6.533925e-01 -2.706467e-01
    outer loop
      vertex   2.400000e+00 -2.976126e+01 2.682768e+01
      vertex   2.800000e+00 -3.002450e+01 2.723705e+01
      vertex   2.800000e+00 -3.013469e+01 2.697102e+01
    endloop
  endfacet
  facet normal 7.069855e-01 6.666637e-01 -2.360741e-01
    outer loop
      vertex   2.400000e+00 -2.976126e+01 2.682768e+01
      vertex   2.800000e+00 -3.013469e+01 2.697102e+01
      vertex   2.400000e+00 -2.985039e+01 2.657599e+01
    endloop
  endfacet
  facet normal 7.069854e-01 6.666639e-01 -2.360738e-01
    outer loop
      vertex   2.400000e+00 -2.985039e+01 2.657599e+01
      vertex   2.800000e+00 -3.013469e+01 2.697102e+01
      vertex   2.800000e+00 -3.023081e+01 2.669959e+01
    endloop
  endfacet
  facet normal 7.069855e-01 6.781038e-01 -2.008652e-01
    outer loop
      vertex   2.400000e+00 -2.985039e+01 2.657599e+01
      vertex   2.800000e+00 -3.023081e+01 2.669959e+01
      vertex   2.400000e+00 -2.992622e+01 2.631998e+01
    endloop
  endfacet
  facet normal 7.069850e-01 6.781045e-01 -2.008642e-01
    outer loop
      vertex   2.400000e+00 -2.992622e+01 2.631998e+01
      vertex   2.800000e+00 -3.023081e+01 2.669959e+01
      vertex   2.800000e+00 -3.031259e+01 2.642350e+01
    endloop
  endfacet
  facet normal 7.069851e-01 6.876880e-01 -1.650979e-01
    outer loop
      vertex   2.400000e+00 -2.992622e+01 2.631998e+01
      vertex   2.800000e+00 -3.031259e+01 2.642350e+01
      vertex   2.400000e+00 -2.998855e+01 2.606035e+01
    endloop
  endfacet
  facet normal 7.069865e-01 6.876856e-01 -1.651017e-01
    outer loop
      vertex   2.400000e+00 -2.998855e+01 2.606035e+01
      vertex   2.800000e+00 -3.031259e+01 2.642350e+01
      vertex   2.800000e+00 -3.037981e+01 2.614352e+01
    endloop
  endfacet
  facet normal 7.069866e-01 6.953842e-01 -1.288828e-01
    outer loop
      vertex   2.400000e+00 -2.998855e+01 2.606035e+01
      vertex   2.800000e+00 -3.037981e+01 2.614352e+01
      vertex   2.400000e+00 -3.003721e+01 2.579782e+01
    endloop
  endfacet
  facet normal 7.069854e-01 6.953860e-01 -1.288796e-01
    outer loop
      vertex   2.400000e+00 -3.003721e+01 2.579782e+01
      vertex   2.800000e+00 -3.037981e+01 2.614352e+01
      vertex   2.800000e+00 -3.043229e+01 2.586039e+01
    endloop
  endfacet
  facet normal 7.069854e-01 7.011778e-01 -9.231155e-02
    outer loop
      vertex   2.400000e+00 -3.003721e+01 2.579782e+01
      vertex   2.800000e+00 -3.043229e+01 2.586039e+01
      vertex   2.400000e+00 -3.007206e+01 2.553309e+01
    endloop
  endfacet
  facet normal 7.069853e-01 7.011779e-01 -9.231141e-02
    outer loop
      vertex   2.400000e+00 -3.007206e+01 2.553309e+01
      vertex   2.800000e+00 -3.043229e+01 2.586039e+01
      vertex   2.800000e+00 -3.046987e+01 2.557491e+01
    endloop
  endfacet
  facet normal 7.069852e-01 7.050483e-01 -5.548701e-02
    outer loop
      vertex   2.400000e+00 -3.007206e+01 2.553309e+01
      vertex   2.800000e+00 -3.046987e+01 2.557491e+01
      vertex   2.400000e+00 -3.009301e+01 2.526691e+01
    endloop
  endfacet
  facet normal 7.069861e-01 7.050472e-01 -5.548952e-02
    outer loop
      vertex   2.400000e+00 -3.009301e+01 2.526691e+01
      vertex   2.800000e+00 -3.046987e+01 2.557491e+01
      vertex   2.800000e+00 -3.049246e+01 2.528785e+01
    endloop
  endfacet
  facet normal 7.069861e-01 7.069850e-01 -1.851592e-02
    outer loop
      vertex   2.400000e+00 -3.009301e+01 2.526691e+01
      vertex   2.800000e+00 -3.049246e+01 2.528785e+01
      vertex   2.400000e+00 -3.010000e+01 2.500000e+01
    endloop
  endfacet
  facet normal 7.069854e-01 7.069858e-01 -1.851379e-02
    outer loop
      vertex   2.400000e+00 -3.010000e+01 2.500000e+01
      vertex   2.800000e+00 -3.049246e+01 2.528785e+01
      vertex   2.800000e+00 -3.050000e+01 2.500000e+01
    endloop
  endfacet
  facet normal 7.069853e-01 7.069858e-01 1.851595e-02
    outer loop
      vertex   2.400000e+00 -3.010000e+01 2.500000e+01
      vertex   2.800000e+00 -3.050000e+01 2.500000e+01
      vertex   2.400000e+00 -3.009301e+01 2.473309e+01
    endloop
  endfacet
  facet normal 7.069861e-01 7.069851e-01 1.851377e-02
    outer loop
      vertex   2.400000e+00 -3.009301e+01 2.473309e+01
      vertex   2.800000e+00 -3.050000e+01 2.500000e+01
      vertex   2.800000e+00 -3.049246e+01 2.471215e+01
    endloop
  endfacet
  facet normal 7.069861e-01 7.050474e-01 5.548694e-02
    outer loop
      vertex   2.400000e+00 -3.009301e+01 2.473309e+01
      vertex   2.800000e+00 -3.049246e+01 2.471215e+01
      vertex   2.400000e+00 -3.007206e+01 2.446691e+01
    endloop
  endfacet
  facet normal 7.069852e-01 7.050481e-01 5.548959e-02
    outer loop
      vertex   2.400000e+00 -3.007206e+01 2.446691e+01
      vertex   2.800000e+00 -3.049246e+01 2.471215e+01
      vertex   2.800000e+00 -3.046987e+01 2.442509e+01
    endloop
  endfacet
  facet normal 7.069853e-01 7.011778e-01 9.231156e-02
    outer loop
      vertex   2.400000e+00 -3.007206e+01 2.446691e+01
      vertex   2.800000e+00 -3.046987e+01 2.442509e+01
      vertex   2.400000e+00 -3.003721e+01 2.420219e+01
    endloop
  endfacet
  facet normal 7.069854e-01 7.011778e-01 9.231140e-02
    outer loop
      vertex   2.400000e+00 -3.003721e+01 2.420219e+01
      vertex   2.800000e+00 -3.046987e+01 2.442509e+01
      vertex   2.800000e+00 -3.043229e+01 2.413961e+01
    endloop
  endfacet
  facet normal 7.069854e-01 6.953854e-01 1.288830e-01
    outer loop
      vertex   2.400000e+00 -3.003721e+01 2.420219e+01
      vertex   2.800000e+00 -3.043229e+01 2.413961e+01
      vertex   2.400000e+00 -2.998855e+01 2.393965e+01
    endloop
  endfacet
  facet normal 7.069866e-01 6.953848e-01 1.288794e-01
    outer loop
      vertex   2.400000e+00 -2.998855e+01 2.393965e+01
      vertex   2.800000e+00 -3.043229e+01 2.413961e+01
      vertex   2.800000e+00 -3.037981e+01 2.385649e+01
    endloop
  endfacet
  facet normal 7.069866e-01 6.876865e-01 1.650975e-01
    outer loop
      vertex   2.400000e+00 -2.998855e+01 2.393965e+01
      vertex   2.800000e+00 -3.037981e+01 2.385649e+01
      vertex   2.400000e+00 -2.992622e+01 2.368002e+01
    endloop
  endfacet
  facet normal 7.069851e-01 6.876870e-01 1.651020e-01
    outer loop
      vertex   2.400000e+00 -2.992622e+01 2.368002e+01
      vertex   2.800000e+00 -3.037981e+01 2.385649e+01
      vertex   2.800000e+00 -3.031259e+01 2.357650e+01
    endloop
  endfacet
  facet normal 7.069850e-01 6.781042e-01 2.008653e-01
    outer loop
      vertex   2.400000e+00 -2.992622e+01 2.368002e+01
      vertex   2.800000e+00 -3.031259e+01 2.357650e+01
      vertex   2.400000e+00 -2.985039e+01 2.342401e+01
    endloop
  endfacet
  facet normal 7.069854e-01 6.781041e-01 2.008640e-01
    outer loop
      vertex   2.400000e+00 -2.985039e+01 2.342401e+01
      vertex   2.800000e+00 -3.031259e+01 2.357650e+01
      vertex   2.800000e+00 -3.023081e+01 2.330041e+01
    endloop
  endfacet
  facet normal 7.069854e-01 6.666638e-01 2.360741e-01
    outer loop
      vertex   2.400000e+00 -2.985039e+01 2.342401e+01
      vertex   2.800000e+00 -3.023081e+01 2.330041e+01
      vertex   2.400000e+00 -2.976126e+01 2.317232e+01
    endloop
  endfacet
  facet normal 7.069855e-01 6.666638e-01 2.360738e-01
    outer loop
      vertex   2.400000e+00 -2.976126e+01 2.317232e+01
      vertex   2.800000e+00 -3.023081e+01 2.330041e+01
      vertex   2.800000e+00 -3.013469e+01 2.302898e+01
    endloop
  endfacet
  facet normal 7.069856e-01 6.533928e-01 2.706459e-01
    outer loop
      vertex   2.400000e+00 -2.976126e+01 2.317232e+01
      vertex   2.800000e+00 -3.013469e+01 2.302898e+01
      vertex   2.400000e+00 -2.965908e+01 2.292564e+01
    endloop
  endfacet
  facet normal 7.069853e-01 6.533928e-01 2.706468e-01
    outer loop
      vertex   2.400000e+00 -2.965908e+01 2.292564e+01
      vertex   2.800000e+00 -3.013469e+01 2.302898e+01
      vertex   2.800000e+00 -3.002450e+01 2.276295e+01
    endloop
  endfacet
  facet normal 7.069853e-01 6.383345e-01 3.044682e-01
    outer loop
      vertex   2.400000e+00 -2.965908e+01 2.292564e+01
      vertex   2.800000e+00 -3.002450e+01 2.276295e+01
      vertex   2.400000e+00 -2.954413e+01 2.268465e+01
    endloop
  endfacet
  facet normal 7.069850e-01 6.383344e-01 3.044691e-01
    outer loop
      vertex   2.400000e+00 -2.954413e+01 2.268465e+01
      vertex   2.800000e+00 -3.002450e+01 2.276295e+01
      vertex   2.800000e+00 -2.990054e+01 2.250305e+01
    endloop
  endfacet
  facet normal 7.069850e-01 6.215225e-01 3.374640e-01
    outer loop
      vertex   2.400000e+00 -2.954413e+01 2.268465e+01
      vertex   2.800000e+00 -2.990054e+01 2.250305e+01
      vertex   2.400000e+00 -2.941673e+01 2.245000e+01
    endloop
  endfacet
  facet normal 7.069865e-01 6.215233e-01 3.374595e-01
    outer loop
      vertex   2.400000e+00 -2.941673e+01 2.245000e+01
      vertex   2.800000e+00 -2.990054e+01 2.250305e+01
      vertex   2.800000e+00 -2.976314e+01 2.225000e+01
    endloop
  endfacet
  facet normal 7.069865e-01 6.030108e-01 3.695240e-01
    outer loop
      vertex   2.400000e+00 -2.941673e+01 2.245000e+01
      vertex   2.800000e+00 -2.976314e+01 2.225000e+01
      vertex   2.400000e+00 -2.927722e+01 2.222234e+01
    endloop
  endfacet
  facet normal 7.069857e-01 6.030103e-01 3.695265e-01
    outer loop
      vertex   2.400000e+00 -2.927722e+01 2.222234e+01
      vertex   2.800000e+00 -2.976314e+01 2.225000e+01
      vertex   2.800000e+00 -2.961269e+01 2.200449e+01
    endloop
  endfacet
  facet normal 7.069857e-01 5.828455e-01 4.005775e-01
    outer loop
      vertex   2.400000e+00 -2.927722e+01 2.222234e+01
      vertex   2.800000e+00 -2.961269e+01 2.200449e+01
      vertex   2.400000e+00 -2.912599e+01 2.200229e+01
    endloop
  endfacet
  facet normal 7.069850e-01 5.828450e-01 4.005794e-01
    outer loop
      vertex   2.400000e+00 -2.912599e+01 2.200229e+01
      vertex   2.800000e+00 -2.961269e+01 2.200449e+01
      vertex   2.800000e+00 -2.944959e+01 2.176718e+01
    endloop
  endfacet
  facet normal 7.069850e-01 5.610811e-01 4.305348e-01
    outer loop
      vertex   2.400000e+00 -2.912599e+01 2.200229e+01
      vertex   2.800000e+00 -2.944959e+01 2.176718e+01
      vertex   2.400000e+00 -2.896344e+01 2.179047e+01
    endloop
  endfacet
  facet normal 7.069865e-01 5.610826e-01 4.305303e-01
    outer loop
      vertex   2.400000e+00 -2.896344e+01 2.179047e+01
      vertex   2.800000e+00 -2.944959e+01 2.176718e+01
      vertex   2.800000e+00 -2.927430e+01 2.153874e+01
    endloop
  endfacet
  facet normal 7.069866e-01 5.377804e-01 4.593062e-01
    outer loop
      vertex   2.400000e+00 -2.896344e+01 2.179047e+01
      vertex   2.800000e+00 -2.927430e+01 2.153874e+01
      vertex   2.400000e+00 -2.879004e+01 2.158744e+01
    endloop
  endfacet
  facet normal 7.069862e-01 5.377800e-01 4.593073e-01
    outer loop
      vertex   2.400000e+00 -2.879004e+01 2.158744e+01
      vertex   2.800000e+00 -2.927430e+01 2.153874e+01
      vertex   2.800000e+00 -2.908730e+01 2.131978e+01
    endloop
  endfacet
  facet normal 7.069862e-01 5.130062e-01 4.868214e-01
    outer loop
      vertex   2.400000e+00 -2.879004e+01 2.158744e+01
      vertex   2.800000e+00 -2.908730e+01 2.131978e+01
      vertex   2.400000e+00 -2.860625e+01 2.139376e+01
    endloop
  endfacet
  facet normal 7.069856e-01 5.130055e-01 4.868231e-01
    outer loop
      vertex   2.400000e+00 -2.860625e+01 2.139376e+01
      vertex   2.800000e+00 -2.908730e+01 2.131978e+01
      vertex   2.800000e+00 -2.888909e+01 2.111091e+01
    endloop
  endfacet
  facet normal 7.069856e-01 4.868218e-01 5.130067e-01
    outer loop
      vertex   2.400000e+00 -2.860625e+01 2.139376e+01
      vertex   2.800000e+00 -2.888909e+01 2.111091e+01
      vertex   2.400000e+00 -2.841257e+01 2.120996e+01
    endloop
  endfacet
  facet normal 7.069862e-01 4.868227e-01 5.130051e-01
    outer loop
      vertex   2.400000e+00 -2.841257e+01 2.120996e+01
      vertex   2.800000e+00 -2.888909e+01 2.111091e+01
      vertex   2.800000e+00 -2.868022e+01 2.091270e+01
    endloop
  endfacet
  facet normal 7.069862e-01 4.593065e-01 5.377807e-01
    outer loop
      vertex   2.400000e+00 -2.841257e+01 2.120996e+01
      vertex   2.800000e+00 -2.868022e+01 2.091270e+01
      vertex   2.400000e+00 -2.820953e+01 2.103656e+01
    endloop
  endfacet
  facet normal 7.069865e-01 4.593071e-01 5.377797e-01
    outer loop
      vertex   2.400000e+00 -2.820953e+01 2.103656e+01
      vertex   2.800000e+00 -2.868022e+01 2.091270e+01
      vertex   2.800000e+00 -2.846126e+01 2.072570e+01
    endloop
  endfacet
  facet normal 7.069866e-01 4.305339e-01 5.610798e-01
    outer loop
      vertex   2.400000e+00 -2.820953e+01 2.103656e+01
      vertex   2.800000e+00 -2.846126e+01 2.072570e+01
      vertex   2.400000e+00 -2.799771e+01 2.087401e+01
    endloop
  endfacet
  facet normal 7.069850e-01 4.305312e-01 5.610838e-01
    outer loop
      vertex   2.400000e+00 -2.799771e+01 2.087401e+01
      vertex   2.800000e+00 -2.846126e+01 2.072570e+01
      vertex   2.800000e+00 -2.823282e+01 2.055041e+01
    endloop
  endfacet
  facet normal 7.069850e-01 4.005779e-01 5.828461e-01
    outer loop
      vertex   2.400000e+00 -2.799771e+01 2.087401e+01
      vertex   2.800000e+00 -2.823282e+01 2.055041e+01
      vertex   2.400000e+00 -2.777766e+01 2.072278e+01
    endloop
  endfacet
  facet normal 7.069857e-01 4.005791e-01 5.828445e-01
    outer loop
      vertex   2.400000e+00 -2.777766e+01 2.072278e+01
      vertex   2.800000e+00 -2.823282e+01 2.055041e+01
      vertex   2.800000e+00 -2.799551e+01 2.038731e+01
    endloop
  endfacet
  facet normal 7.069857e-01 3.695245e-01 6.030115e-01
    outer loop
      vertex   2.400000e+00 -2.777766e+01 2.072278e+01
      vertex   2.800000e+00 -2.799551e+01 2.038731e+01
      vertex   2.400000e+00 -2.755000e+01 2.058327e+01
    endloop
  endfacet
  facet normal 7.069865e-01 3.695261e-01 6.030096e-01
    outer loop
      vertex   2.400000e+00 -2.755000e+01 2.058327e+01
      vertex   2.800000e+00 -2.799551e+01 2.038731e+01
      vertex   2.800000e+00 -2.775000e+01 2.023686e+01
    endloop
  endfacet
  facet normal 7.069866e-01 3.374633e-01 6.215211e-01
    outer loop
      vertex   2.400000e+00 -2.755000e+01 2.058327e+01
      vertex   2.800000e+00 -2.775000e+01 2.023686e+01
      vertex   2.400000e+00 -2.731535e+01 2.045587e+01
    endloop
  endfacet
  facet normal 7.069851e-01 3.374602e-01 6.215245e-01
    outer loop
      vertex   2.400000e+00 -2.731535e+01 2.045587e+01
      vertex   2.800000e+00 -2.775000e+01 2.023686e+01
      vertex   2.800000e+00 -2.749695e+01 2.009946e+01
    endloop
  endfacet
  facet normal 7.069850e-01 3.044684e-01 6.383347e-01
    outer loop
      vertex   2.400000e+00 -2.731535e+01 2.045587e+01
      vertex   2.800000e+00 -2.749695e+01 2.009946e+01
      vertex   2.400000e+00 -2.707436e+01 2.034092e+01
    endloop
  endfacet
  facet normal 7.069853e-01 3.044690e-01 6.383341e-01
    outer loop
      vertex   2.400000e+00 -2.707436e+01 2.034092e+01
      vertex   2.800000e+00 -2.749695e+01 2.009946e+01
      vertex   2.800000e+00 -2.723705e+01 1.997550e+01
    endloop
  endfacet
  facet normal 7.069853e-01 2.706460e-01 6.533931e-01
    outer loop
      vertex   2.400000e+00 -2.707436e+01 2.034092e+01
      vertex   2.800000e+00 -2.723705e+01 1.997550e+01
      vertex   2.400000e+00 -2.682768e+01 2.023874e+01
    endloop
  endfacet
  facet normal 7.069855e-01 2.706467e-01 6.533925e-01
    outer loop
      vertex   2.400000e+00 -2.682768e+01 2.023874e+01
      vertex   2.800000e+00 -2.723705e+01 1.997550e+01
      vertex   2.800000e+00 -2.697102e+01 1.986531e+01
    endloop
  endfacet
  facet normal 7.069855e-01 2.360741e-01 6.666637e-01
    outer loop
      vertex   2.400000e+00 -2.682768e+01 2.023874e+01
      vertex   2.800000e+00 -2.697102e+01 1.986531e+01
      vertex   2.400000e+00 -2.657599e+01 2.014961e+01
    endloop
  endfacet
  facet normal 7.069854e-01 2.360738e-01 6.666639e-01
    outer loop
      vertex   2.400000e+00 -2.657599e+01 2.014961e+01
      vertex   2.800000e+00 -2.697102e+01 1.986531e+01
      vertex   2.800000e+00 -2.669959e+01 1.976919e+01
    endloop
  endfacet
  facet normal 7.069855e-01 2.008652e-01 6.781038e-01
    outer loop
      vertex   2.400000e+00 -2.657599e+01 2.014961e+01
      vertex   2.800000e+00 -2.669959e+01 1.976919e+01
      vertex   2.400000e+00 -2.631998e+01 2.007378e+01
    endloop
  endfacet
  facet normal 7.069850e-01 2.008642e-01 6.781045e-01
    outer loop
      vertex   2.400000e+00 -2.631998e+01 2.007378e+01
      vertex   2.800000e+00 -2.669959e+01 1.976919e+01
      vertex   2.800000e+00 -2.642350e+01 1.968741e+01
    endloop
  endfacet
  facet normal 7.069851e-01 1.650979e-01 6.876880e-01
    outer loop
      vertex   2.400000e+00 -2.631998e+01 2.007378e+01
      vertex   2.800000e+00 -2.642350e+01 1.968741e+01
      vertex   2.400000e+00 -2.606035e+01 2.001145e+01
    endloop
  endfacet
  facet normal 7.069865e-01 1.651017e-01 6.876856e-01
    outer loop
      vertex   2.400000e+00 -2.606035e+01 2.001145e+01
      vertex   2.800000e+00 -2.642350e+01 1.968741e+01
      vertex   2.800000e+00 -2.614352e+01 1.962019e+01
    endloop
  endfacet
  facet normal 7.069866e-01 1.288828e-01 6.953842e-01
    outer loop
      vertex   2.400000e+00 -2.606035e+01 2.001145e+01
      vertex   2.800000e+00 -2.614352e+01 1.962019e+01
      vertex   2.400000e+00 -2.579782e+01 1.996279e+01
    endloop
  endfacet
  facet normal 7.069854e-01 1.288796e-01 6.953860e-01
    outer loop
      vertex   2.400000e+00 -2.579782e+01 1.996279e+01
      vertex   2.800000e+00 -2.614352e+01 1.962019e+01
      vertex   2.800000e+00 -2.586039e+01 1.956771e+01
    endloop
  endfacet
  facet normal 7.069854e-01 9.231155e-02 7.011778e-01
    outer loop
      vertex   2.400000e+00 -2.579782e+01 1.996279e+01
      vertex   2.800000e+00 -2.586039e+01 1.956771e+01
      vertex   2.400000e+00 -2.553309e+01 1.992794e+01
    endloop
  endfacet
  facet normal 7.069853e-01 9.231141e-02 7.011779e-01
    outer loop
      vertex   2.400000e+00 -2.553309e+01 1.992794e+01
      vertex   2.800000e+00 -2.586039e+01 1.956771e+01
      vertex   2.800000e+00 -2.557491e+01 1.953013e+01
    endloop
  endfacet
  facet normal 7.069852e-01 5.548701e-02 7.050483e-01
    outer loop
      vertex   2.400000e+00 -2.553309e+01 1.992794e+01
      vertex   2.800000e+00 -2.557491e+01 1.953013e+01
      vertex   2.400000e+00 -2.526691e+01 1.990699e+01
    endloop
  endfacet
  facet normal 7.069861e-01 5.548952e-02 7.050472e-01
    outer loop
      vertex   2.400000e+00 -2.526691e+01 1.990699e+01
      vertex   2.800000e+00 -2.557491e+01 1.953013e+01
      vertex   2.800000e+00 -2.528785e+01 1.950754e+01
    endloop
  endfacet
  facet normal 7.069861e-01 1.851592e-02 7.069850e-01
    outer loop
      vertex   2.400000e+00 -2.526691e+01 1.990699e+01
      vertex   2.800000e+00 -2.528785e+01 1.950754e+01
      vertex   2.400000e+00 -2.500000e+01 1.990000e+01
    endloop
  endfacet
  facet normal 7.069854e-01 1.851379e-02 7.069858e-01
    outer loop
      vertex   2.400000e+00 -2.500000e+01 1.990000e+01
      vertex   2.800000e+00 -2.528785e+01 1.950754e+01
      vertex   2.800000e+00 -2.500000e+01 1.950000e+01
    endloop
  endfacet
  facet normal 7.069853e-01 -1.851595e-02 7.069858e-01
    outer loop
      vertex   2.400000e+00 -2.500000e+01 1.990000e+01
      vertex   2.800000e+00 -2.500000e+01 1.950000e+01
      vertex   2.400000e+00 -2.473309e+01 1.990699e+01
    endloop
  endfacet
  facet normal 7.069861e-01 -1.851377e-02 7.069851e-01
    outer loop
      vertex   2.400000e+00 -2.473309e+01 1.990699e+01
      vertex   2.800000e+00 -2.500000e+01 1.950000e+01
      vertex   2.800000e+00 -2.471215e+01 1.950754e+01
    endloop
  endfacet
  facet normal 7.069861e-01 -5.548694e-02 7.050474e-01
    outer loop
      vertex   2.400000e+00 -2.473309e+01 1.990699e+01
      vertex   2.800000e+00 -2.471215e+01 1.950754e+01
      vertex   2.400000e+00 -2.446691e+01 1.992794e+01
    endloop
  endfacet
  facet normal 7.069852e-01 -5.548959e-02 7.050481e-01
    outer loop
      vertex   2.400000e+00 -2.446691e+01 1.992794e+01
      vertex   2.800000e+00 -2.471215e+01 1.950754e+01
      vertex   2.800000e+00 -2.442509e+01 1.953013e+01
    endloop
  endfacet
  facet normal 7.069853e-01 -9.231156e-02 7.011778e-01
    outer loop
      vertex   2.400000e+00 -2.446691e+01 1.992794e+01
      vertex   2.800000e+00 -2.442509e+01 1.953013e+01
      vertex   2.400000e+00 -2.420219e+01 1.996279e+01
    endloop
  endfacet
  facet normal 7.069854e-01 -9.231140e-02 7.011778e-01
    outer loop
      vertex   2.400000e+00 -2.420219e+01 1.996279e+01
      vertex   2.800000e+00 -2.442509e+01 1.953013e+01
      vertex   2.800000e+00 -2.413961e+01 1.956771e+01
    endloop
  endfacet
  facet normal 7.069854e-01 -1.288830e-01 6.953854e-01
    outer loop
      vertex   2.400000e+00 -2.420219e+01 1.996279e+01
      vertex   2.800000e+00 -2.413961e+01 1.956771e+01
      vertex   2.400000e+00 -2.393965e+01 2.001145e+01
    endloop
  endfacet
  facet normal 7.069866e-01 -1.288794e-01 6.953848e-01
    outer loop
      vertex   2.400000e+00 -2.393965e+01 2.001145e+01
      vertex   2.800000e+00 -2.413961e+01 1.956771e+01
      vertex   2.800000e+00 -2.385649e+01 1.962019e+01
    endloop
  endfacet
  facet normal 7.069866e-01 -1.650975e-01 6.876865e-01
    outer loop
      vertex   2.400000e+00 -2.393965e+01 2.001145e+01
      vertex   2.800000e+00 -2.385649e+01 1.962019e+01
      vertex   2.400000e+00 -2.368002e+01 2.007378e+01
    endloop
  endfacet
  facet normal 7.069851e-01 -1.651020e-01 6.876870e-01
    outer loop
      vertex   2.400000e+00 -2.368002e+01 2.007378e+01
      vertex   2.800000e+00 -2.385649e+01 1.962019e+01
      vertex   2.800000e+00 -2.357650e+01 1.968741e+01
    endloop
  endfacet
  facet normal 7.069850e-01 -2.008653e-01 6.781042e-01
    outer loop
      vertex   2.400000e+00 -2.368002e+01 2.007378e+01
      vertex   2.800000e+00 -2.357650e+01 1.968741e+01
      vertex   2.400000e+00 -2.342401e+01 2.014961e+01
    endloop
  endfacet
  facet normal 7.069854e-01 -2.008640e-01 6.781041e-01
    outer loop
      vertex   2.400000e+00 -2.342401e+01 2.014961e+01
      vertex   2.800000e+00 -2.357650e+01 1.968741e+01
      vertex   2.800000e+00 -2.330041e+01 1.976919e+01
    endloop
  endfacet
  facet normal 7.069854e-01 -2.360741e-01 6.666638e-01
    outer loop
      vertex   2.400000e+00 -2.342401e+01 2.014961e+01
      vertex   2.800000e+00 -2.330041e+01 1.976919e+01
      vertex   2.400000e+00 -2.317232e+01 2.023874e+01
    endloop
  endfacet
  facet normal 7.069855e-01 -2.360738e-01 6.666638e-01
    outer loop
      vertex   2.400000e+00 -2.317232e+01 2.023874e+01
      vertex   2.800000e+00 -2.330041e+01 1.976919e+01
      vertex   2.800000e+00 -2.302898e+01 1.986531e+01
    endloop
  endfacet
  facet normal 7.069856e-01 -2.706459e-01 6.533928e-01
    outer loop
      vertex   2.400000e+00 -2.317232e+01 2.023874e+01
      vertex   2.800000e+00 -2.302898e+01 1.986531e+01
      vertex   2.400000e+00 -2.292564e+01 2.034092e+01
    endloop
  endfacet
  facet normal 7.069853e-01 -2.706468e-01 6.533928e-01
    outer loop
      vertex   2.400000e+00 -2.292564e+01 2.034092e+01
      vertex   2.800000e+00 -2.302898e+01 1.986531e+01
      vertex   2.800000e+00 -2.276295e+01 1.997550e+01
    endloop
  endfacet
  facet normal 7.069853e-01 -3.044682e-01 6.383345e-01
    outer loop
      vertex   2.400000e+00 -2.292564e+01 2.034092e+01
      vertex   2.800000e+00 -2.276295e+01 1.997550e+01
      vertex   2.400000e+00 -2.268465e+01 2.045587e+01
    endloop
  endfacet
  facet normal 7.069850e-01 -3.044691e-01 6.383344e-01
    outer loop
      vertex   2.400000e+00 -2.268465e+01 2.045587e+01
      vertex   2.800000e+00 -2.276295e+01 1.997550e+01
      vertex   2.800000e+00 -2.250305e+01 2.009946e+01
    endloop
  endfacet
  facet normal 7.069850e-01 -3.374640e-01 6.215225e-01
    outer loop
      vertex   2.400000e+00 -2.268465e+01 2.045587e+01
      vertex   2.800000e+00 -2.250305e+01 2.009946e+01
      vertex   2.400000e+00 -2.245000e+01 2.058327e+01
    endloop
  endfacet
  facet normal 7.069865e-01 -3.374595e-01 6.215233e-01
    outer loop
      vertex   2.400000e+00 -2.245000e+01 2.058327e+01
      vertex   2.800000e+00 -2.250305e+01 2.009946e+01
      vertex   2.800000e+00 -2.225000e+01 2.023686e+01
    endloop
  endfacet
  facet normal 7.069865e-01 -3.695240e-01 6.030108e-01
    outer loop
      vertex   2.400000e+00 -2.245000e+01 2.058327e+01
      vertex   2.800000e+00 -2.225000e+01 2.023686e+01
      vertex   2.400000e+00 -2.222234e+01 2.072278e+01
    endloop
  endfacet
  facet normal 7.069857e-01 -3.695265e-01 6.030103e-01
    outer loop
      vertex   2.400000e+00 -2.222234e+01 2.072278e+01
      vertex   2.800000e+00 -2.225000e+01 2.023686e+01
      vertex   2.800000e+00 -2.200449e+01 2.038731e+01
    endloop
  endfacet
  facet normal 7.069857e-01 -4.005775e-01 5.828455e-01
    outer loop
      vertex   2.400000e+00 -2.222234e+01 2.072278e+01
      vertex   2.800000e+00 -2.200449e+01 2.038731e+01
      vertex   2.400000e+00 -2.200229e+01 2.087401e+01
    endloop
  endfacet
  facet normal 7.069850e-01 -4.005794e-01 5.828450e-01
    outer loop
      vertex   2.400000e+00 -2.200229e+01 2.087401e+01
      vertex   2.800000e+00 -2.200449e+01 2.038731e+01
      vertex   2.800000e+00 -2.176718e+01 2.055041e+01
    endloop
  endfacet
  facet normal 7.069850e-01 -4.305348e-01 5.610811e-01
    outer loop
      vertex   2.400000e+00 -2.200229e+01 2.087401e+01
      vertex   2.800000e+00 -2.176718e+01 2.055041e+01
      vertex   2.400000e+00 -2.179047e+01 2.103656e+01
    endloop
  endfacet
  facet normal 7.069865e-01 -4.305303e-01 5.610826e-01
    outer loop
      vertex   2.400000e+00 -2.179047e+01 2.103656e+01
      vertex   2.800000e+00 -2.176718e+01 2.055041e+01
      vertex   2.800000e+00 -2.153874e+01 2.072570e+01
    endloop
  endfacet
  facet normal 7.069866e-01 -4.593062e-01 5.377804e-01
    outer loop
      vertex   2.400000e+00 -2.179047e+01 2.103656e+01
      vertex   2.800000e+00 -2.153874e+01 2.072570e+01
      vertex   2.400000e+00 -2.158744e+01 2.120996e+01
    endloop
  endfacet
  facet normal 7.069862e-01 -4.593073e-01 5.377800e-01
    outer loop
      vertex   2.400000e+00 -2.158744e+01 2.120996e+01
      vertex   2.800000e+00 -2.153874e+01 2.072570e+01
      vertex   2.800000e+00 -2.131978e+01 2.091270e+01
    endloop
  endfacet
  facet normal 7.069862e-01 -4.868214e-01 5.130062e-01
    outer loop
      vertex   2.400000e+00 -2.158744e+01 2.120996e+01
      vertex   2.800000e+00 -2.131978e+01 2.091270e+01
      vertex   2.400000e+00 -2.139376e+01 2.139376e+01
    endloop
  endfacet
  facet normal 7.069856e-01 -4.868231e-01 5.130055e-01
    outer loop
      vertex   2.400000e+00 -2.139376e+01 2.139376e+01
      vertex   2.800000e+00 -2.131978e+01 2.091270e+01
      vertex   2.800000e+00 -2.111091e+01 2.111091e+01
    endloop
  endfacet
  facet normal 7.069856e-01 -5.130067e-01 4.868218e-01
    outer loop
      vertex   2.400000e+00 -2.139376e+01 2.139376e+01
      vertex   2.800000e+00 -2.111091e+01 2.111091e+01
      vertex   2.400000e+00 -2.120996e+01 2.158744e+01
    endloop
  endfacet
  facet normal 7.069862e-01 -5.130051e-01 4.868227e-01
    outer loop
      vertex   2.400000e+00 -2.120996e+01 2.158744e+01
      vertex   2.800000e+00 -2.111091e+01 2.111091e+01
      vertex   2.800000e+00 -2.091270e+01 2.131978e+01
    endloop
  endfacet
  facet normal 7.069862e-01 -5.377807e-01 4.593065e-01
    outer loop
      vertex   2.400000e+00 -2.120996e+01 2.158744e+01
      vertex   2.800000e+00 -2.091270e+01 2.131978e+01
      vertex   2.400000e+00 -2.103656e+01 2.179047e+01
    endloop
  endfacet
  facet normal 7.069865e-01 -5.377797e-01 4.593071e-01
    outer loop
      vertex   2.400000e+00 -2.103656e+01 2.179047e+01
      vertex   2.800000e+00 -2.091270e+01 2.131978e+01
      vertex   2.800000e+00 -2.072570e+01 2.153874e+01
    endloop
  endfacet
  facet normal 7.069866e-01 -5.610798e-01 4.305339e-01
    outer loop
      vertex   2.400000e+00 -2.103656e+01 2.179047e+01
      vertex   2.800000e+00 -2.072570e+01 2.153874e+01
      vertex   2.400000e+00 -2.087401e+01 2.200229e+01
    endloop
  endfacet
  facet normal 7.069850e-01 -5.610838e-01 4.305312e-01
    outer loop
      vertex   2.400000e+00 -2.087401e+01 2.200229e+01
      vertex   2.800000e+00 -2.072570e+01 2.153874e+01
      vertex   2.800000e+00 -2.055041e+01 2.176718e+01
    endloop
  endfacet
  facet normal 7.069850e-01 -5.828461e-01 4.005779e-01
    outer loop
      vertex   2.400000e+00 -2.087401e+01 2.200229e+01
      vertex   2.800000e+00 -2.055041e+01 2.176718e+01
      vertex   2.400000e+00 -2.072278e+01 2.222234e+01
    endloop
  endfacet
  facet normal 7.069857e-01 -5.828445e-01 4.005791e-01
    outer loop
      vertex   2.400000e+00 -2.072278e+01 2.222234e+01
      vertex   2.800000e+00 -2.055041e+01 2.176718e+01
      vertex   2.800000e+00 -2.038731e+01 2.200449e+01
    endloop
  endfacet
  facet normal 7.069857e-01 -6.030115e-01 3.695245e-01
    outer loop
      vertex   2.400000e+00 -2.072278e+01 2.222234e+01
      vertex   2.800000e+00 -2.038731e+01 2.200449e+01
      vertex   2.400000e+00 -2.058327e+01 2.245000e+01
    endloop
  endfacet
  facet normal 7.069865e-01 -6.030096e-01 3.695261e-01
    outer loop
      vertex   2.400000e+00 -2.058327e+01 2.245000e+01
      vertex   2.800000e+00 -2.038731e+01 2.200449e+01
      vertex   2.800000e+00 -2.023686e+01 2.225000e+01
    endloop
  endfacet
  facet normal 7.069866e-01 -6.215211e-01 3.374633e-01
    outer loop
      vertex   2.400000e+00 -2.058327e+01 2.245000e+01
      vertex   2.800000e+00 -2.023686e+01 2.225000e+01
      vertex   2.400000e+00 -2.045587e+01 2.268465e+01
    endloop
  endfacet
  facet normal 7.069851e-01 -6.215245e-01 3.374602e-01
    outer loop
      vertex   2.400000e+00 -2.045587e+01 2.268465e+01
      vertex   2.800000e+00 -2.023686e+01 2.225000e+01
      vertex   2.800000e+00 -2.009946e+01 2.250305e+01
    endloop
  endfacet
  facet normal 7.069850e-01 -6.383347e-01 3.044684e-01
    outer loop
      vertex   2.400000e+00 -2.045587e+01 2.268465e+01
      vertex   2.800000e+00 -2.009946e+01 2.250305e+01
      vertex   2.400000e+00 -2.034092e+01 2.292564e+01
    endloop
  endfacet
  facet normal 7.069853e-01 -6.383341e-01 3.044690e-01
    outer loop
      vertex   2.400000e+00 -2.034092e+01 2.292564e+01
      vertex   2.800000e+00 -2.009946e+01 2.250305e+01
      vertex   2.800000e+00 -1.997550e+01 2.276295e+01
    endloop
  endfacet
  facet normal 7.069853e-01 -6.533931e-01 2.706460e-01
    outer loop
      vertex   2.400000e+00 -2.034092e+01 2.292564e+01
      vertex   2.800000e+00 -1.997550e+01 2.276295e+01
      vertex   2.400000e+00 -2.023874e+01 2.317232e+01
    endloop
  endfacet
  facet normal 7.069855e-01 -6.533925e-01 2.706467e-01
    outer loop
      vertex   2.400000e+00 -2.023874e+01 2.317232e+01
      vertex   2.800000e+00 -1.997550e+01 2.276295e+01
      vertex   2.800000e+00 -1.986531e+01 2.302898e+01
    endloop
  endfacet
  facet normal 7.069855e-01 -6.666637e-01 2.360741e-01
    outer loop
      vertex   2.400000e+00 -2.023874e+01 2.317232e+01
      vertex   2.800000e+00 -1.986531e+01 2.302898e+01
      vertex   2.400000e+00 -2.014961e+01 2.342401e+01
    endloop
  endfacet
  facet normal 7.069854e-01 -6.666639e-01 2.360738e-01
    outer loop
      vertex   2.400000e+00 -2.014961e+01 2.342401e+01
      vertex   2.800000e+00 -1.986531e+01 2.302898e+01
      vertex   2.800000e+00 -1.976919e+01 2.330041e+01
    endloop
  endfacet
  facet normal 7.069855e-01 -6.781038e-01 2.008652e-01
    outer loop
      vertex   2.400000e+00 -2.014961e+01 2.342401e+01
      vertex   2.800000e+00 -1.976919e+01 2.330041e+01
      vertex   2.400000e+00 -2.007378e+01 2.368002e+01
    endloop
  endfacet
  facet normal 7.069850e-01 -6.781045e-01 2.008642e-01
    outer loop
      vertex   2.400000e+00 -2.007378e+01 2.368002e+01
      vertex   2.800000e+00 -1.976919e+01 2.330041e+01
      vertex   2.800000e+00 -1.968741e+01 2.357650e+01
    endloop
  endfacet
  facet normal 7.069851e-01 -6.876880e-01 1.650979e-01
    outer loop
      vertex   2.400000e+00 -2.007378e+01 2.368002e+01
      vertex   2.800000e+00 -1.968741e+01 2.357650e+01
      vertex   2.400000e+00 -2.001145e+01 2.393965e+01
    endloop
  endfacet
  facet normal 7.069865e-01 -6.876856e-01 1.651017e-01
    outer loop
      vertex   2.400000e+00 -2.001145e+01 2.393965e+01
      vertex   2.800000e+00 -1.968741e+01 2.357650e+01
      vertex   2.800000e+00 -1.962019e+01 2.385649e+01
    endloop
  endfacet
  facet normal 7.069866e-01 -6.953842e-01 1.288828e-01
    outer loop
      vertex   2.400000e+00 -2.001145e+01 2.393965e+01
      vertex   2.800000e+00 -1.962019e+01 2.385649e+01
      vertex   2.400000e+00 -1.996279e+01 2.420219e+01
    endloop
  endfacet
  facet normal 7.069854e-01 -6.953860e-01 1.288796e-01
    outer loop
      vertex   2.400000e+00 -1.996279e+01 2.420219e+01
      vertex   2.800000e+00 -1.962019e+01 2.385649e+01
      vertex   2.800000e+00 -1.956771e+01 2.413961e+01
    endloop
  endfacet
  facet normal 7.069854e-01 -7.011778e-01 9.231155e-02
    outer loop
      vertex   2.400000e+00 -1.996279e+01 2.420219e+01
      vertex   2.800000e+00 -1.956771e+01 2.413961e+01
      vertex   2.400000e+00 -1.992794e+01 2.446691e+01
    endloop
  endfacet
  facet normal 7.069853e-01 -7.011779e-01 9.231141e-02
    outer loop
      vertex   2.400000e+00 -1.992794e+01 2.446691e+01
      vertex   2.800000e+00 -1.956771e+01 2.413961e+01
      vertex   2.800000e+00 -1.953013e+01 2.442509e+01
    endloop
  endfacet
  facet normal 7.069852e-01 -7.050483e-01 5.548701e-02
    outer loop
      vertex   2.400000e+00 -1.992794e+01 2.446691e+01
      vertex   2.800000e+00 -1.953013e+01 2.442509e+01
      vertex   2.400000e+00 -1.990699e+01 2.473309e+01
    endloop
  endfacet
  facet normal 7.069861e-01 -7.050472e-01 5.548952e-02
    outer loop
      vertex   2.400000e+00 -1.990699e+01 2.473309e+01
      vertex   2.800000e+00 -1.953013e+01 2.442509e+01
      vertex   2.800000e+00 -1.950754e+01 2.471215e+01
    endloop
  endfacet
  facet normal 7.069861e-01 -7.069850e-01 1.851592e-02
    outer loop
      vertex   2.400000e+00 -1.990699e+01 2.473309e+01
      vertex   2.800000e+00 -1.950754e+01 2.471215e+01
      vertex   2.400000e+00 -1.990000e+01 2.500000e+01
    endloop
  endfacet
  facet normal 7.069854e-01 -7.069858e-01 1.851379e-02
    outer loop
      vertex   2.400000e+00 -1.990000e+01 2.500000e+01
      vertex   2.800000e+00 -1.950754e+01 2.471215e+01
      vertex   2.800000e+00 -1.950000e+01 2.500000e+01
    endloop
  endfacet
  facet normal 7.069853e-01 -7.069858e-01 -1.851595e-02
    outer loop
      vertex   2.400000e+00 -1.990000e+01 2.500000e+01
      vertex   2.800000e+00 -1.950000e+01 2.500000e+01
      vertex   2.400000e+00 -1.990699e+01 2.526691e+01
    endloop
  endfacet
  facet normal 7.069861e-01 -7.069851e-01 -1.851377e-02
    outer loop
      vertex   2.400000e+00 -1.990699e+01 2.526691e+01
      vertex   2.800000e+00 -1.950000e+01 2.500000e+01
      vertex   2.800000e+00 -1.950754e+01 2.528785e+01
    endloop
  endfacet
  facet normal 7.069861e-01 -7.050474e-01 -5.548694e-02
    outer loop
      vertex   2.400000e+00 -1.990699e+01 2.526691e+01
      vertex   2.800000e+00 -1.950754e+01 2.528785e+01
      vertex   2.400000e+00 -1.992794e+01 2.553309e+01
    endloop
  endfacet
  facet normal 7.069852e-01 -7.050481e-01 -5.548959e-02
    outer loop
      vertex   2.400000e+00 -1.992794e+01 2.553309e+01
      vertex   2.800000e+00 -1.950754e+01 2.528785e+01
      vertex   2.800000e+00 -1.953013e+01 2.557491e+01
    endloop
  endfacet
  facet normal 7.069853e-01 -7.011778e-01 -9.231156e-02
    outer loop
      vertex   2.400000e+00 -1.992794e+01 2.553309e+01
      vertex   2.800000e+00 -1.953013e+01 2.557491e+01
      vertex   2.400000e+00 -1.996279e+01 2.579782e+01
    endloop
  endfacet
  facet normal 7.069854e-01 -7.011778e-01 -9.231140e-02
    outer loop
      vertex   2.400000e+00 -1.996279e+01 2.579782e+01
      vertex   2.800000e+00 -1.953013e+01 2.557491e+01
      vertex   2.800000e+00 -1.956771e+01 2.586039e+01
    endloop
  endfacet
  facet normal 7.069854e-01 -6.953854e-01 -1.288830e-01
    outer loop
      vertex   2.400000e+00 -1.996279e+01 2.579782e+01
      vertex   2.800000e+00 -1.956771e+01 2.586039e+01
      vertex   2.400000e+00 -2.001145e+01 2.606035e+01
    endloop
  endfacet
  facet normal 7.069866e-01 -6.953848e-01 -1.288794e-01
    outer loop
      vertex   2.400000e+00 -2.001145e+01 2.606035e+01
      vertex   2.800000e+00 -1.956771e+01 2.586039e+01
      vertex   2.800000e+00 -1.962019e+01 2.614352e+01
    endloop
  endfacet
  facet normal 7.069866e-01 -6.876865e-01 -1.650975e-01
    outer loop
      vertex   2.400000e+00 -2.001145e+01 2.606035e+01
      vertex   2.800000e+00 -1.962019e+01 2.614352e+01
      vertex   2.400000e+00 -2.007378e+01 2.631998e+01
    endloop
  endfacet
  facet normal 7.069851e-01 -6.876870e-01 -1.651020e-01
    outer loop
      vertex   2.400000e+00 -2.007378e+01 2.631998e+01
      vertex   2.800000e+00 -1.962019e+01 2.614352e+01
      vertex   2.800000e+00 -1.968741e+01 2.642350e+01
    endloop
  endfacet
  facet normal 7.069850e-01 -6.781042e-01 -2.008653e-01
    outer loop
      vertex   2.400000e+00 -2.007378e+01 2.631998e+01
      vertex   2.800000e+00 -1.968741e+01 2.642350e+01
      vertex   2.400000e+00 -2.014961e+01 2.657599e+01
    endloop
  endfacet
  facet normal 7.069854e-01 -6.781041e-01 -2.008640e-01
    outer loop
      vertex   2.400000e+00 -2.014961e+01 2.657599e+01
      vertex   2.800000e+00 -1.968741e+01 2.642350e+01
      vertex   2.800000e+00 -1.976919e+01 2.669959e+01
    endloop
  endfacet
  facet normal 7.069854e-01 -6.666638e-01 -2.360741e-01
    outer loop
      vertex   2.400000e+00 -2.014961e+01 2.657599e+01
      vertex   2.800000e+00 -1.976919e+01 2.669959e+01
      vertex   2.400000e+00 -2.023874e+01 2.682768e+01
    endloop
  endfacet
  facet normal 7.069855e-01 -6.666638e-01 -2.360738e-01
    outer loop
      vertex   2.400000e+00 -2.023874e+01 2.682768e+01
      vertex   2.800000e+00 -1.976919e+01 2.669959e+01
      vertex   2.800000e+00 -1.986531e+01 2.697102e+01
    endloop
  endfacet
  facet normal 7.069856e-01 -6.533928e-01 -2.706459e-01
    outer loop
      vertex   2.400000e+00 -2.023874e+01 2.682768e+01
      vertex   2.800000e+00 -1.986531e+01 2.697102e+01
      vertex   2.400000e+00 -2.034092e+01 2.707436e+01
    endloop
  endfacet
  facet normal 7.069853e-01 -6.533928e-01 -2.706468e-01
    outer loop
      vertex   2.400000e+00 -2.034092e+01 2.707436e+01
      vertex   2.800000e+00 -1.986531e+01 2.697102e+01
      vertex   2.800000e+00 -1.997550e+01 2.723705e+01
    endloop
  endfacet
  facet normal 7.069853e-01 -6.383345e-01 -3.044682e-01
    outer loop
      vertex   2.400000e+00 -2.034092e+01 2.707436e+01
      vertex   2.800000e+00 -1.997550e+01 2.723705e+01
      vertex   2.400000e+00 -2.045587e+01 2.731535e+01
    endloop
  endfacet
  facet normal 7.069850e-01 -6.383344e-01 -3.044691e-01
    outer loop
      vertex   2.400000e+00 -2.045587e+01 2.731535e+01
      vertex   2.800000e+00 -1.997550e+01 2.723705e+01
      vertex   2.800000e+00 -2.009946e+01 2.749695e+01
    endloop
  endfacet
  facet normal 7.069850e-01 -6.215225e-01 -3.374640e-01
    outer loop
      vertex   2.400000e+00 -2.045587e+01 2.731535e+01
      vertex   2.800000e+00 -2.009946e+01 2.749695e+01
      vertex   2.400000e+00 -2.058327e+01 2.755000e+01
    endloop
  endfacet
  facet normal 7.069865e-01 -6.215233e-01 -3.374595e-01
    outer loop
      vertex   2.400000e+00 -2.058327e+01 2.755000e+01
      vertex   2.800000e+00 -2.009946e+01 2.749695e+01
      vertex   2.800000e+00 -2.023686e+01 2.775000e+01
    endloop
  endfacet
  facet normal 7.069865e-01 -6.030108e-01 -3.695240e-01
    outer loop
      vertex   2.400000e+00 -2.058327e+01 2.755000e+01
      vertex   2.800000e+00 -2.023686e+01 2.775000e+01
      vertex   2.400000e+00 -2.072278e+01 2.777766e+01
    endloop
  endfacet
  facet normal 7.069857e-01 -6.030103e-01 -3.695265e-01
    outer loop
      vertex   2.400000e+00 -2.072278e+01 2.777766e+01
      vertex   2.800000e+00 -2.023686e+01 2.775000e+01
      vertex   2.800000e+00 -2.038731e+01 2.799551e+01
    endloop
  endfacet
  facet normal 7.069857e-01 -5.828455e-01 -4.005775e-01
    outer loop
      vertex   2.400000e+00 -2.072278e+01 2.777766e+01
      vertex   2.800000e+00 -2.038731e+01 2.799551e+01
      vertex   2.400000e+00 -2.087401e+01 2.799771e+01
    endloop
  endfacet
  facet normal 7.069850e-01 -5.828450e-01 -4.005794e-01
    outer loop
      vertex   2.400000e+00 -2.087401e+01 2.799771e+01
      vertex   2.800000e+00 -2.038731e+01 2.799551e+01
      vertex   2.800000e+00 -2.055041e+01 2.823282e+01
    endloop
  endfacet
  facet normal 7.069850e-01 -5.610811e-01 -4.305348e-01
    outer loop
      vertex   2.400000e+00 -2.087401e+01 2.799771e+01
      vertex   2.800000e+00 -2.055041e+01 2.823282e+01
      vertex   2.400000e+00 -2.103656e+01 2.820953e+01
    endloop
  endfacet
  facet normal 7.069865e-01 -5.610826e-01 -4.305303e-01
    outer loop
      vertex   2.400000e+00 -2.103656e+01 2.820953e+01
      vertex   2.800000e+00 -2.055041e+01 2.823282e+01
      vertex   2.800000e+00 -2.072570e+01 2.846126e+01
    endloop
  endfacet
  facet normal 7.069866e-01 -5.377804e-01 -4.593062e-01
    outer loop
      vertex   2.400000e+00 -2.103656e+01 2.820953e+01
      vertex   2.800000e+00 -2.072570e+01 2.846126e+01
      vertex   2.400000e+00 -2.120996e+01 2.841257e+01
    endloop
  endfacet
  facet normal 7.069862e-01 -5.377800e-01 -4.593073e-01
    outer loop
      vertex   2.400000e+00 -2.120996e+01 2.841257e+01
      vertex   2.800000e+00 -2.072570e+01 2.846126e+01
      vertex   2.800000e+00 -2.091270e+01 2.868022e+01
    endloop
  endfacet
  facet normal 7.069862e-01 -5.130062e-01 -4.868214e-01
    outer loop
      vertex   2.400000e+00 -2.120996e+01 2.841257e+01
      vertex   2.800000e+00 -2.091270e+01 2.868022e+01
      vertex   2.400000e+00 -2.139376e+01 2.860625e+01
    endloop
  endfacet
  facet normal 7.069856e-01 -5.130055e-01 -4.868231e-01
    outer loop
      vertex   2.400000e+00 -2.139376e+01 2.860625e+01
      vertex   2.800000e+00 -2.091270e+01 2.868022e+01
      vertex   2.800000e+00 -2.111091e+01 2.888909e+01
    endloop
  endfacet
  facet normal 7.071068e-01 5.000000e-01 -5.000000e-01
    outer loop
      vertex   2.800000e+00 -2.888909e+01 2.888909e+01
      vertex   2.400000e+00 -2.860625e+01 2.860625e+01
      vertex   2.800000e+00 -2.707817e+01 3.070000e+01
    endloop
  endfacet
  facet normal 7.071081e-01 4.999988e-01 -4.999994e-01
    outer loop
      vertex   2.800000e+00 -2.707817e+01 3.070000e+01
      vertex   2.400000e+00 -2.860625e+01 2.860625e+01
      vertex   2.400000e+00 -2.691249e+01 3.030000e+01
    endloop
  endfacet
  facet normal -0.000000e+00 -7.071064e-01 -7.071072e-01
    outer loop
      vertex   2.400000e+00 -2.139376e+01 2.860625e+01
      vertex   2.400000e+00 -2.308751e+01 3.030000e+01
      vertex   8.000000e-01 -2.139376e+01 2.860625e+01
    endloop
  endfacet
  facet normal -2.272537e-17 -7.071064e-01 -7.071072e-01
    outer loop
      vertex   8.000000e-01 -2.139376e+01 2.860625e+01
      vertex   2.400000e+00 -2.308751e+01 3.030000e+01
      vertex   8.000000e-01 -2.308751e+01 3.030000e+01
    endloop
  endfacet
  facet normal -0.000000e+00 -0.000000e+00 -1.000000e+00
    outer loop
      vertex   2.400000e+00 -2.308751e+01 3.030000e+01
      vertex   2.400000e+00 -2.691249e+01 3.030000e+01
      vertex   8.000000e-01 -2.308751e+01 3.030000e+01
    endloop
  endfacet
  facet normal 0.000000e+00 0.000000e+00 -1.000000e+00
    outer loop
      vertex   8.000000e-01 -2.308751e+01 3.030000e+01
      vertex   2.400000e+00 -2.691249e+01 3.030000e+01
      vertex   8.000000e-01 -2.691249e+01 3.030000e+01
    endloop
  endfacet
  facet normal 0.000000e+00 7.071085e-01 -7.071051e-01
    outer loop
      vertex   4.000000e+00 3.970000e+01 1.750000e+01
      vertex   4.000000e-01 3.970000e+01 1.750000e+01
      vertex   4.400000e+00 4.010000e+01 1.790000e+01
    endloop
  endfacet
  facet normal 0.000000e+00 7.071085e-01 -7.071051e-01
    outer loop
      vertex   4.400000e+00 4.010000e+01 1.790000e+01
      vertex   4.000000e-01 3.970000e+01 1.750000e+01
      vertex   -4.929390e-15 4.010000e+01 1.790000e+01
    endloop
  endfacet
  facet normal 0.000000e+00 7.071051e-01 -7.071085e-01
    outer loop
      vertex   4.400000e+00 4.010000e+01 1.790000e+01
      vertex   -4.929390e-15 4.010000e+01 1.790000e+01
      vertex   4.000000e+00 4.050000e+01 1.830000e+01
    endloop
  endfacet
  facet normal 0.000000e+00 7.071051e-01 -7.071085e-01
    outer loop
      vertex   4.000000e+00 4.050000e+01 1.830000e+01
      vertex   -4.929390e-15 4.010000e+01 1.790000e+01
      vertex   4.000000e-01 4.050000e+01 1.830000e+01
    endloop
  endfacet
  facet normal 0.000000e+00 1.000000e+00 0.000000e+00
    outer loop
      vertex   4.000000e-01 4.050000e+01 1.830000e+01
      vertex   4.000000e-01 4.050000e+01 3.170000e+01
      vertex   4.000000e+00 4.050000e+01 1.830000e+01
    endloop
  endfacet
  facet normal 0.000000e+00 1.000000e+00 -0.000000e+00
    outer loop
      vertex   4.000000e+00 4.050000e+01 1.830000e+01
      vertex   4.000000e-01 4.050000e+01 3.170000e+01
      vertex   4.000000e+00 4.050000e+01 3.170000e+01
    endloop
  endfacet
  facet normal -7.071081e-01 7.071054e-01 0.000000e+00
    outer loop
      vertex   4.000000e-01 4.050000e+01 1.830000e+01
      vertex   -4.929390e-15 4.010000e+01 1.790000e+01
      vertex   4.000000e-01 4.050000e+01 3.170000e+01
    endloop
  endfacet
  facet normal -7.071081e-01 7.071054e-01 1.563189e-16
    outer loop
      vertex   4.000000e-01 4.050000e+01 3.170000e+01
      vertex   -4.929390e-15 4.010000e+01 1.790000e+01
      vertex   -1.776357e-15 4.010000e+01 3.210000e+01
    endloop
  endfacet
  facet normal -7.071055e-01 -1.530759e-16 -7.071080e-01
    outer loop
      vertex   6.675216e-15 -1.247500e+01 1.790000e+01
      vertex   1.273981e-15 1.247500e+01 1.790000e+01
      vertex   3.250000e-01 -1.247500e+01 1.757500e+01
    endloop
  endfacet
  facet normal -7.071055e-01 0.000000e+00 -7.071080e-01
    outer loop
      vertex   3.250000e-01 -1.247500e+01 1.757500e+01
      vertex   1.273981e-15 1.247500e+01 1.790000e+01
      vertex   3.250000e-01 1.247500e+01 1.757500e+01
    endloop
  endfacet
  facet normal -7.071103e-01 0.000000e+00 -7.071033e-01
    outer loop
      vertex   3.250000e-01 -1.247500e+01 1.757500e+01
      vertex   3.250000e-01 1.247500e+01 1.757500e+01
      vertex   4.000000e-01 -1.240000e+01 1.750000e+01
    endloop
  endfacet
  facet normal -7.071103e-01 0.000000e+00 -7.071033e-01
    outer loop
      vertex   4.000000e-01 -1.240000e+01 1.750000e+01
      vertex   3.250000e-01 1.247500e+01 1.757500e+01
      vertex   4.000000e-01 1.240000e+01 1.750000e+01
    endloop
  endfacet
  facet normal 0.000000e+00 7.071034e-01 7.071102e-01
    outer loop
      vertex   4.000000e+00 4.050000e+01 3.170000e+01
      vertex   4.000000e-01 4.050000e+01 3.170000e+01
      vertex   4.400000e+00 4.010000e+01 3.210000e+01
    endloop
  endfacet
  facet normal 0.000000e+00 7.071034e-01 7.071102e-01
    outer loop
      vertex   4.400000e+00 4.010000e+01 3.210000e+01
      vertex   4.000000e-01 4.050000e+01 3.170000e+01
      vertex   -1.776357e-15 4.010000e+01 3.210000e+01
    endloop
  endfacet
  facet normal 0.000000e+00 7.071102e-01 7.071034e-01
    outer loop
      vertex   4.400000e+00 4.010000e+01 3.210000e+01
      vertex   -1.776357e-15 4.010000e+01 3.210000e+01
      vertex   4.000000e+00 3.970000e+01 3.250000e+01
    endloop
  endfacet
  facet normal 0.000000e+00 7.071102e-01 7.071034e-01
    outer loop
      vertex   4.000000e+00 3.970000e+01 3.250000e+01
      vertex   -1.776357e-15 4.010000e+01 3.210000e+01
      vertex   4.000000e-01 3.970000e+01 3.250000e+01
    endloop
  endfacet
  facet normal 7.071080e-01 7.071055e-01 -0.000000e+00
    outer loop
      vertex   4.000000e+00 4.050000e+01 1.830000e+01
      vertex   4.000000e+00 4.050000e+01 3.170000e+01
      vertex   4.400000e+00 4.010000e+01 1.790000e+01
    endloop
  endfacet
  facet normal 7.071080e-01 7.071055e-01 -0.000000e+00
    outer loop
      vertex   4.400000e+00 4.010000e+01 1.790000e+01
      vertex   4.000000e+00 4.050000e+01 3.170000e+01
      vertex   4.400000e+00 4.010000e+01 3.210000e+01
    endloop
  endfacet
  facet normal 7.071080e-01 0.000000e+00 7.071055e-01
    outer loop
      vertex   4.400000e+00 4.010000e+01 3.210000e+01
      vertex   4.000000e+00 3.970000e+01 3.250000e+01
      vertex   4.400000e+00 3.820000e+01 3.210000e+01
    endloop
  endfacet
  facet normal 7.071080e-01 -1.439777e-17 7.071055e-01
    outer loop
      vertex   4.400000e+00 3.820000e+01 3.210000e+01
      vertex   4.000000e+00 3.970000e+01 3.250000e+01
      vertex   4.000000e+00 3.820000e+01 3.250000e+01
    endloop
  endfacet
  facet normal -0.000000e+00 -7.071051e-01 -7.071085e-01
    outer loop
      vertex   4.000000e+00 -4.050000e+01 1.830000e+01
      vertex   4.000000e-01 -4.050000e+01 1.830000e+01
      vertex   4.400000e+00 -4.010000e+01 1.790000e+01
    endloop
  endfacet
  facet normal -0.000000e+00 -7.071051e-01 -7.071085e-01
    outer loop
      vertex   4.400000e+00 -4.010000e+01 1.790000e+01
      vertex   4.000000e-01 -4.050000e+01 1.830000e+01
      vertex   1.287859e-14 -4.010000e+01 1.790000e+01
    endloop
  endfacet
  facet normal -0.000000e+00 -7.071085e-01 -7.071051e-01
    outer loop
      vertex   4.400000e+00 -4.010000e+01 1.790000e+01
      vertex   1.287859e-14 -4.010000e+01 1.790000e+01
      vertex   4.000000e+00 -3.970000e+01 1.750000e+01
    endloop
  endfacet
  facet normal -0.000000e+00 -7.071085e-01 -7.071051e-01
    outer loop
      vertex   4.000000e+00 -3.970000e+01 1.750000e+01
      vertex   1.287859e-14 -4.010000e+01 1.790000e+01
      vertex   4.000000e-01 -3.970000e+01 1.750000e+01
    endloop
  endfacet
  facet normal -7.071081e-01 -7.071054e-01 0.000000e+00
    outer loop
      vertex   4.000000e-01 -4.050000e+01 1.830000e+01
      vertex   4.000000e-01 -4.050000e+01 3.170000e+01
      vertex   1.287859e-14 -4.010000e+01 1.790000e+01
    endloop
  endfacet
  facet normal -7.071081e-01 -7.071054e-01 1.570095e-16
    outer loop
      vertex   1.287859e-14 -4.010000e+01 1.790000e+01
      vertex   4.000000e-01 -4.050000e+01 3.170000e+01
      vertex   1.603162e-14 -4.010000e+01 3.210000e+01
    endloop
  endfacet
  facet normal 0.000000e+00 -1.000000e+00 0.000000e+00
    outer loop
      vertex   4.000000e+00 -4.050000e+01 1.830000e+01
      vertex   4.000000e+00 -4.050000e+01 3.170000e+01
      vertex   4.000000e-01 -4.050000e+01 1.830000e+01
    endloop
  endfacet
  facet normal 0.000000e+00 -1.000000e+00 0.000000e+00
    outer loop
      vertex   4.000000e-01 -4.050000e+01 1.830000e+01
      vertex   4.000000e+00 -4.050000e+01 3.170000e+01
      vertex   4.000000e-01 -4.050000e+01 3.170000e+01
    endloop
  endfacet
  facet normal 7.071080e-01 -7.071055e-01 0.000000e+00
    outer loop
      vertex   4.000000e+00 -4.050000e+01 1.830000e+01
      vertex   4.400000e+00 -4.010000e+01 1.790000e+01
      vertex   4.000000e+00 -4.050000e+01 3.170000e+01
    endloop
  endfacet
  facet normal 7.071080e-01 -7.071055e-01 1.520891e-18
    outer loop
      vertex   4.000000e+00 -4.050000e+01 3.170000e+01
      vertex   4.400000e+00 -4.010000e+01 1.790000e+01
      vertex   4.400000e+00 -4.010000e+01 3.210000e+01
    endloop
  endfacet
  facet normal 0.000000e+00 -7.071102e-01 7.071034e-01
    outer loop
      vertex   4.000000e+00 -3.970000e+01 3.250000e+01
      vertex   4.000000e-01 -3.970000e+01 3.250000e+01
      vertex   4.400000e+00 -4.010000e+01 3.210000e+01
    endloop
  endfacet
  facet normal 0.000000e+00 -7.071102e-01 7.071034e-01
    outer loop
      vertex   4.400000e+00 -4.010000e+01 3.210000e+01
      vertex   4.000000e-01 -3.970000e+01 3.250000e+01
      vertex   1.603162e-14 -4.010000e+01 3.210000e+01
    endloop
  endfacet
  facet normal 0.000000e+00 -7.071034e-01 7.071102e-01
    outer loop
      vertex   4.400000e+00 -4.010000e+01 3.210000e+01
      vertex   1.603162e-14 -4.010000e+01 3.210000e+01
      vertex   4.000000e+00 -4.050000e+01 3.170000e+01
    endloop
  endfacet
  facet normal 0.000000e+00 -7.071034e-01 7.071102e-01
    outer loop
      vertex   4.000000e+00 -4.050000e+01 3.170000e+01
      vertex   1.603162e-14 -4.010000e+01 3.210000e+01
      vertex   4.000000e-01 -4.050000e+01 3.170000e+01
    endloop
  endfacet
  facet normal 7.071080e-01 -0.000000e+00 7.071055e-01
    outer loop
      vertex   4.400000e+00 -4.010000e+01 3.210000e+01
      vertex   4.400000e+00 -3.820000e+01 3.210000e+01
      vertex   4.000000e+00 -3.970000e+01 3.250000e+01
    endloop
  endfacet
  facet normal 7.071080e-01 -0.000000e+00 7.071055e-01
    outer loop
      vertex   4.000000e+00 -3.970000e+01 3.250000e+01
      vertex   4.400000e+00 -3.820000e+01 3.210000e+01
      vertex   4.000000e+00 -3.820000e+01 3.250000e+01
    endloop
  endfacet
  facet normal 0.000000e+00 1.000000e+00 0.000000e+00
    outer loop
      vertex   4.400000e+00 -3.820000e+01 3.210000e+01
      vertex   4.400000e+00 -3.820000e+01 1.980000e+01
      vertex   4.000000e+00 -3.820000e+01 3.250000e+01
    endloop
  endfacet
  facet normal 0.000000e+00 1.000000e+00 0.000000e+00
    outer loop
      vertex   4.000000e+00 -3.820000e+01 3.250000e+01
      vertex   4.400000e+00 -3.820000e+01 1.980000e+01
      vertex   3.600000e+00 -3.820000e+01 1.980000e+01
    endloop
  endfacet
  facet normal 0.000000e+00 1.000000e+00 0.000000e+00
    outer loop
      vertex   4.000000e+00 -3.820000e+01 3.250000e+01
      vertex   3.600000e+00 -3.820000e+01 1.980000e+01
      vertex   3.600000e+00 -3.820000e+01 3.250000e+01
    endloop
  endfacet
  facet normal 1.000000e+00 0.000000e+00 0.000000e+00
    outer loop
      vertex   4.400000e+00 -3.820000e+01 3.210000e+01
      vertex   4.400000e+00 -4.010000e+01 3.210000e+01
      vertex   4.400000e+00 -3.820000e+01 1.980000e+01
    endloop
  endfacet
  facet normal 1.000000e+00 0.000000e+00 0.000000e+00
    outer loop
      vertex   4.400000e+00 -3.820000e+01 1.980000e+01
      vertex   4.400000e+00 -4.010000e+01 3.210000e+01
      vertex   4.400000e+00 -4.010000e+01 1.790000e+01
    endloop
  endfacet
  facet normal 1.000000e+00 0.000000e+00 0.000000e+00
    outer loop
      vertex   4.400000e+00 -3.820000e+01 1.980000e+01
      vertex   4.400000e+00 -4.010000e+01 1.790000e+01
      vertex   4.400000e+00 4.010000e+01 1.790000e+01
    endloop
  endfacet
  facet normal 1.000000e+00 -0.000000e+00 0.000000e+00
    outer loop
      vertex   4.400000e+00 -3.820000e+01 1.980000e+01
      vertex   4.400000e+00 4.010000e+01 1.790000e+01
      vertex   4.400000e+00 3.820000e+01 1.980000e+01
    endloop
  endfacet
  facet normal 1.000000e+00 -0.000000e+00 0.000000e+00
    outer loop
      vertex   4.400000e+00 3.820000e+01 1.980000e+01
      vertex   4.400000e+00 4.010000e+01 1.790000e+01
      vertex   4.400000e+00 4.010000e+01 3.210000e+01
    endloop
  endfacet
  facet normal 1.000000e+00 0.000000e+00 0.000000e+00
    outer loop
      vertex   4.400000e+00 3.820000e+01 1.980000e+01
      vertex   4.400000e+00 4.010000e+01 3.210000e+01
      vertex   4.400000e+00 3.820000e+01 3.210000e+01
    endloop
  endfacet
  facet normal 7.071064e-01 0.000000e+00 -7.071072e-01
    outer loop
      vertex   4.400000e+00 4.010000e+01 1.790000e+01
      vertex   4.400000e+00 -4.010000e+01 1.790000e+01
      vertex   4.000000e+00 3.970000e+01 1.750000e+01
    endloop
  endfacet
  facet normal 7.071064e-01 0.000000e+00 -7.071072e-01
    outer loop
      vertex   4.000000e+00 3.970000e+01 1.750000e+01
      vertex   4.400000e+00 -4.010000e+01 1.790000e+01
      vertex   4.000000e+00 -3.970000e+01 1.750000e+01
    endloop
  endfacet
  facet normal -0.000000e+00 0.000000e+00 1.000000e+00
    outer loop
      vertex   4.000000e-01 3.970000e+01 3.250000e+01
      vertex   2.800000e+00 3.925000e+01 3.250000e+01
      vertex   4.000000e+00 3.970000e+01 3.250000e+01
    endloop
  endfacet
  facet normal 0.000000e+00 0.000000e+00 1.000000e+00
    outer loop
      vertex   4.000000e+00 3.970000e+01 3.250000e+01
      vertex   2.800000e+00 3.925000e+01 3.250000e+01
      vertex   3.600000e+00 3.925000e+01 3.250000e+01
    endloop
  endfacet
  facet normal 0.000000e+00 0.000000e+00 1.000000e+00
    outer loop
      vertex   4.000000e+00 3.970000e+01 3.250000e+01
      vertex   3.600000e+00 3.925000e+01 3.250000e+01
      vertex   4.000000e+00 3.820000e+01 3.250000e+01
    endloop
  endfacet
  facet normal 0.000000e+00 0.000000e+00 1.000000e+00
    outer loop
      vertex   4.000000e+00 3.820000e+01 3.250000e+01
      vertex   3.600000e+00 3.925000e+01 3.250000e+01
      vertex   3.600000e+00 3.820000e+01 3.250000e+01
    endloop
  endfacet
  facet normal 0.000000e+00 0.000000e+00 1.000000e+00
    outer loop
      vertex   4.000000e-01 3.970000e+01 3.250000e+01
      vertex   4.000000e-01 -3.970000e+01 3.250000e+01
      vertex   2.800000e+00 3.925000e+01 3.250000e+01
    endloop
  endfacet
  facet normal 0.000000e+00 0.000000e+00 1.000000e+00
    outer loop
      vertex   2.800000e+00 3.925000e+01 3.250000e+01
      vertex   4.000000e-01 -3.970000e+01 3.250000e+01
      vertex   2.800000e+00 -3.925000e+01 3.250000e+01
    endloop
  endfacet
  facet normal 0.000000e+00 0.000000e+00 1.000000e+00
    outer loop
      vertex   2.800000e+00 -3.925000e+01 3.250000e+01
      vertex   4.000000e-01 -3.970000e+01 3.250000e+01
      vertex   4.000000e+00 -3.970000e+01 3.250000e+01
    endloop
  endfacet
  facet normal -0.000000e+00 0.000000e+00 1.000000e+00
    outer loop
      vertex   2.800000e+00 -3.925000e+01 3.250000e+01
      vertex   4.000000e+00 -3.970000e+01 3.250000e+01
      vertex   3.600000e+00 -3.925000e+01 3.250000e+01
    endloop
  endfacet
  facet normal -0.000000e+00 0.000000e+00 1.000000e+00
    outer loop
      vertex   3.600000e+00 -3.925000e+01 3.250000e+01
      vertex   4.000000e+00 -3.970000e+01 3.250000e+01
      vertex   4.000000e+00 -3.820000e+01 3.250000e+01
    endloop
  endfacet
  facet normal 0.000000e+00 0.000000e+00 1.000000e+00
    outer loop
      vertex   3.600000e+00 -3.925000e+01 3.250000e+01
      vertex   4.000000e+00 -3.820000e+01 3.250000e+01
      vertex   3.600000e+00 -3.820000e+01 3.250000e+01
    endloop
  endfacet
  facet normal 0.000000e+00 0.000000e+00 -1.000000e+00
    outer loop
      vertex   4.000000e-01 -1.240000e+01 1.750000e+01
      vertex   4.000000e-01 1.240000e+01 1.750000e+01
      vertex   1.325000e+00 -1.147500e+01 1.750000e+01
    endloop
  endfacet
  facet normal 0.000000e+00 0.000000e+00 -1.000000e+00
    outer loop
      vertex   1.325000e+00 -1.147500e+01 1.750000e+01
      vertex   4.000000e-01 1.240000e+01 1.750000e+01
      vertex   1.325000e+00 1.147500e+01 1.750000e+01
    endloop
  endfacet
  facet normal 0.000000e+00 0.000000e+00 -1.000000e+00
    outer loop
      vertex   1.325000e+00 -1.147500e+01 1.750000e+01
      vertex   1.325000e+00 1.147500e+01 1.750000e+01
      vertex   2.200000e+00 -1.147500e+01 1.750000e+01
    endloop
  endfacet
  facet normal 0.000000e+00 0.000000e+00 -1.000000e+00
    outer loop
      vertex   2.200000e+00 -1.147500e+01 1.750000e+01
      vertex   1.325000e+00 1.147500e+01 1.750000e+01
      vertex   2.200000e+00 1.147500e+01 1.750000e+01
    endloop
  endfacet
  facet normal 0.000000e+00 0.000000e+00 -1.000000e+00
    outer loop
      vertex   2.200000e+00 -1.147500e+01 1.750000e+01
      vertex   2.200000e+00 1.147500e+01 1.750000e+01
      vertex   4.000000e+00 -3.970000e+01 1.750000e+01
    endloop
  endfacet
  facet normal 0.000000e+00 0.000000e+00 -1.000000e+00
    outer loop
      vertex   4.000000e+00 -3.970000e+01 1.750000e+01
      vertex   2.200000e+00 1.147500e+01 1.750000e+01
      vertex   4.000000e+00 3.970000e+01 1.750000e+01
    endloop
  endfacet
  facet normal 0.000000e+00 0.000000e+00 -1.000000e+00
    outer loop
      vertex   4.000000e+00 3.970000e+01 1.750000e+01
      vertex   2.200000e+00 1.147500e+01 1.750000e+01
      vertex   2.200000e+00 1.852500e+01 1.750000e+01
    endloop
  endfacet
  facet normal 0.000000e+00 0.000000e+00 -1.000000e+00
    outer loop
      vertex   4.000000e+00 3.970000e+01 1.750000e+01
      vertex   2.200000e+00 1.852500e+01 1.750000e+01
      vertex   2.200000e+00 3.147500e+01 1.750000e+01
    endloop
  endfacet
  facet normal -0.000000e+00 -0.000000e+00 -1.000000e+00
    outer loop
      vertex   2.200000e+00 3.147500e+01 1.750000e+01
      vertex   2.200000e+00 1.852500e+01 1.750000e+01
      vertex   1.325000e+00 3.147500e+01 1.750000e+01
    endloop
  endfacet
  facet normal 0.000000e+00 0.000000e+00 -1.000000e+00
    outer loop
      vertex   1.325000e+00 3.147500e+01 1.750000e+01
      vertex   2.200000e+00 1.852500e+01 1.750000e+01
      vertex   1.325000e+00 1.852500e+01 1.750000e+01
    endloop
  endfacet
  facet normal -0.000000e+00 -0.000000e+00 -1.000000e+00
    outer loop
      vertex   1.325000e+00 3.147500e+01 1.750000e+01
      vertex   1.325000e+00 1.852500e+01 1.750000e+01
      vertex   4.000000e-01 3.240000e+01 1.750000e+01
    endloop
  endfacet
  facet normal 0.000000e+00 0.000000e+00 -1.000000e+00
    outer loop
      vertex   4.000000e-01 3.240000e+01 1.750000e+01
      vertex   1.325000e+00 1.852500e+01 1.750000e+01
      vertex   4.000000e-01 1.760000e+01 1.750000e+01
    endloop
  endfacet
  facet normal 0.000000e+00 0.000000e+00 -1.000000e+00
    outer loop
      vertex   2.200000e+00 3.147500e+01 1.750000e+01
      vertex   2.200000e+00 3.852500e+01 1.750000e+01
      vertex   4.000000e+00 3.970000e+01 1.750000e+01
    endloop
  endfacet
  facet normal -0.000000e+00 0.000000e+00 -1.000000e+00
    outer loop
      vertex   4.000000e+00 3.970000e+01 1.750000e+01
      vertex   2.200000e+00 3.852500e+01 1.750000e+01
      vertex   4.000000e-01 3.970000e+01 1.750000e+01
    endloop
  endfacet
  facet normal 0.000000e+00 0.000000e+00 -1.000000e+00
    outer loop
      vertex   4.000000e-01 3.970000e+01 1.750000e+01
      vertex   2.200000e+00 3.852500e+01 1.750000e+01
      vertex   1.325000e+00 3.852500e+01 1.750000e+01
    endloop
  endfacet
  facet normal 0.000000e+00 0.000000e+00 -1.000000e+00
    outer loop
      vertex   4.000000e-01 3.970000e+01 1.750000e+01
      vertex   1.325000e+00 3.852500e+01 1.750000e+01
      vertex   4.000000e-01 3.760000e+01 1.750000e+01
    endloop
  endfacet
  facet normal 0.000000e+00 0.000000e+00 -1.000000e+00
    outer loop
      vertex   4.000000e-01 -3.970000e+01 1.750000e+01
      vertex   2.200000e+00 -3.852500e+01 1.750000e+01
      vertex   4.000000e+00 -3.970000e+01 1.750000e+01
    endloop
  endfacet
  facet normal 0.000000e+00 0.000000e+00 -1.000000e+00
    outer loop
      vertex   4.000000e+00 -3.970000e+01 1.750000e+01
      vertex   2.200000e+00 -3.852500e+01 1.750000e+01
      vertex   2.200000e+00 -3.147500e+01 1.750000e+01
    endloop
  endfacet
  facet normal 0.000000e+00 0.000000e+00 -1.000000e+00
    outer loop
      vertex   4.000000e+00 -3.970000e+01 1.750000e+01
      vertex   2.200000e+00 -3.147500e+01 1.750000e+01
      vertex   2.200000e+00 -1.852500e+01 1.750000e+01
    endloop
  endfacet
  facet normal -0.000000e+00 -0.000000e+00 -1.000000e+00
    outer loop
      vertex   2.200000e+00 -1.852500e+01 1.750000e+01
      vertex   2.200000e+00 -3.147500e+01 1.750000e+01
      vertex   1.325000e+00 -1.852500e+01 1.750000e+01
    endloop
  endfacet
  facet normal 0.000000e+00 0.000000e+00 -1.000000e+00
    outer loop
      vertex   1.325000e+00 -1.852500e+01 1.750000e+01
      vertex   2.200000e+00 -3.147500e+01 1.750000e+01
      vertex   1.325000e+00 -3.147500e+01 1.750000e+01
    endloop
  endfacet
  facet normal -0.000000e+00 -0.000000e+00 -1.000000e+00
    outer loop
      vertex   1.325000e+00 -1.852500e+01 1.750000e+01
      vertex   1.325000e+00 -3.147500e+01 1.750000e+01
      vertex   4.000000e-01 -1.760000e+01 1.750000e+01
    endloop
  endfacet
  facet normal 0.000000e+00 0.000000e+00 -1.000000e+00
    outer loop
      vertex   4.000000e-01 -1.760000e+01 1.750000e+01
      vertex   1.325000e+00 -3.147500e+01 1.750000e+01
      vertex   4.000000e-01 -3.240000e+01 1.750000e+01
    endloop
  endfacet
  facet normal 0.000000e+00 0.000000e+00 -1.000000e+00
    outer loop
      vertex   4.000000e-01 -3.760000e+01 1.750000e+01
      vertex   1.325000e+00 -3.852500e+01 1.750000e+01
      vertex   4.000000e-01 -3.970000e+01 1.750000e+01
    endloop
  endfacet
  facet normal 0.000000e+00 0.000000e+00 -1.000000e+00
    outer loop
      vertex   4.000000e-01 -3.970000e+01 1.750000e+01
      vertex   1.325000e+00 -3.852500e+01 1.750000e+01
      vertex   2.200000e+00 -3.852500e+01 1.750000e+01
    endloop
  endfacet
  facet normal 0.000000e+00 0.000000e+00 -1.000000e+00
    outer loop
      vertex   2.200000e+00 -1.852500e+01 1.750000e+01
      vertex   2.200000e+00 -1.147500e+01 1.750000e+01
      vertex   4.000000e+00 -3.970000e+01 1.750000e+01
    endloop
  endfacet
  facet normal -7.071081e-01 -1.570095e-16 7.071054e-01
    outer loop
      vertex   -1.776357e-15 4.010000e+01 3.210000e+01
      vertex   1.603162e-14 -4.010000e+01 3.210000e+01
      vertex   4.000000e-01 3.970000e+01 3.250000e+01
    endloop
  endfacet
  facet normal -7.071081e-01 0.000000e+00 7.071054e-01
    outer loop
      vertex   4.000000e-01 3.970000e+01 3.250000e+01
      vertex   1.603162e-14 -4.010000e+01 3.210000e+01
      vertex   4.000000e-01 -3.970000e+01 3.250000e+01
    endloop
  endfacet
  facet normal -0.000000e+00 0.000000e+00 1.000000e+00
    outer loop
      vertex   3.600000e+00 3.820000e+01 1.980000e+01
      vertex   3.600000e+00 -3.820000e+01 1.980000e+01
      vertex   4.400000e+00 3.820000e+01 1.980000e+01
    endloop
  endfacet
  facet normal 0.000000e+00 0.000000e+00 1.000000e+00
    outer loop
      vertex   4.400000e+00 3.820000e+01 1.980000e+01
      vertex   3.600000e+00 -3.820000e+01 1.980000e+01
      vertex   4.400000e+00 -3.820000e+01 1.980000e+01
    endloop
  endfacet
  facet normal -0.000000e+00 -1.000000e+00 -0.000000e+00
    outer loop
      vertex   4.400000e+00 3.820000e+01 3.210000e+01
      vertex   4.000000e+00 3.820000e+01 3.250000e+01
      vertex   4.400000e+00 3.820000e+01 1.980000e+01
    endloop
  endfacet
  facet normal 0.000000e+00 -1.000000e+00 0.000000e+00
    outer loop
      vertex   4.400000e+00 3.820000e+01 1.980000e+01
      vertex   4.000000e+00 3.820000e+01 3.250000e+01
      vertex   3.600000e+00 3.820000e+01 1.980000e+01
    endloop
  endfacet
  facet normal 0.000000e+00 -1.000000e+00 0.000000e+00
    outer loop
      vertex   3.600000e+00 3.820000e+01 1.980000e+01
      vertex   4.000000e+00 3.820000e+01 3.250000e+01
      vertex   3.600000e+00 3.820000e+01 3.250000e+01
    endloop
  endfacet
  facet normal -1.000000e+00 0.000000e+00 0.000000e+00
    outer loop
      vertex   3.600000e+00 -3.925000e+01 3.250000e+01
      vertex   3.600000e+00 -3.820000e+01 1.980000e+01
      vertex   3.600000e+00 -3.925000e+01 1.875000e+01
    endloop
  endfacet
  facet normal -1.000000e+00 0.000000e+00 0.000000e+00
    outer loop
      vertex   3.600000e+00 -3.925000e+01 1.875000e+01
      vertex   3.600000e+00 -3.820000e+01 1.980000e+01
      vertex   3.600000e+00 3.820000e+01 1.980000e+01
    endloop
  endfacet
  facet normal -1.000000e+00 0.000000e+00 0.000000e+00
    outer loop
      vertex   3.600000e+00 -3.925000e+01 1.875000e+01
      vertex   3.600000e+00 3.820000e+01 1.980000e+01
      vertex   3.600000e+00 3.925000e+01 1.875000e+01
    endloop
  endfacet
  facet normal -1.000000e+00 0.000000e+00 0.000000e+00
    outer loop
      vertex   3.600000e+00 3.925000e+01 1.875000e+01
      vertex   3.600000e+00 3.820000e+01 1.980000e+01
      vertex   3.600000e+00 3.925000e+01 3.250000e+01
    endloop
  endfacet
  facet normal -1.000000e+00 -0.000000e+00 0.000000e+00
    outer loop
      vertex   3.600000e+00 3.925000e+01 3.250000e+01
      vertex   3.600000e+00 3.820000e+01 1.980000e+01
      vertex   3.600000e+00 3.820000e+01 3.250000e+01
    endloop
  endfacet
  facet normal -1.000000e+00 0.000000e+00 0.000000e+00
    outer loop
      vertex   3.600000e+00 -3.925000e+01 3.250000e+01
      vertex   3.600000e+00 -3.820000e+01 3.250000e+01
      vertex   3.600000e+00 -3.820000e+01 1.980000e+01
    endloop
  endfacet
  facet normal 0.000000e+00 1.000000e+00 0.000000e+00
    outer loop
      vertex   2.800000e+00 -3.925000e+01 1.875000e+01
      vertex   2.800000e+00 -3.925000e+01 3.250000e+01
      vertex   3.600000e+00 -3.925000e+01 1.875000e+01
    endloop
  endfacet
  facet normal 0.000000e+00 1.000000e+00 -0.000000e+00
    outer loop
      vertex   3.600000e+00 -3.925000e+01 1.875000e+01
      vertex   2.800000e+00 -3.925000e+01 3.250000e+01
      vertex   3.600000e+00 -3.925000e+01 3.250000e+01
    endloop
  endfacet
  facet normal -0.000000e+00 0.000000e+00 1.000000e+00
    outer loop
      vertex   2.800000e+00 3.925000e+01 1.875000e+01
      vertex   2.800000e+00 -3.925000e+01 1.875000e+01
      vertex   3.600000e+00 3.925000e+01 1.875000e+01
    endloop
  endfacet
  facet normal 0.000000e+00 0.000000e+00 1.000000e+00
    outer loop
      vertex   3.600000e+00 3.925000e+01 1.875000e+01
      vertex   2.800000e+00 -3.925000e+01 1.875000e+01
      vertex   3.600000e+00 -3.925000e+01 1.875000e+01
    endloop
  endfacet
  facet normal 0.000000e+00 -1.000000e+00 0.000000e+00
    outer loop
      vertex   2.800000e+00 3.925000e+01 3.250000e+01
      vertex   2.800000e+00 3.925000e+01 1.875000e+01
      vertex   3.600000e+00 3.925000e+01 3.250000e+01
    endloop
  endfacet
  facet normal 0.000000e+00 -1.000000e+00 -0.000000e+00
    outer loop
      vertex   3.600000e+00 3.925000e+01 3.250000e+01
      vertex   2.800000e+00 3.925000e+01 1.875000e+01
      vertex   3.600000e+00 3.925000e+01 1.875000e+01
    endloop
  endfacet
  facet normal 0.000000e+00 7.071064e-01 -7.071072e-01
    outer loop
      vertex   2.400000e+00 -2.691249e+01 3.030000e+01
      vertex   2.400000e+00 -2.860625e+01 2.860625e+01
      vertex   8.000000e-01 -2.691249e+01 3.030000e+01
    endloop
  endfacet
  facet normal 2.272537e-17 7.071064e-01 -7.071072e-01
    outer loop
      vertex   8.000000e-01 -2.691249e+01 3.030000e+01
      vertex   2.400000e+00 -2.860625e+01 2.860625e+01
      vertex   8.000000e-01 -2.860625e+01 2.860625e+01
    endloop
  endfacet
  facet normal 0.000000e+00 7.253767e-01 -6.883521e-01
    outer loop
      vertex   8.000000e-01 -2.860625e+01 2.860625e+01
      vertex   2.400000e+00 -2.860625e+01 2.860625e+01
      vertex   8.000000e-01 -2.879004e+01 2.841257e+01
    endloop
  endfacet
  facet normal 0.000000e+00 7.253767e-01 -6.883521e-01
    outer loop
      vertex   8.000000e-01 -2.879004e+01 2.841257e+01
      vertex   2.400000e+00 -2.860625e+01 2.860625e+01
      vertex   2.400000e+00 -2.879004e+01 2.841257e+01
    endloop
  endfacet
  facet normal 0.000000e+00 7.604071e-01 -6.494467e-01
    outer loop
      vertex   8.000000e-01 -2.879004e+01 2.841257e+01
      vertex   2.400000e+00 -2.879004e+01 2.841257e+01
      vertex   8.000000e-01 -2.896344e+01 2.820953e+01
    endloop
  endfacet
  facet normal 0.000000e+00 7.604071e-01 -6.494467e-01
    outer loop
      vertex   8.000000e-01 -2.896344e+01 2.820953e+01
      vertex   2.400000e+00 -2.879004e+01 2.841257e+01
      vertex   2.400000e+00 -2.896344e+01 2.820953e+01
    endloop
  endfacet
  facet normal 0.000000e+00 7.933518e-01 -6.087634e-01
    outer loop
      vertex   8.000000e-01 -2.896344e+01 2.820953e+01
      vertex   2.400000e+00 -2.896344e+01 2.820953e+01
      vertex   8.000000e-01 -2.912599e+01 2.799771e+01
    endloop
  endfacet
  facet normal 0.000000e+00 7.933518e-01 -6.087634e-01
    outer loop
      vertex   8.000000e-01 -2.912599e+01 2.799771e+01
      vertex   2.400000e+00 -2.896344e+01 2.820953e+01
      vertex   2.400000e+00 -2.912599e+01 2.799771e+01
    endloop
  endfacet
  facet normal 0.000000e+00 8.241270e-01 -5.664051e-01
    outer loop
      vertex   8.000000e-01 -2.912599e+01 2.799771e+01
      vertex   2.400000e+00 -2.912599e+01 2.799771e+01
      vertex   8.000000e-01 -2.927722e+01 2.777766e+01
    endloop
  endfacet
  facet normal 0.000000e+00 8.241270e-01 -5.664051e-01
    outer loop
      vertex   8.000000e-01 -2.927722e+01 2.777766e+01
      vertex   2.400000e+00 -2.912599e+01 2.799771e+01
      vertex   2.400000e+00 -2.927722e+01 2.777766e+01
    endloop
  endfacet
  facet normal 0.000000e+00 8.526411e-01 -5.224971e-01
    outer loop
      vertex   8.000000e-01 -2.927722e+01 2.777766e+01
      vertex   2.400000e+00 -2.927722e+01 2.777766e+01
      vertex   8.000000e-01 -2.941673e+01 2.755000e+01
    endloop
  endfacet
  facet normal 0.000000e+00 8.526411e-01 -5.224971e-01
    outer loop
      vertex   8.000000e-01 -2.941673e+01 2.755000e+01
      vertex   2.400000e+00 -2.927722e+01 2.777766e+01
      vertex   2.400000e+00 -2.941673e+01 2.755000e+01
    endloop
  endfacet
  facet normal 0.000000e+00 8.788142e-01 -4.771641e-01
    outer loop
      vertex   8.000000e-01 -2.941673e+01 2.755000e+01
      vertex   2.400000e+00 -2.941673e+01 2.755000e+01
      vertex   8.000000e-01 -2.954413e+01 2.731535e+01
    endloop
  endfacet
  facet normal 0.000000e+00 8.788142e-01 -4.771641e-01
    outer loop
      vertex   8.000000e-01 -2.954413e+01 2.731535e+01
      vertex   2.400000e+00 -2.941673e+01 2.755000e+01
      vertex   2.400000e+00 -2.954413e+01 2.731535e+01
    endloop
  endfacet
  facet normal 0.000000e+00 9.025862e-01 -4.305091e-01
    outer loop
      vertex   8.000000e-01 -2.954413e+01 2.731535e+01
      vertex   2.400000e+00 -2.954413e+01 2.731535e+01
      vertex   8.000000e-01 -2.965908e+01 2.707436e+01
    endloop
  endfacet
  facet normal 0.000000e+00 9.025862e-01 -4.305091e-01
    outer loop
      vertex   8.000000e-01 -2.965908e+01 2.707436e+01
      vertex   2.400000e+00 -2.954413e+01 2.731535e+01
      vertex   2.400000e+00 -2.965908e+01 2.707436e+01
    endloop
  endfacet
  facet normal 0.000000e+00 9.238787e-01 -3.826855e-01
    outer loop
      vertex   8.000000e-01 -2.965908e+01 2.707436e+01
      vertex   2.400000e+00 -2.965908e+01 2.707436e+01
      vertex   8.000000e-01 -2.976126e+01 2.682768e+01
    endloop
  endfacet
  facet normal 0.000000e+00 9.238787e-01 -3.826855e-01
    outer loop
      vertex   8.000000e-01 -2.976126e+01 2.682768e+01
      vertex   2.400000e+00 -2.965908e+01 2.707436e+01
      vertex   2.400000e+00 -2.976126e+01 2.682768e+01
    endloop
  endfacet
  facet normal 0.000000e+00 9.426432e-01 -3.338019e-01
    outer loop
      vertex   8.000000e-01 -2.976126e+01 2.682768e+01
      vertex   2.400000e+00 -2.976126e+01 2.682768e+01
      vertex   8.000000e-01 -2.985039e+01 2.657599e+01
    endloop
  endfacet
  facet normal 0.000000e+00 9.426432e-01 -3.338019e-01
    outer loop
      vertex   8.000000e-01 -2.985039e+01 2.657599e+01
      vertex   2.400000e+00 -2.976126e+01 2.682768e+01
      vertex   2.400000e+00 -2.985039e+01 2.657599e+01
    endloop
  endfacet
  facet normal 0.000000e+00 9.588191e-01 -2.840176e-01
    outer loop
      vertex   8.000000e-01 -2.985039e+01 2.657599e+01
      vertex   2.400000e+00 -2.985039e+01 2.657599e+01
      vertex   8.000000e-01 -2.992622e+01 2.631998e+01
    endloop
  endfacet
  facet normal 0.000000e+00 9.588191e-01 -2.840176e-01
    outer loop
      vertex   8.000000e-01 -2.992622e+01 2.631998e+01
      vertex   2.400000e+00 -2.985039e+01 2.657599e+01
      vertex   2.400000e+00 -2.992622e+01 2.631998e+01
    endloop
  endfacet
  facet normal 0.000000e+00 9.723704e-01 -2.334435e-01
    outer loop
      vertex   8.000000e-01 -2.992622e+01 2.631998e+01
      vertex   2.400000e+00 -2.992622e+01 2.631998e+01
      vertex   8.000000e-01 -2.998855e+01 2.606035e+01
    endloop
  endfacet
  facet normal 0.000000e+00 9.723704e-01 -2.334435e-01
    outer loop
      vertex   8.000000e-01 -2.998855e+01 2.606035e+01
      vertex   2.400000e+00 -2.992622e+01 2.631998e+01
      vertex   2.400000e+00 -2.998855e+01 2.606035e+01
    endloop
  endfacet
  facet normal 0.000000e+00 9.832547e-01 -1.822369e-01
    outer loop
      vertex   8.000000e-01 -2.998855e+01 2.606035e+01
      vertex   2.400000e+00 -2.998855e+01 2.606035e+01
      vertex   8.000000e-01 -3.003721e+01 2.579782e+01
    endloop
  endfacet
  facet normal 0.000000e+00 9.832547e-01 -1.822369e-01
    outer loop
      vertex   8.000000e-01 -3.003721e+01 2.579782e+01
      vertex   2.400000e+00 -2.998855e+01 2.606035e+01
      vertex   2.400000e+00 -3.003721e+01 2.579782e+01
    endloop
  endfacet
  facet normal 0.000000e+00 9.914449e-01 -1.305258e-01
    outer loop
      vertex   8.000000e-01 -3.003721e+01 2.579782e+01
      vertex   2.400000e+00 -3.003721e+01 2.579782e+01
      vertex   8.000000e-01 -3.007206e+01 2.553309e+01
    endloop
  endfacet
  facet normal 0.000000e+00 9.914449e-01 -1.305258e-01
    outer loop
      vertex   8.000000e-01 -3.007206e+01 2.553309e+01
      vertex   2.400000e+00 -3.003721e+01 2.579782e+01
      vertex   2.400000e+00 -3.007206e+01 2.553309e+01
    endloop
  endfacet
  facet normal 0.000000e+00 9.969175e-01 -7.845700e-02
    outer loop
      vertex   8.000000e-01 -3.007206e+01 2.553309e+01
      vertex   2.400000e+00 -3.007206e+01 2.553309e+01
      vertex   8.000000e-01 -3.009301e+01 2.526691e+01
    endloop
  endfacet
  facet normal 0.000000e+00 9.969175e-01 -7.845700e-02
    outer loop
      vertex   8.000000e-01 -3.009301e+01 2.526691e+01
      vertex   2.400000e+00 -3.007206e+01 2.553309e+01
      vertex   2.400000e+00 -3.009301e+01 2.526691e+01
    endloop
  endfacet
  facet normal 0.000000e+00 9.996572e-01 -2.618101e-02
    outer loop
      vertex   8.000000e-01 -3.009301e+01 2.526691e+01
      vertex   2.400000e+00 -3.009301e+01 2.526691e+01
      vertex   8.000000e-01 -3.010000e+01 2.500000e+01
    endloop
  endfacet
  facet normal 0.000000e+00 9.996572e-01 -2.618101e-02
    outer loop
      vertex   8.000000e-01 -3.010000e+01 2.500000e+01
      vertex   2.400000e+00 -3.009301e+01 2.526691e+01
      vertex   2.400000e+00 -3.010000e+01 2.500000e+01
    endloop
  endfacet
  facet normal -0.000000e+00 9.996572e-01 2.618101e-02
    outer loop
      vertex   8.000000e-01 -3.010000e+01 2.500000e+01
      vertex   2.400000e+00 -3.010000e+01 2.500000e+01
      vertex   8.000000e-01 -3.009301e+01 2.473309e+01
    endloop
  endfacet
  facet normal -0.000000e+00 9.996572e-01 2.618101e-02
    outer loop
      vertex   8.000000e-01 -3.009301e+01 2.473309e+01
      vertex   2.400000e+00 -3.010000e+01 2.500000e+01
      vertex   2.400000e+00 -3.009301e+01 2.473309e+01
    endloop
  endfacet
  facet normal -0.000000e+00 9.969175e-01 7.845700e-02
    outer loop
      vertex   8.000000e-01 -3.009301e+01 2.473309e+01
      vertex   2.400000e+00 -3.009301e+01 2.473309e+01
      vertex   8.000000e-01 -3.007206e+01 2.446691e+01
    endloop
  endfacet
  facet normal -0.000000e+00 9.969175e-01 7.845700e-02
    outer loop
      vertex   8.000000e-01 -3.007206e+01 2.446691e+01
      vertex   2.400000e+00 -3.009301e+01 2.473309e+01
      vertex   2.400000e+00 -3.007206e+01 2.446691e+01
    endloop
  endfacet
  facet normal -0.000000e+00 9.914449e-01 1.305258e-01
    outer loop
      vertex   8.000000e-01 -3.007206e+01 2.446691e+01
      vertex   2.400000e+00 -3.007206e+01 2.446691e+01
      vertex   8.000000e-01 -3.003721e+01 2.420219e+01
    endloop
  endfacet
  facet normal -0.000000e+00 9.914449e-01 1.305258e-01
    outer loop
      vertex   8.000000e-01 -3.003721e+01 2.420219e+01
      vertex   2.400000e+00 -3.007206e+01 2.446691e+01
      vertex   2.400000e+00 -3.003721e+01 2.420219e+01
    endloop
  endfacet
  facet normal -0.000000e+00 9.832547e-01 1.822369e-01
    outer loop
      vertex   8.000000e-01 -3.003721e+01 2.420219e+01
      vertex   2.400000e+00 -3.003721e+01 2.420219e+01
      vertex   8.000000e-01 -2.998855e+01 2.393965e+01
    endloop
  endfacet
  facet normal -0.000000e+00 9.832547e-01 1.822369e-01
    outer loop
      vertex   8.000000e-01 -2.998855e+01 2.393965e+01
      vertex   2.400000e+00 -3.003721e+01 2.420219e+01
      vertex   2.400000e+00 -2.998855e+01 2.393965e+01
    endloop
  endfacet
  facet normal -0.000000e+00 9.723704e-01 2.334435e-01
    outer loop
      vertex   8.000000e-01 -2.998855e+01 2.393965e+01
      vertex   2.400000e+00 -2.998855e+01 2.393965e+01
      vertex   8.000000e-01 -2.992622e+01 2.368002e+01
    endloop
  endfacet
  facet normal -0.000000e+00 9.723704e-01 2.334435e-01
    outer loop
      vertex   8.000000e-01 -2.992622e+01 2.368002e+01
      vertex   2.400000e+00 -2.998855e+01 2.393965e+01
      vertex   2.400000e+00 -2.992622e+01 2.368002e+01
    endloop
  endfacet
  facet normal -0.000000e+00 9.588191e-01 2.840176e-01
    outer loop
      vertex   8.000000e-01 -2.992622e+01 2.368002e+01
      vertex   2.400000e+00 -2.992622e+01 2.368002e+01
      vertex   8.000000e-01 -2.985039e+01 2.342401e+01
    endloop
  endfacet
  facet normal -0.000000e+00 9.588191e-01 2.840176e-01
    outer loop
      vertex   8.000000e-01 -2.985039e+01 2.342401e+01
      vertex   2.400000e+00 -2.992622e+01 2.368002e+01
      vertex   2.400000e+00 -2.985039e+01 2.342401e+01
    endloop
  endfacet
  facet normal -0.000000e+00 9.426432e-01 3.338019e-01
    outer loop
      vertex   8.000000e-01 -2.985039e+01 2.342401e+01
      vertex   2.400000e+00 -2.985039e+01 2.342401e+01
      vertex   8.000000e-01 -2.976126e+01 2.317232e+01
    endloop
  endfacet
  facet normal -0.000000e+00 9.426432e-01 3.338019e-01
    outer loop
      vertex   8.000000e-01 -2.976126e+01 2.317232e+01
      vertex   2.400000e+00 -2.985039e+01 2.342401e+01
      vertex   2.400000e+00 -2.976126e+01 2.317232e+01
    endloop
  endfacet
  facet normal -0.000000e+00 9.238787e-01 3.826855e-01
    outer loop
      vertex   8.000000e-01 -2.976126e+01 2.317232e+01
      vertex   2.400000e+00 -2.976126e+01 2.317232e+01
      vertex   8.000000e-01 -2.965908e+01 2.292564e+01
    endloop
  endfacet
  facet normal -0.000000e+00 9.238787e-01 3.826855e-01
    outer loop
      vertex   8.000000e-01 -2.965908e+01 2.292564e+01
      vertex   2.400000e+00 -2.976126e+01 2.317232e+01
      vertex   2.400000e+00 -2.965908e+01 2.292564e+01
    endloop
  endfacet
  facet normal -0.000000e+00 9.025862e-01 4.305091e-01
    outer loop
      vertex   8.000000e-01 -2.965908e+01 2.292564e+01
      vertex   2.400000e+00 -2.965908e+01 2.292564e+01
      vertex   8.000000e-01 -2.954413e+01 2.268465e+01
    endloop
  endfacet
  facet normal -0.000000e+00 9.025862e-01 4.305091e-01
    outer loop
      vertex   8.000000e-01 -2.954413e+01 2.268465e+01
      vertex   2.400000e+00 -2.965908e+01 2.292564e+01
      vertex   2.400000e+00 -2.954413e+01 2.268465e+01
    endloop
  endfacet
  facet normal -0.000000e+00 8.788142e-01 4.771641e-01
    outer loop
      vertex   8.000000e-01 -2.954413e+01 2.268465e+01
      vertex   2.400000e+00 -2.954413e+01 2.268465e+01
      vertex   8.000000e-01 -2.941673e+01 2.245000e+01
    endloop
  endfacet
  facet normal -0.000000e+00 8.788142e-01 4.771641e-01
    outer loop
      vertex   8.000000e-01 -2.941673e+01 2.245000e+01
      vertex   2.400000e+00 -2.954413e+01 2.268465e+01
      vertex   2.400000e+00 -2.941673e+01 2.245000e+01
    endloop
  endfacet
  facet normal -0.000000e+00 8.526411e-01 5.224971e-01
    outer loop
      vertex   8.000000e-01 -2.941673e+01 2.245000e+01
      vertex   2.400000e+00 -2.941673e+01 2.245000e+01
      vertex   8.000000e-01 -2.927722e+01 2.222234e+01
    endloop
  endfacet
  facet normal -0.000000e+00 8.526411e-01 5.224971e-01
    outer loop
      vertex   8.000000e-01 -2.927722e+01 2.222234e+01
      vertex   2.400000e+00 -2.941673e+01 2.245000e+01
      vertex   2.400000e+00 -2.927722e+01 2.222234e+01
    endloop
  endfacet
  facet normal -0.000000e+00 8.241270e-01 5.664051e-01
    outer loop
      vertex   8.000000e-01 -2.927722e+01 2.222234e+01
      vertex   2.400000e+00 -2.927722e+01 2.222234e+01
      vertex   8.000000e-01 -2.912599e+01 2.200229e+01
    endloop
  endfacet
  facet normal -0.000000e+00 8.241270e-01 5.664051e-01
    outer loop
      vertex   8.000000e-01 -2.912599e+01 2.200229e+01
      vertex   2.400000e+00 -2.927722e+01 2.222234e+01
      vertex   2.400000e+00 -2.912599e+01 2.200229e+01
    endloop
  endfacet
  facet normal -0.000000e+00 7.933518e-01 6.087634e-01
    outer loop
      vertex   8.000000e-01 -2.912599e+01 2.200229e+01
      vertex   2.400000e+00 -2.912599e+01 2.200229e+01
      vertex   8.000000e-01 -2.896344e+01 2.179047e+01
    endloop
  endfacet
  facet normal -0.000000e+00 7.933518e-01 6.087634e-01
    outer loop
      vertex   8.000000e-01 -2.896344e+01 2.179047e+01
      vertex   2.400000e+00 -2.912599e+01 2.200229e+01
      vertex   2.400000e+00 -2.896344e+01 2.179047e+01
    endloop
  endfacet
  facet normal -0.000000e+00 7.604071e-01 6.494467e-01
    outer loop
      vertex   8.000000e-01 -2.896344e+01 2.179047e+01
      vertex   2.400000e+00 -2.896344e+01 2.179047e+01
      vertex   8.000000e-01 -2.879004e+01 2.158744e+01
    endloop
  endfacet
  facet normal -0.000000e+00 7.604071e-01 6.494467e-01
    outer loop
      vertex   8.000000e-01 -2.879004e+01 2.158744e+01
      vertex   2.400000e+00 -2.896344e+01 2.179047e+01
      vertex   2.400000e+00 -2.879004e+01 2.158744e+01
    endloop
  endfacet
  facet normal -0.000000e+00 7.253767e-01 6.883521e-01
    outer loop
      vertex   8.000000e-01 -2.879004e+01 2.158744e+01
      vertex   2.400000e+00 -2.879004e+01 2.158744e+01
      vertex   8.000000e-01 -2.860625e+01 2.139376e+01
    endloop
  endfacet
  facet normal -0.000000e+00 7.253767e-01 6.883521e-01
    outer loop
      vertex   8.000000e-01 -2.860625e+01 2.139376e+01
      vertex   2.400000e+00 -2.879004e+01 2.158744e+01
      vertex   2.400000e+00 -2.860625e+01 2.139376e+01
    endloop
  endfacet
  facet normal -0.000000e+00 6.883521e-01 7.253767e-01
    outer loop
      vertex   8.000000e-01 -2.860625e+01 2.139376e+01
      vertex   2.400000e+00 -2.860625e+01 2.139376e+01
      vertex   8.000000e-01 -2.841257e+01 2.120996e+01
    endloop
  endfacet
  facet normal -0.000000e+00 6.883521e-01 7.253767e-01
    outer loop
      vertex   8.000000e-01 -2.841257e+01 2.120996e+01
      vertex   2.400000e+00 -2.860625e+01 2.139376e+01
      vertex   2.400000e+00 -2.841257e+01 2.120996e+01
    endloop
  endfacet
  facet normal -0.000000e+00 6.494467e-01 7.604071e-01
    outer loop
      vertex   8.000000e-01 -2.841257e+01 2.120996e+01
      vertex   2.400000e+00 -2.841257e+01 2.120996e+01
      vertex   8.000000e-01 -2.820953e+01 2.103656e+01
    endloop
  endfacet
  facet normal -0.000000e+00 6.494467e-01 7.604071e-01
    outer loop
      vertex   8.000000e-01 -2.820953e+01 2.103656e+01
      vertex   2.400000e+00 -2.841257e+01 2.120996e+01
      vertex   2.400000e+00 -2.820953e+01 2.103656e+01
    endloop
  endfacet
  facet normal -0.000000e+00 6.087634e-01 7.933518e-01
    outer loop
      vertex   8.000000e-01 -2.820953e+01 2.103656e+01
      vertex   2.400000e+00 -2.820953e+01 2.103656e+01
      vertex   8.000000e-01 -2.799771e+01 2.087401e+01
    endloop
  endfacet
  facet normal -0.000000e+00 6.087634e-01 7.933518e-01
    outer loop
      vertex   8.000000e-01 -2.799771e+01 2.087401e+01
      vertex   2.400000e+00 -2.820953e+01 2.103656e+01
      vertex   2.400000e+00 -2.799771e+01 2.087401e+01
    endloop
  endfacet
  facet normal -0.000000e+00 5.664051e-01 8.241270e-01
    outer loop
      vertex   8.000000e-01 -2.799771e+01 2.087401e+01
      vertex   2.400000e+00 -2.799771e+01 2.087401e+01
      vertex   8.000000e-01 -2.777766e+01 2.072278e+01
    endloop
  endfacet
  facet normal -0.000000e+00 5.664051e-01 8.241270e-01
    outer loop
      vertex   8.000000e-01 -2.777766e+01 2.072278e+01
      vertex   2.400000e+00 -2.799771e+01 2.087401e+01
      vertex   2.400000e+00 -2.777766e+01 2.072278e+01
    endloop
  endfacet
  facet normal -0.000000e+00 5.224971e-01 8.526411e-01
    outer loop
      vertex   8.000000e-01 -2.777766e+01 2.072278e+01
      vertex   2.400000e+00 -2.777766e+01 2.072278e+01
      vertex   8.000000e-01 -2.755000e+01 2.058327e+01
    endloop
  endfacet
  facet normal -0.000000e+00 5.224971e-01 8.526411e-01
    outer loop
      vertex   8.000000e-01 -2.755000e+01 2.058327e+01
      vertex   2.400000e+00 -2.777766e+01 2.072278e+01
      vertex   2.400000e+00 -2.755000e+01 2.058327e+01
    endloop
  endfacet
  facet normal -0.000000e+00 4.771641e-01 8.788142e-01
    outer loop
      vertex   8.000000e-01 -2.755000e+01 2.058327e+01
      vertex   2.400000e+00 -2.755000e+01 2.058327e+01
      vertex   8.000000e-01 -2.731535e+01 2.045587e+01
    endloop
  endfacet
  facet normal -0.000000e+00 4.771641e-01 8.788142e-01
    outer loop
      vertex   8.000000e-01 -2.731535e+01 2.045587e+01
      vertex   2.400000e+00 -2.755000e+01 2.058327e+01
      vertex   2.400000e+00 -2.731535e+01 2.045587e+01
    endloop
  endfacet
  facet normal -0.000000e+00 4.305091e-01 9.025862e-01
    outer loop
      vertex   8.000000e-01 -2.731535e+01 2.045587e+01
      vertex   2.400000e+00 -2.731535e+01 2.045587e+01
      vertex   8.000000e-01 -2.707436e+01 2.034092e+01
    endloop
  endfacet
  facet normal -0.000000e+00 4.305091e-01 9.025862e-01
    outer loop
      vertex   8.000000e-01 -2.707436e+01 2.034092e+01
      vertex   2.400000e+00 -2.731535e+01 2.045587e+01
      vertex   2.400000e+00 -2.707436e+01 2.034092e+01
    endloop
  endfacet
  facet normal -0.000000e+00 3.826855e-01 9.238787e-01
    outer loop
      vertex   8.000000e-01 -2.707436e+01 2.034092e+01
      vertex   2.400000e+00 -2.707436e+01 2.034092e+01
      vertex   8.000000e-01 -2.682768e+01 2.023874e+01
    endloop
  endfacet
  facet normal -0.000000e+00 3.826855e-01 9.238787e-01
    outer loop
      vertex   8.000000e-01 -2.682768e+01 2.023874e+01
      vertex   2.400000e+00 -2.707436e+01 2.034092e+01
      vertex   2.400000e+00 -2.682768e+01 2.023874e+01
    endloop
  endfacet
  facet normal -0.000000e+00 3.338019e-01 9.426432e-01
    outer loop
      vertex   8.000000e-01 -2.682768e+01 2.023874e+01
      vertex   2.400000e+00 -2.682768e+01 2.023874e+01
      vertex   8.000000e-01 -2.657599e+01 2.014961e+01
    endloop
  endfacet
  facet normal -0.000000e+00 3.338019e-01 9.426432e-01
    outer loop
      vertex   8.000000e-01 -2.657599e+01 2.014961e+01
      vertex   2.400000e+00 -2.682768e+01 2.023874e+01
      vertex   2.400000e+00 -2.657599e+01 2.014961e+01
    endloop
  endfacet
  facet normal -0.000000e+00 2.840176e-01 9.588191e-01
    outer loop
      vertex   8.000000e-01 -2.657599e+01 2.014961e+01
      vertex   2.400000e+00 -2.657599e+01 2.014961e+01
      vertex   8.000000e-01 -2.631998e+01 2.007378e+01
    endloop
  endfacet
  facet normal -0.000000e+00 2.840176e-01 9.588191e-01
    outer loop
      vertex   8.000000e-01 -2.631998e+01 2.007378e+01
      vertex   2.400000e+00 -2.657599e+01 2.014961e+01
      vertex   2.400000e+00 -2.631998e+01 2.007378e+01
    endloop
  endfacet
  facet normal -0.000000e+00 2.334435e-01 9.723704e-01
    outer loop
      vertex   8.000000e-01 -2.631998e+01 2.007378e+01
      vertex   2.400000e+00 -2.631998e+01 2.007378e+01
      vertex   8.000000e-01 -2.606035e+01 2.001145e+01
    endloop
  endfacet
  facet normal -0.000000e+00 2.334435e-01 9.723704e-01
    outer loop
      vertex   8.000000e-01 -2.606035e+01 2.001145e+01
      vertex   2.400000e+00 -2.631998e+01 2.007378e+01
      vertex   2.400000e+00 -2.606035e+01 2.001145e+01
    endloop
  endfacet
  facet normal -0.000000e+00 1.822369e-01 9.832547e-01
    outer loop
      vertex   8.000000e-01 -2.606035e+01 2.001145e+01
      vertex   2.400000e+00 -2.606035e+01 2.001145e+01
      vertex   8.000000e-01 -2.579782e+01 1.996279e+01
    endloop
  endfacet
  facet normal -0.000000e+00 1.822369e-01 9.832547e-01
    outer loop
      vertex   8.000000e-01 -2.579782e+01 1.996279e+01
      vertex   2.400000e+00 -2.606035e+01 2.001145e+01
      vertex   2.400000e+00 -2.579782e+01 1.996279e+01
    endloop
  endfacet
  facet normal -0.000000e+00 1.305258e-01 9.914449e-01
    outer loop
      vertex   8.000000e-01 -2.579782e+01 1.996279e+01
      vertex   2.400000e+00 -2.579782e+01 1.996279e+01
      vertex   8.000000e-01 -2.553309e+01 1.992794e+01
    endloop
  endfacet
  facet normal -0.000000e+00 1.305258e-01 9.914449e-01
    outer loop
      vertex   8.000000e-01 -2.553309e+01 1.992794e+01
      vertex   2.400000e+00 -2.579782e+01 1.996279e+01
      vertex   2.400000e+00 -2.553309e+01 1.992794e+01
    endloop
  endfacet
  facet normal -0.000000e+00 7.845700e-02 9.969175e-01
    outer loop
      vertex   8.000000e-01 -2.553309e+01 1.992794e+01
      vertex   2.400000e+00 -2.553309e+01 1.992794e+01
      vertex   8.000000e-01 -2.526691e+01 1.990699e+01
    endloop
  endfacet
  facet normal -0.000000e+00 7.845700e-02 9.969175e-01
    outer loop
      vertex   8.000000e-01 -2.526691e+01 1.990699e+01
      vertex   2.400000e+00 -2.553309e+01 1.992794e+01
      vertex   2.400000e+00 -2.526691e+01 1.990699e+01
    endloop
  endfacet
  facet normal -0.000000e+00 2.618101e-02 9.996572e-01
    outer loop
      vertex   8.000000e-01 -2.526691e+01 1.990699e+01
      vertex   2.400000e+00 -2.526691e+01 1.990699e+01
      vertex   8.000000e-01 -2.500000e+01 1.990000e+01
    endloop
  endfacet
  facet normal -0.000000e+00 2.618101e-02 9.996572e-01
    outer loop
      vertex   8.000000e-01 -2.500000e+01 1.990000e+01
      vertex   2.400000e+00 -2.526691e+01 1.990699e+01
      vertex   2.400000e+00 -2.500000e+01 1.990000e+01
    endloop
  endfacet
  facet normal 0.000000e+00 -2.618101e-02 9.996572e-01
    outer loop
      vertex   8.000000e-01 -2.500000e+01 1.990000e+01
      vertex   2.400000e+00 -2.500000e+01 1.990000e+01
      vertex   8.000000e-01 -2.473309e+01 1.990699e+01
    endloop
  endfacet
  facet normal 0.000000e+00 -2.618101e-02 9.996572e-01
    outer loop
      vertex   8.000000e-01 -2.473309e+01 1.990699e+01
      vertex   2.400000e+00 -2.500000e+01 1.990000e+01
      vertex   2.400000e+00 -2.473309e+01 1.990699e+01
    endloop
  endfacet
  facet normal 0.000000e+00 -7.845700e-02 9.969175e-01
    outer loop
      vertex   8.000000e-01 -2.473309e+01 1.990699e+01
      vertex   2.400000e+00 -2.473309e+01 1.990699e+01
      vertex   8.000000e-01 -2.446691e+01 1.992794e+01
    endloop
  endfacet
  facet normal 0.000000e+00 -7.845700e-02 9.969175e-01
    outer loop
      vertex   8.000000e-01 -2.446691e+01 1.992794e+01
      vertex   2.400000e+00 -2.473309e+01 1.990699e+01
      vertex   2.400000e+00 -2.446691e+01 1.992794e+01
    endloop
  endfacet
  facet normal 0.000000e+00 -1.305258e-01 9.914449e-01
    outer loop
      vertex   8.000000e-01 -2.446691e+01 1.992794e+01
      vertex   2.400000e+00 -2.446691e+01 1.992794e+01
      vertex   8.000000e-01 -2.420219e+01 1.996279e+01
    endloop
  endfacet
  facet normal 0.000000e+00 -1.305258e-01 9.914449e-01
    outer loop
      vertex   8.000000e-01 -2.420219e+01 1.996279e+01
      vertex   2.400000e+00 -2.446691e+01 1.992794e+01
      vertex   2.400000e+00 -2.420219e+01 1.996279e+01
    endloop
  endfacet
  facet normal 0.000000e+00 -1.822369e-01 9.832547e-01
    outer loop
      vertex   8.000000e-01 -2.420219e+01 1.996279e+01
      vertex   2.400000e+00 -2.420219e+01 1.996279e+01
      vertex   8.000000e-01 -2.393965e+01 2.001145e+01
    endloop
  endfacet
  facet normal 0.000000e+00 -1.822369e-01 9.832547e-01
    outer loop
      vertex   8.000000e-01 -2.393965e+01 2.001145e+01
      vertex   2.400000e+00 -2.420219e+01 1.996279e+01
      vertex   2.400000e+00 -2.393965e+01 2.001145e+01
    endloop
  endfacet
  facet normal 0.000000e+00 -2.334435e-01 9.723704e-01
    outer loop
      vertex   8.000000e-01 -2.393965e+01 2.001145e+01
      vertex   2.400000e+00 -2.393965e+01 2.001145e+01
      vertex   8.000000e-01 -2.368002e+01 2.007378e+01
    endloop
  endfacet
  facet normal 0.000000e+00 -2.334435e-01 9.723704e-01
    outer loop
      vertex   8.000000e-01 -2.368002e+01 2.007378e+01
      vertex   2.400000e+00 -2.393965e+01 2.001145e+01
      vertex   2.400000e+00 -2.368002e+01 2.007378e+01
    endloop
  endfacet
  facet normal 0.000000e+00 -2.840176e-01 9.588191e-01
    outer loop
      vertex   8.000000e-01 -2.368002e+01 2.007378e+01
      vertex   2.400000e+00 -2.368002e+01 2.007378e+01
      vertex   8.000000e-01 -2.342401e+01 2.014961e+01
    endloop
  endfacet
  facet normal 0.000000e+00 -2.840176e-01 9.588191e-01
    outer loop
      vertex   8.000000e-01 -2.342401e+01 2.014961e+01
      vertex   2.400000e+00 -2.368002e+01 2.007378e+01
      vertex   2.400000e+00 -2.342401e+01 2.014961e+01
    endloop
  endfacet
  facet normal 0.000000e+00 -3.338019e-01 9.426432e-01
    outer loop
      vertex   8.000000e-01 -2.342401e+01 2.014961e+01
      vertex   2.400000e+00 -2.342401e+01 2.014961e+01
      vertex   8.000000e-01 -2.317232e+01 2.023874e+01
    endloop
  endfacet
  facet normal 0.000000e+00 -3.338019e-01 9.426432e-01
    outer loop
      vertex   8.000000e-01 -2.317232e+01 2.023874e+01
      vertex   2.400000e+00 -2.342401e+01 2.014961e+01
      vertex   2.400000e+00 -2.317232e+01 2.023874e+01
    endloop
  endfacet
  facet normal 0.000000e+00 -3.826855e-01 9.238787e-01
    outer loop
      vertex   8.000000e-01 -2.317232e+01 2.023874e+01
      vertex   2.400000e+00 -2.317232e+01 2.023874e+01
      vertex   8.000000e-01 -2.292564e+01 2.034092e+01
    endloop
  endfacet
  facet normal 0.000000e+00 -3.826855e-01 9.238787e-01
    outer loop
      vertex   8.000000e-01 -2.292564e+01 2.034092e+01
      vertex   2.400000e+00 -2.317232e+01 2.023874e+01
      vertex   2.400000e+00 -2.292564e+01 2.034092e+01
    endloop
  endfacet
  facet normal 0.000000e+00 -4.305091e-01 9.025862e-01
    outer loop
      vertex   8.000000e-01 -2.292564e+01 2.034092e+01
      vertex   2.400000e+00 -2.292564e+01 2.034092e+01
      vertex   8.000000e-01 -2.268465e+01 2.045587e+01
    endloop
  endfacet
  facet normal 0.000000e+00 -4.305091e-01 9.025862e-01
    outer loop
      vertex   8.000000e-01 -2.268465e+01 2.045587e+01
      vertex   2.400000e+00 -2.292564e+01 2.034092e+01
      vertex   2.400000e+00 -2.268465e+01 2.045587e+01
    endloop
  endfacet
  facet normal 0.000000e+00 -4.771641e-01 8.788142e-01
    outer loop
      vertex   8.000000e-01 -2.268465e+01 2.045587e+01
      vertex   2.400000e+00 -2.268465e+01 2.045587e+01
      vertex   8.000000e-01 -2.245000e+01 2.058327e+01
    endloop
  endfacet
  facet normal 0.000000e+00 -4.771641e-01 8.788142e-01
    outer loop
      vertex   8.000000e-01 -2.245000e+01 2.058327e+01
      vertex   2.400000e+00 -2.268465e+01 2.045587e+01
      vertex   2.400000e+00 -2.245000e+01 2.058327e+01
    endloop
  endfacet
  facet normal 0.000000e+00 -5.224971e-01 8.526411e-01
    outer loop
      vertex   8.000000e-01 -2.245000e+01 2.058327e+01
      vertex   2.400000e+00 -2.245000e+01 2.058327e+01
      vertex   8.000000e-01 -2.222234e+01 2.072278e+01
    endloop
  endfacet
  facet normal 0.000000e+00 -5.224971e-01 8.526411e-01
    outer loop
      vertex   8.000000e-01 -2.222234e+01 2.072278e+01
      vertex   2.400000e+00 -2.245000e+01 2.058327e+01
      vertex   2.400000e+00 -2.222234e+01 2.072278e+01
    endloop
  endfacet
  facet normal 0.000000e+00 -5.664051e-01 8.241270e-01
    outer loop
      vertex   8.000000e-01 -2.222234e+01 2.072278e+01
      vertex   2.400000e+00 -2.222234e+01 2.072278e+01
      vertex   8.000000e-01 -2.200229e+01 2.087401e+01
    endloop
  endfacet
  facet normal 0.000000e+00 -5.664051e-01 8.241270e-01
    outer loop
      vertex   8.000000e-01 -2.200229e+01 2.087401e+01
      vertex   2.400000e+00 -2.222234e+01 2.072278e+01
      vertex   2.400000e+00 -2.200229e+01 2.087401e+01
    endloop
  endfacet
  facet normal 0.000000e+00 -6.087634e-01 7.933518e-01
    outer loop
      vertex   8.000000e-01 -2.200229e+01 2.087401e+01
      vertex   2.400000e+00 -2.200229e+01 2.087401e+01
      vertex   8.000000e-01 -2.179047e+01 2.103656e+01
    endloop
  endfacet
  facet normal 0.000000e+00 -6.087634e-01 7.933518e-01
    outer loop
      vertex   8.000000e-01 -2.179047e+01 2.103656e+01
      vertex   2.400000e+00 -2.200229e+01 2.087401e+01
      vertex   2.400000e+00 -2.179047e+01 2.103656e+01
    endloop
  endfacet
  facet normal 0.000000e+00 -6.494467e-01 7.604071e-01
    outer loop
      vertex   8.000000e-01 -2.179047e+01 2.103656e+01
      vertex   2.400000e+00 -2.179047e+01 2.103656e+01
      vertex   8.000000e-01 -2.158744e+01 2.120996e+01
    endloop
  endfacet
  facet normal 0.000000e+00 -6.494467e-01 7.604071e-01
    outer loop
      vertex   8.000000e-01 -2.158744e+01 2.120996e+01
      vertex   2.400000e+00 -2.179047e+01 2.103656e+01
      vertex   2.400000e+00 -2.158744e+01 2.120996e+01
    endloop
  endfacet
  facet normal 0.000000e+00 -6.883521e-01 7.253767e-01
    outer loop
      vertex   8.000000e-01 -2.158744e+01 2.120996e+01
      vertex   2.400000e+00 -2.158744e+01 2.120996e+01
      vertex   8.000000e-01 -2.139376e+01 2.139376e+01
    endloop
  endfacet
  facet normal 0.000000e+00 -6.883521e-01 7.253767e-01
    outer loop
      vertex   8.000000e-01 -2.139376e+01 2.139376e+01
      vertex   2.400000e+00 -2.158744e+01 2.120996e+01
      vertex   2.400000e+00 -2.139376e+01 2.139376e+01
    endloop
  endfacet
  facet normal 0.000000e+00 -7.253767e-01 6.883521e-01
    outer loop
      vertex   8.000000e-01 -2.139376e+01 2.139376e+01
      vertex   2.400000e+00 -2.139376e+01 2.139376e+01
      vertex   8.000000e-01 -2.120996e+01 2.158744e+01
    endloop
  endfacet
  facet normal 0.000000e+00 -7.253767e-01 6.883521e-01
    outer loop
      vertex   8.000000e-01 -2.120996e+01 2.158744e+01
      vertex   2.400000e+00 -2.139376e+01 2.139376e+01
      vertex   2.400000e+00 -2.120996e+01 2.158744e+01
    endloop
  endfacet
  facet normal 0.000000e+00 -7.604071e-01 6.494467e-01
    outer loop
      vertex   8.000000e-01 -2.120996e+01 2.158744e+01
      vertex   2.400000e+00 -2.120996e+01 2.158744e+01
      vertex   8.000000e-01 -2.103656e+01 2.179047e+01
    endloop
  endfacet
  facet normal 0.000000e+00 -7.604071e-01 6.494467e-01
    outer loop
      vertex   8.000000e-01 -2.103656e+01 2.179047e+01
      vertex   2.400000e+00 -2.120996e+01 2.158744e+01
      vertex   2.400000e+00 -2.103656e+01 2.179047e+01
    endloop
  endfacet
  facet normal 0.000000e+00 -7.933518e-01 6.087634e-01
    outer loop
      vertex   8.000000e-01 -2.103656e+01 2.179047e+01
      vertex   2.400000e+00 -2.103656e+01 2.179047e+01
      vertex   8.000000e-01 -2.087401e+01 2.200229e+01
    endloop
  endfacet
  facet normal 0.000000e+00 -7.933518e-01 6.087634e-01
    outer loop
      vertex   8.000000e-01 -2.087401e+01 2.200229e+01
      vertex   2.400000e+00 -2.103656e+01 2.179047e+01
      vertex   2.400000e+00 -2.087401e+01 2.200229e+01
    endloop
  endfacet
  facet normal 0.000000e+00 -8.241270e-01 5.664051e-01
    outer loop
      vertex   8.000000e-01 -2.087401e+01 2.200229e+01
      vertex   2.400000e+00 -2.087401e+01 2.200229e+01
      vertex   8.000000e-01 -2.072278e+01 2.222234e+01
    endloop
  endfacet
  facet normal 0.000000e+00 -8.241270e-01 5.664051e-01
    outer loop
      vertex   8.000000e-01 -2.072278e+01 2.222234e+01
      vertex   2.400000e+00 -2.087401e+01 2.200229e+01
      vertex   2.400000e+00 -2.072278e+01 2.222234e+01
    endloop
  endfacet
  facet normal 0.000000e+00 -8.526411e-01 5.224971e-01
    outer loop
      vertex   8.000000e-01 -2.072278e+01 2.222234e+01
      vertex   2.400000e+00 -2.072278e+01 2.222234e+01
      vertex   8.000000e-01 -2.058327e+01 2.245000e+01
    endloop
  endfacet
  facet normal 0.000000e+00 -8.526411e-01 5.224971e-01
    outer loop
      vertex   8.000000e-01 -2.058327e+01 2.245000e+01
      vertex   2.400000e+00 -2.072278e+01 2.222234e+01
      vertex   2.400000e+00 -2.058327e+01 2.245000e+01
    endloop
  endfacet
  facet normal 0.000000e+00 -8.788142e-01 4.771641e-01
    outer loop
      vertex   8.000000e-01 -2.058327e+01 2.245000e+01
      vertex   2.400000e+00 -2.058327e+01 2.245000e+01
      vertex   8.000000e-01 -2.045587e+01 2.268465e+01
    endloop
  endfacet
  facet normal 0.000000e+00 -8.788142e-01 4.771641e-01
    outer loop
      vertex   8.000000e-01 -2.045587e+01 2.268465e+01
      vertex   2.400000e+00 -2.058327e+01 2.245000e+01
      vertex   2.400000e+00 -2.045587e+01 2.268465e+01
    endloop
  endfacet
  facet normal 0.000000e+00 -9.025862e-01 4.305091e-01
    outer loop
      vertex   8.000000e-01 -2.045587e+01 2.268465e+01
      vertex   2.400000e+00 -2.045587e+01 2.268465e+01
      vertex   8.000000e-01 -2.034092e+01 2.292564e+01
    endloop
  endfacet
  facet normal 0.000000e+00 -9.025862e-01 4.305091e-01
    outer loop
      vertex   8.000000e-01 -2.034092e+01 2.292564e+01
      vertex   2.400000e+00 -2.045587e+01 2.268465e+01
      vertex   2.400000e+00 -2.034092e+01 2.292564e+01
    endloop
  endfacet
  facet normal 0.000000e+00 -9.238787e-01 3.826855e-01
    outer loop
      vertex   8.000000e-01 -2.034092e+01 2.292564e+01
      vertex   2.400000e+00 -2.034092e+01 2.292564e+01
      vertex   8.000000e-01 -2.023874e+01 2.317232e+01
    endloop
  endfacet
  facet normal 0.000000e+00 -9.238787e-01 3.826855e-01
    outer loop
      vertex   8.000000e-01 -2.023874e+01 2.317232e+01
      vertex   2.400000e+00 -2.034092e+01 2.292564e+01
      vertex   2.400000e+00 -2.023874e+01 2.317232e+01
    endloop
  endfacet
  facet normal 0.000000e+00 -9.426432e-01 3.338019e-01
    outer loop
      vertex   8.000000e-01 -2.023874e+01 2.317232e+01
      vertex   2.400000e+00 -2.023874e+01 2.317232e+01
      vertex   8.000000e-01 -2.014961e+01 2.342401e+01
    endloop
  endfacet
  facet normal 0.000000e+00 -9.426432e-01 3.338019e-01
    outer loop
      vertex   8.000000e-01 -2.014961e+01 2.342401e+01
      vertex   2.400000e+00 -2.023874e+01 2.317232e+01
      vertex   2.400000e+00 -2.014961e+01 2.342401e+01
    endloop
  endfacet
  facet normal 0.000000e+00 -9.588191e-01 2.840176e-01
    outer loop
      vertex   8.000000e-01 -2.014961e+01 2.342401e+01
      vertex   2.400000e+00 -2.014961e+01 2.342401e+01
      vertex   8.000000e-01 -2.007378e+01 2.368002e+01
    endloop
  endfacet
  facet normal 0.000000e+00 -9.588191e-01 2.840176e-01
    outer loop
      vertex   8.000000e-01 -2.007378e+01 2.368002e+01
      vertex   2.400000e+00 -2.014961e+01 2.342401e+01
      vertex   2.400000e+00 -2.007378e+01 2.368002e+01
    endloop
  endfacet
  facet normal 0.000000e+00 -9.723704e-01 2.334435e-01
    outer loop
      vertex   8.000000e-01 -2.007378e+01 2.368002e+01
      vertex   2.400000e+00 -2.007378e+01 2.368002e+01
      vertex   8.000000e-01 -2.001145e+01 2.393965e+01
    endloop
  endfacet
  facet normal 0.000000e+00 -9.723704e-01 2.334435e-01
    outer loop
      vertex   8.000000e-01 -2.001145e+01 2.393965e+01
      vertex   2.400000e+00 -2.007378e+01 2.368002e+01
      vertex   2.400000e+00 -2.001145e+01 2.393965e+01
    endloop
  endfacet
  facet normal 0.000000e+00 -9.832547e-01 1.822369e-01
    outer loop
      vertex   8.000000e-01 -2.001145e+01 2.393965e+01
      vertex   2.400000e+00 -2.001145e+01 2.393965e+01
      vertex   8.000000e-01 -1.996279e+01 2.420219e+01
    endloop
  endfacet
  facet normal 0.000000e+00 -9.832547e-01 1.822369e-01
    outer loop
      vertex   8.000000e-01 -1.996279e+01 2.420219e+01
      vertex   2.400000e+00 -2.001145e+01 2.393965e+01
      vertex   2.400000e+00 -1.996279e+01 2.420219e+01
    endloop
  endfacet
  facet normal 0.000000e+00 -9.914449e-01 1.305258e-01
    outer loop
      vertex   8.000000e-01 -1.996279e+01 2.420219e+01
      vertex   2.400000e+00 -1.996279e+01 2.420219e+01
      vertex   8.000000e-01 -1.992794e+01 2.446691e+01
    endloop
  endfacet
  facet normal 0.000000e+00 -9.914449e-01 1.305258e-01
    outer loop
      vertex   8.000000e-01 -1.992794e+01 2.446691e+01
      vertex   2.400000e+00 -1.996279e+01 2.420219e+01
      vertex   2.400000e+00 -1.992794e+01 2.446691e+01
    endloop
  endfacet
  facet normal 0.000000e+00 -9.969175e-01 7.845700e-02
    outer loop
      vertex   8.000000e-01 -1.992794e+01 2.446691e+01
      vertex   2.400000e+00 -1.992794e+01 2.446691e+01
      vertex   8.000000e-01 -1.990699e+01 2.473309e+01
    endloop
  endfacet
  facet normal 0.000000e+00 -9.969175e-01 7.845700e-02
    outer loop
      vertex   8.000000e-01 -1.990699e+01 2.473309e+01
      vertex   2.400000e+00 -1.992794e+01 2.446691e+01
      vertex   2.400000e+00 -1.990699e+01 2.473309e+01
    endloop
  endfacet
  facet normal 0.000000e+00 -9.996572e-01 2.618101e-02
    outer loop
      vertex   8.000000e-01 -1.990699e+01 2.473309e+01
      vertex   2.400000e+00 -1.990699e+01 2.473309e+01
      vertex   8.000000e-01 -1.990000e+01 2.500000e+01
    endloop
  endfacet
  facet normal 0.000000e+00 -9.996572e-01 2.618101e-02
    outer loop
      vertex   8.000000e-01 -1.990000e+01 2.500000e+01
      vertex   2.400000e+00 -1.990699e+01 2.473309e+01
      vertex   2.400000e+00 -1.990000e+01 2.500000e+01
    endloop
  endfacet
  facet normal 0.000000e+00 -9.996572e-01 -2.618101e-02
    outer loop
      vertex   8.000000e-01 -1.990000e+01 2.500000e+01
      vertex   2.400000e+00 -1.990000e+01 2.500000e+01
      vertex   8.000000e-01 -1.990699e+01 2.526691e+01
    endloop
  endfacet
  facet normal 0.000000e+00 -9.996572e-01 -2.618101e-02
    outer loop
      vertex   8.000000e-01 -1.990699e+01 2.526691e+01
      vertex   2.400000e+00 -1.990000e+01 2.500000e+01
      vertex   2.400000e+00 -1.990699e+01 2.526691e+01
    endloop
  endfacet
  facet normal 0.000000e+00 -9.969175e-01 -7.845700e-02
    outer loop
      vertex   8.000000e-01 -1.990699e+01 2.526691e+01
      vertex   2.400000e+00 -1.990699e+01 2.526691e+01
      vertex   8.000000e-01 -1.992794e+01 2.553309e+01
    endloop
  endfacet
  facet normal 0.000000e+00 -9.969175e-01 -7.845700e-02
    outer loop
      vertex   8.000000e-01 -1.992794e+01 2.553309e+01
      vertex   2.400000e+00 -1.990699e+01 2.526691e+01
      vertex   2.400000e+00 -1.992794e+01 2.553309e+01
    endloop
  endfacet
  facet normal 0.000000e+00 -9.914449e-01 -1.305258e-01
    outer loop
      vertex   8.000000e-01 -1.992794e+01 2.553309e+01
      vertex   2.400000e+00 -1.992794e+01 2.553309e+01
      vertex   8.000000e-01 -1.996279e+01 2.579782e+01
    endloop
  endfacet
  facet normal 0.000000e+00 -9.914449e-01 -1.305258e-01
    outer loop
      vertex   8.000000e-01 -1.996279e+01 2.579782e+01
      vertex   2.400000e+00 -1.992794e+01 2.553309e+01
      vertex   2.400000e+00 -1.996279e+01 2.579782e+01
    endloop
  endfacet
  facet normal 0.000000e+00 -9.832547e-01 -1.822369e-01
    outer loop
      vertex   8.000000e-01 -1.996279e+01 2.579782e+01
      vertex   2.400000e+00 -1.996279e+01 2.579782e+01
      vertex   8.000000e-01 -2.001145e+01 2.606035e+01
    endloop
  endfacet
  facet normal 0.000000e+00 -9.832547e-01 -1.822369e-01
    outer loop
      vertex   8.000000e-01 -2.001145e+01 2.606035e+01
      vertex   2.400000e+00 -1.996279e+01 2.579782e+01
      vertex   2.400000e+00 -2.001145e+01 2.606035e+01
    endloop
  endfacet
  facet normal 0.000000e+00 -9.723704e-01 -2.334435e-01
    outer loop
      vertex   8.000000e-01 -2.001145e+01 2.606035e+01
      vertex   2.400000e+00 -2.001145e+01 2.606035e+01
      vertex   8.000000e-01 -2.007378e+01 2.631998e+01
    endloop
  endfacet
  facet normal 0.000000e+00 -9.723704e-01 -2.334435e-01
    outer loop
      vertex   8.000000e-01 -2.007378e+01 2.631998e+01
      vertex   2.400000e+00 -2.001145e+01 2.606035e+01
      vertex   2.400000e+00 -2.007378e+01 2.631998e+01
    endloop
  endfacet
  facet normal 0.000000e+00 -9.588191e-01 -2.840176e-01
    outer loop
      vertex   8.000000e-01 -2.007378e+01 2.631998e+01
      vertex   2.400000e+00 -2.007378e+01 2.631998e+01
      vertex   8.000000e-01 -2.014961e+01 2.657599e+01
    endloop
  endfacet
  facet normal 0.000000e+00 -9.588191e-01 -2.840176e-01
    outer loop
      vertex   8.000000e-01 -2.014961e+01 2.657599e+01
      vertex   2.400000e+00 -2.007378e+01 2.631998e+01
      vertex   2.400000e+00 -2.014961e+01 2.657599e+01
    endloop
  endfacet
  facet normal 0.000000e+00 -9.426432e-01 -3.338019e-01
    outer loop
      vertex   8.000000e-01 -2.014961e+01 2.657599e+01
      vertex   2.400000e+00 -2.014961e+01 2.657599e+01
      vertex   8.000000e-01 -2.023874e+01 2.682768e+01
    endloop
  endfacet
  facet normal 0.000000e+00 -9.426432e-01 -3.338019e-01
    outer loop
      vertex   8.000000e-01 -2.023874e+01 2.682768e+01
      vertex   2.400000e+00 -2.014961e+01 2.657599e+01
      vertex   2.400000e+00 -2.023874e+01 2.682768e+01
    endloop
  endfacet
  facet normal 0.000000e+00 -9.238787e-01 -3.826855e-01
    outer loop
      vertex   8.000000e-01 -2.023874e+01 2.682768e+01
      vertex   2.400000e+00 -2.023874e+01 2.682768e+01
      vertex   8.000000e-01 -2.034092e+01 2.707436e+01
    endloop
  endfacet
  facet normal 0.000000e+00 -9.238787e-01 -3.826855e-01
    outer loop
      vertex   8.000000e-01 -2.034092e+01 2.707436e+01
      vertex   2.400000e+00 -2.023874e+01 2.682768e+01
      vertex   2.400000e+00 -2.034092e+01 2.707436e+01
    endloop
  endfacet
  facet normal 0.000000e+00 -9.025862e-01 -4.305091e-01
    outer loop
      vertex   8.000000e-01 -2.034092e+01 2.707436e+01
      vertex   2.400000e+00 -2.034092e+01 2.707436e+01
      vertex   8.000000e-01 -2.045587e+01 2.731535e+01
    endloop
  endfacet
  facet normal 0.000000e+00 -9.025862e-01 -4.305091e-01
    outer loop
      vertex   8.000000e-01 -2.045587e+01 2.731535e+01
      vertex   2.400000e+00 -2.034092e+01 2.707436e+01
      vertex   2.400000e+00 -2.045587e+01 2.731535e+01
    endloop
  endfacet
  facet normal 0.000000e+00 -8.788142e-01 -4.771641e-01
    outer loop
      vertex   8.000000e-01 -2.045587e+01 2.731535e+01
      vertex   2.400000e+00 -2.045587e+01 2.731535e+01
      vertex   8.000000e-01 -2.058327e+01 2.755000e+01
    endloop
  endfacet
  facet normal 0.000000e+00 -8.788142e-01 -4.771641e-01
    outer loop
      vertex   8.000000e-01 -2.058327e+01 2.755000e+01
      vertex   2.400000e+00 -2.045587e+01 2.731535e+01
      vertex   2.400000e+00 -2.058327e+01 2.755000e+01
    endloop
  endfacet
  facet normal 0.000000e+00 -8.526411e-01 -5.224971e-01
    outer loop
      vertex   8.000000e-01 -2.058327e+01 2.755000e+01
      vertex   2.400000e+00 -2.058327e+01 2.755000e+01
      vertex   8.000000e-01 -2.072278e+01 2.777766e+01
    endloop
  endfacet
  facet normal 0.000000e+00 -8.526411e-01 -5.224971e-01
    outer loop
      vertex   8.000000e-01 -2.072278e+01 2.777766e+01
      vertex   2.400000e+00 -2.058327e+01 2.755000e+01
      vertex   2.400000e+00 -2.072278e+01 2.777766e+01
    endloop
  endfacet
  facet normal 0.000000e+00 -8.241270e-01 -5.664051e-01
    outer loop
      vertex   8.000000e-01 -2.072278e+01 2.777766e+01
      vertex   2.400000e+00 -2.072278e+01 2.777766e+01
      vertex   8.000000e-01 -2.087401e+01 2.799771e+01
    endloop
  endfacet
  facet normal 0.000000e+00 -8.241270e-01 -5.664051e-01
    outer loop
      vertex   8.000000e-01 -2.087401e+01 2.799771e+01
      vertex   2.400000e+00 -2.072278e+01 2.777766e+01
      vertex   2.400000e+00 -2.087401e+01 2.799771e+01
    endloop
  endfacet
  facet normal 0.000000e+00 -7.933518e-01 -6.087634e-01
    outer loop
      vertex   8.000000e-01 -2.087401e+01 2.799771e+01
      vertex   2.400000e+00 -2.087401e+01 2.799771e+01
      vertex   8.000000e-01 -2.103656e+01 2.820953e+01
    endloop
  endfacet
  facet normal 0.000000e+00 -7.933518e-01 -6.087634e-01
    outer loop
      vertex   8.000000e-01 -2.103656e+01 2.820953e+01
      vertex   2.400000e+00 -2.087401e+01 2.799771e+01
      vertex   2.400000e+00 -2.103656e+01 2.820953e+01
    endloop
  endfacet
  facet normal 0.000000e+00 -7.604071e-01 -6.494467e-01
    outer loop
      vertex   8.000000e-01 -2.103656e+01 2.820953e+01
      vertex   2.400000e+00 -2.103656e+01 2.820953e+01
      vertex   8.000000e-01 -2.120996e+01 2.841257e+01
    endloop
  endfacet
  facet normal 0.000000e+00 -7.604071e-01 -6.494467e-01
    outer loop
      vertex   8.000000e-01 -2.120996e+01 2.841257e+01
      vertex   2.400000e+00 -2.103656e+01 2.820953e+01
      vertex   2.400000e+00 -2.120996e+01 2.841257e+01
    endloop
  endfacet
  facet normal 0.000000e+00 -7.253767e-01 -6.883521e-01
    outer loop
      vertex   8.000000e-01 -2.120996e+01 2.841257e+01
      vertex   2.400000e+00 -2.120996e+01 2.841257e+01
      vertex   8.000000e-01 -2.139376e+01 2.860625e+01
    endloop
  endfacet
  facet normal 0.000000e+00 -7.253767e-01 -6.883521e-01
    outer loop
      vertex   8.000000e-01 -2.139376e+01 2.860625e+01
      vertex   2.400000e+00 -2.120996e+01 2.841257e+01
      vertex   2.400000e+00 -2.139376e+01 2.860625e+01
    endloop
  endfacet
  facet normal 0.000000e+00 7.071064e-01 -7.071072e-01
    outer loop
      vertex   2.400000e+00 2.308751e+01 3.030000e+01
      vertex   2.400000e+00 2.139376e+01 2.860625e+01
      vertex   8.000000e-01 2.308751e+01 3.030000e+01
    endloop
  endfacet
  facet normal 2.272537e-17 7.071064e-01 -7.071072e-01
    outer loop
      vertex   8.000000e-01 2.308751e+01 3.030000e+01
      vertex   2.400000e+00 2.139376e+01 2.860625e+01
      vertex   8.000000e-01 2.139376e+01 2.860625e+01
    endloop
  endfacet
  facet normal 0.000000e+00 7.253767e-01 -6.883521e-01
    outer loop
      vertex   8.000000e-01 2.139376e+01 2.860625e+01
      vertex   2.400000e+00 2.139376e+01 2.860625e+01
      vertex   8.000000e-01 2.120996e+01 2.841257e+01
    endloop
  endfacet
  facet normal 0.000000e+00 7.253767e-01 -6.883521e-01
    outer loop
      vertex   8.000000e-01 2.120996e+01 2.841257e+01
      vertex   2.400000e+00 2.139376e+01 2.860625e+01
      vertex   2.400000e+00 2.120996e+01 2.841257e+01
    endloop
  endfacet
  facet normal 0.000000e+00 7.604071e-01 -6.494467e-01
    outer loop
      vertex   8.000000e-01 2.120996e+01 2.841257e+01
      vertex   2.400000e+00 2.120996e+01 2.841257e+01
      vertex   8.000000e-01 2.103656e+01 2.820953e+01
    endloop
  endfacet
  facet normal 0.000000e+00 7.604071e-01 -6.494467e-01
    outer loop
      vertex   8.000000e-01 2.103656e+01 2.820953e+01
      vertex   2.400000e+00 2.120996e+01 2.841257e+01
      vertex   2.400000e+00 2.103656e+01 2.820953e+01
    endloop
  endfacet
  facet normal 0.000000e+00 7.933518e-01 -6.087634e-01
    outer loop
      vertex   8.000000e-01 2.103656e+01 2.820953e+01
      vertex   2.400000e+00 2.103656e+01 2.820953e+01
      vertex   8.000000e-01 2.087401e+01 2.799771e+01
    endloop
  endfacet
  facet normal 0.000000e+00 7.933518e-01 -6.087634e-01
    outer loop
      vertex   8.000000e-01 2.087401e+01 2.799771e+01
      vertex   2.400000e+00 2.103656e+01 2.820953e+01
      vertex   2.400000e+00 2.087401e+01 2.799771e+01
    endloop
  endfacet
  facet normal 0.000000e+00 8.241270e-01 -5.664051e-01
    outer loop
      vertex   8.000000e-01 2.087401e+01 2.799771e+01
      vertex   2.400000e+00 2.087401e+01 2.799771e+01
      vertex   8.000000e-01 2.072278e+01 2.777766e+01
    endloop
  endfacet
  facet normal 0.000000e+00 8.241270e-01 -5.664051e-01
    outer loop
      vertex   8.000000e-01 2.072278e+01 2.777766e+01
      vertex   2.400000e+00 2.087401e+01 2.799771e+01
      vertex   2.400000e+00 2.072278e+01 2.777766e+01
    endloop
  endfacet
  facet normal 0.000000e+00 8.526411e-01 -5.224971e-01
    outer loop
      vertex   8.000000e-01 2.072278e+01 2.777766e+01
      vertex   2.400000e+00 2.072278e+01 2.777766e+01
      vertex   8.000000e-01 2.058327e+01 2.755000e+01
    endloop
  endfacet
  facet normal 0.000000e+00 8.526411e-01 -5.224971e-01
    outer loop
      vertex   8.000000e-01 2.058327e+01 2.755000e+01
      vertex   2.400000e+00 2.072278e+01 2.777766e+01
      vertex   2.400000e+00 2.058327e+01 2.755000e+01
    endloop
  endfacet
  facet normal 0.000000e+00 8.788142e-01 -4.771641e-01
    outer loop
      vertex   8.000000e-01 2.058327e+01 2.755000e+01
      vertex   2.400000e+00 2.058327e+01 2.755000e+01
      vertex   8.000000e-01 2.045587e+01 2.731535e+01
    endloop
  endfacet
  facet normal 0.000000e+00 8.788142e-01 -4.771641e-01
    outer loop
      vertex   8.000000e-01 2.045587e+01 2.731535e+01
      vertex   2.400000e+00 2.058327e+01 2.755000e+01
      vertex   2.400000e+00 2.045587e+01 2.731535e+01
    endloop
  endfacet
  facet normal 0.000000e+00 9.025862e-01 -4.305091e-01
    outer loop
      vertex   8.000000e-01 2.045587e+01 2.731535e+01
      vertex   2.400000e+00 2.045587e+01 2.731535e+01
      vertex   8.000000e-01 2.034092e+01 2.707436e+01
    endloop
  endfacet
  facet normal 0.000000e+00 9.025862e-01 -4.305091e-01
    outer loop
      vertex   8.000000e-01 2.034092e+01 2.707436e+01
      vertex   2.400000e+00 2.045587e+01 2.731535e+01
      vertex   2.400000e+00 2.034092e+01 2.707436e+01
    endloop
  endfacet
  facet normal 0.000000e+00 9.238787e-01 -3.826855e-01
    outer loop
      vertex   8.000000e-01 2.034092e+01 2.707436e+01
      vertex   2.400000e+00 2.034092e+01 2.707436e+01
      vertex   8.000000e-01 2.023874e+01 2.682768e+01
    endloop
  endfacet
  facet normal 0.000000e+00 9.238787e-01 -3.826855e-01
    outer loop
      vertex   8.000000e-01 2.023874e+01 2.682768e+01
      vertex   2.400000e+00 2.034092e+01 2.707436e+01
      vertex   2.400000e+00 2.023874e+01 2.682768e+01
    endloop
  endfacet
  facet normal 0.000000e+00 9.426432e-01 -3.338019e-01
    outer loop
      vertex   8.000000e-01 2.023874e+01 2.682768e+01
      vertex   2.400000e+00 2.023874e+01 2.682768e+01
      vertex   8.000000e-01 2.014961e+01 2.657599e+01
    endloop
  endfacet
  facet normal 0.000000e+00 9.426432e-01 -3.338019e-01
    outer loop
      vertex   8.000000e-01 2.014961e+01 2.657599e+01
      vertex   2.400000e+00 2.023874e+01 2.682768e+01
      vertex   2.400000e+00 2.014961e+01 2.657599e+01
    endloop
  endfacet
  facet normal 0.000000e+00 9.588191e-01 -2.840176e-01
    outer loop
      vertex   8.000000e-01 2.014961e+01 2.657599e+01
      vertex   2.400000e+00 2.014961e+01 2.657599e+01
      vertex   8.000000e-01 2.007378e+01 2.631998e+01
    endloop
  endfacet
  facet normal 0.000000e+00 9.588191e-01 -2.840176e-01
    outer loop
      vertex   8.000000e-01 2.007378e+01 2.631998e+01
      vertex   2.400000e+00 2.014961e+01 2.657599e+01
      vertex   2.400000e+00 2.007378e+01 2.631998e+01
    endloop
  endfacet
  facet normal 0.000000e+00 9.723704e-01 -2.334435e-01
    outer loop
      vertex   8.000000e-01 2.007378e+01 2.631998e+01
      vertex   2.400000e+00 2.007378e+01 2.631998e+01
      vertex   8.000000e-01 2.001145e+01 2.606035e+01
    endloop
  endfacet
  facet normal 0.000000e+00 9.723704e-01 -2.334435e-01
    outer loop
      vertex   8.000000e-01 2.001145e+01 2.606035e+01
      vertex   2.400000e+00 2.007378e+01 2.631998e+01
      vertex   2.400000e+00 2.001145e+01 2.606035e+01
    endloop
  endfacet
  facet normal 0.000000e+00 9.832547e-01 -1.822369e-01
    outer loop
      vertex   8.000000e-01 2.001145e+01 2.606035e+01
      vertex   2.400000e+00 2.001145e+01 2.606035e+01
      vertex   8.000000e-01 1.996279e+01 2.579782e+01
    endloop
  endfacet
  facet normal 0.000000e+00 9.832547e-01 -1.822369e-01
    outer loop
      vertex   8.000000e-01 1.996279e+01 2.579782e+01
      vertex   2.400000e+00 2.001145e+01 2.606035e+01
      vertex   2.400000e+00 1.996279e+01 2.579782e+01
    endloop
  endfacet
  facet normal 0.000000e+00 9.914449e-01 -1.305258e-01
    outer loop
      vertex   8.000000e-01 1.996279e+01 2.579782e+01
      vertex   2.400000e+00 1.996279e+01 2.579782e+01
      vertex   8.000000e-01 1.992794e+01 2.553309e+01
    endloop
  endfacet
  facet normal 0.000000e+00 9.914449e-01 -1.305258e-01
    outer loop
      vertex   8.000000e-01 1.992794e+01 2.553309e+01
      vertex   2.400000e+00 1.996279e+01 2.579782e+01
      vertex   2.400000e+00 1.992794e+01 2.553309e+01
    endloop
  endfacet
  facet normal 0.000000e+00 9.969175e-01 -7.845700e-02
    outer loop
      vertex   8.000000e-01 1.992794e+01 2.553309e+01
      vertex   2.400000e+00 1.992794e+01 2.553309e+01
      vertex   8.000000e-01 1.990699e+01 2.526691e+01
    endloop
  endfacet
  facet normal 0.000000e+00 9.969175e-01 -7.845700e-02
    outer loop
      vertex   8.000000e-01 1.990699e+01 2.526691e+01
      vertex   2.400000e+00 1.992794e+01 2.553309e+01
      vertex   2.400000e+00 1.990699e+01 2.526691e+01
    endloop
  endfacet
  facet normal 0.000000e+00 9.996572e-01 -2.618101e-02
    outer loop
      vertex   8.000000e-01 1.990699e+01 2.526691e+01
      vertex   2.400000e+00 1.990699e+01 2.526691e+01
      vertex   8.000000e-01 1.990000e+01 2.500000e+01
    endloop
  endfacet
  facet normal 0.000000e+00 9.996572e-01 -2.618101e-02
    outer loop
      vertex   8.000000e-01 1.990000e+01 2.500000e+01
      vertex   2.400000e+00 1.990699e+01 2.526691e+01
      vertex   2.400000e+00 1.990000e+01 2.500000e+01
    endloop
  endfacet
  facet normal -0.000000e+00 9.996572e-01 2.618101e-02
    outer loop
      vertex   8.000000e-01 1.990000e+01 2.500000e+01
      vertex   2.400000e+00 1.990000e+01 2.500000e+01
      vertex   8.000000e-01 1.990699e+01 2.473309e+01
    endloop
  endfacet
  facet normal -0.000000e+00 9.996572e-01 2.618101e-02
    outer loop
      vertex   8.000000e-01 1.990699e+01 2.473309e+01
      vertex   2.400000e+00 1.990000e+01 2.500000e+01
      vertex   2.400000e+00 1.990699e+01 2.473309e+01
    endloop
  endfacet
  facet normal -0.000000e+00 9.969175e-01 7.845700e-02
    outer loop
      vertex   8.000000e-01 1.990699e+01 2.473309e+01
      vertex   2.400000e+00 1.990699e+01 2.473309e+01
      vertex   8.000000e-01 1.992794e+01 2.446691e+01
    endloop
  endfacet
  facet normal -0.000000e+00 9.969175e-01 7.845700e-02
    outer loop
      vertex   8.000000e-01 1.992794e+01 2.446691e+01
      vertex   2.400000e+00 1.990699e+01 2.473309e+01
      vertex   2.400000e+00 1.992794e+01 2.446691e+01
    endloop
  endfacet
  facet normal -0.000000e+00 9.914449e-01 1.305258e-01
    outer loop
      vertex   8.000000e-01 1.992794e+01 2.446691e+01
      vertex   2.400000e+00 1.992794e+01 2.446691e+01
      vertex   8.000000e-01 1.996279e+01 2.420219e+01
    endloop
  endfacet
  facet normal -0.000000e+00 9.914449e-01 1.305258e-01
    outer loop
      vertex   8.000000e-01 1.996279e+01 2.420219e+01
      vertex   2.400000e+00 1.992794e+01 2.446691e+01
      vertex   2.400000e+00 1.996279e+01 2.420219e+01
    endloop
  endfacet
  facet normal -0.000000e+00 9.832547e-01 1.822369e-01
    outer loop
      vertex   8.000000e-01 1.996279e+01 2.420219e+01
      vertex   2.400000e+00 1.996279e+01 2.420219e+01
      vertex   8.000000e-01 2.001145e+01 2.393965e+01
    endloop
  endfacet
  facet normal -0.000000e+00 9.832547e-01 1.822369e-01
    outer loop
      vertex   8.000000e-01 2.001145e+01 2.393965e+01
      vertex   2.400000e+00 1.996279e+01 2.420219e+01
      vertex   2.400000e+00 2.001145e+01 2.393965e+01
    endloop
  endfacet
  facet normal -0.000000e+00 9.723704e-01 2.334435e-01
    outer loop
      vertex   8.000000e-01 2.001145e+01 2.393965e+01
      vertex   2.400000e+00 2.001145e+01 2.393965e+01
      vertex   8.000000e-01 2.007378e+01 2.368002e+01
    endloop
  endfacet
  facet normal -0.000000e+00 9.723704e-01 2.334435e-01
    outer loop
      vertex   8.000000e-01 2.007378e+01 2.368002e+01
      vertex   2.400000e+00 2.001145e+01 2.393965e+01
      vertex   2.400000e+00 2.007378e+01 2.368002e+01
    endloop
  endfacet
  facet normal -0.000000e+00 9.588191e-01 2.840176e-01
    outer loop
      vertex   8.000000e-01 2.007378e+01 2.368002e+01
      vertex   2.400000e+00 2.007378e+01 2.368002e+01
      vertex   8.000000e-01 2.014961e+01 2.342401e+01
    endloop
  endfacet
  facet normal -0.000000e+00 9.588191e-01 2.840176e-01
    outer loop
      vertex   8.000000e-01 2.014961e+01 2.342401e+01
      vertex   2.400000e+00 2.007378e+01 2.368002e+01
      vertex   2.400000e+00 2.014961e+01 2.342401e+01
    endloop
  endfacet
  facet normal -0.000000e+00 9.426432e-01 3.338019e-01
    outer loop
      vertex   8.000000e-01 2.014961e+01 2.342401e+01
      vertex   2.400000e+00 2.014961e+01 2.342401e+01
      vertex   8.000000e-01 2.023874e+01 2.317232e+01
    endloop
  endfacet
  facet normal -0.000000e+00 9.426432e-01 3.338019e-01
    outer loop
      vertex   8.000000e-01 2.023874e+01 2.317232e+01
      vertex   2.400000e+00 2.014961e+01 2.342401e+01
      vertex   2.400000e+00 2.023874e+01 2.317232e+01
    endloop
  endfacet
  facet normal -0.000000e+00 9.238787e-01 3.826855e-01
    outer loop
      vertex   8.000000e-01 2.023874e+01 2.317232e+01
      vertex   2.400000e+00 2.023874e+01 2.317232e+01
      vertex   8.000000e-01 2.034092e+01 2.292564e+01
    endloop
  endfacet
  facet normal -0.000000e+00 9.238787e-01 3.826855e-01
    outer loop
      vertex   8.000000e-01 2.034092e+01 2.292564e+01
      vertex   2.400000e+00 2.023874e+01 2.317232e+01
      vertex   2.400000e+00 2.034092e+01 2.292564e+01
    endloop
  endfacet
  facet normal -0.000000e+00 9.025862e-01 4.305091e-01
    outer loop
      vertex   8.000000e-01 2.034092e+01 2.292564e+01
      vertex   2.400000e+00 2.034092e+01 2.292564e+01
      vertex   8.000000e-01 2.045587e+01 2.268465e+01
    endloop
  endfacet
  facet normal -0.000000e+00 9.025862e-01 4.305091e-01
    outer loop
      vertex   8.000000e-01 2.045587e+01 2.268465e+01
      vertex   2.400000e+00 2.034092e+01 2.292564e+01
      vertex   2.400000e+00 2.045587e+01 2.268465e+01
    endloop
  endfacet
  facet normal -0.000000e+00 8.788142e-01 4.771641e-01
    outer loop
      vertex   8.000000e-01 2.045587e+01 2.268465e+01
      vertex   2.400000e+00 2.045587e+01 2.268465e+01
      vertex   8.000000e-01 2.058327e+01 2.245000e+01
    endloop
  endfacet
  facet normal -0.000000e+00 8.788142e-01 4.771641e-01
    outer loop
      vertex   8.000000e-01 2.058327e+01 2.245000e+01
      vertex   2.400000e+00 2.045587e+01 2.268465e+01
      vertex   2.400000e+00 2.058327e+01 2.245000e+01
    endloop
  endfacet
  facet normal -0.000000e+00 8.526411e-01 5.224971e-01
    outer loop
      vertex   8.000000e-01 2.058327e+01 2.245000e+01
      vertex   2.400000e+00 2.058327e+01 2.245000e+01
      vertex   8.000000e-01 2.072278e+01 2.222234e+01
    endloop
  endfacet
  facet normal -0.000000e+00 8.526411e-01 5.224971e-01
    outer loop
      vertex   8.000000e-01 2.072278e+01 2.222234e+01
      vertex   2.400000e+00 2.058327e+01 2.245000e+01
      vertex   2.400000e+00 2.072278e+01 2.222234e+01
    endloop
  endfacet
  facet normal -0.000000e+00 8.241270e-01 5.664051e-01
    outer loop
      vertex   8.000000e-01 2.072278e+01 2.222234e+01
      vertex   2.400000e+00 2.072278e+01 2.222234e+01
      vertex   8.000000e-01 2.087401e+01 2.200229e+01
    endloop
  endfacet
  facet normal -0.000000e+00 8.241270e-01 5.664051e-01
    outer loop
      vertex   8.000000e-01 2.087401e+01 2.200229e+01
      vertex   2.400000e+00 2.072278e+01 2.222234e+01
      vertex   2.400000e+00 2.087401e+01 2.200229e+01
    endloop
  endfacet
  facet normal -0.000000e+00 7.933518e-01 6.087634e-01
    outer loop
      vertex   8.000000e-01 2.087401e+01 2.200229e+01
      vertex   2.400000e+00 2.087401e+01 2.200229e+01
      vertex   8.000000e-01 2.103656e+01 2.179047e+01
    endloop
  endfacet
  facet normal -0.000000e+00 7.933518e-01 6.087634e-01
    outer loop
      vertex   8.000000e-01 2.103656e+01 2.179047e+01
      vertex   2.400000e+00 2.087401e+01 2.200229e+01
      vertex   2.400000e+00 2.103656e+01 2.179047e+01
    endloop
  endfacet
  facet normal -0.000000e+00 7.604071e-01 6.494467e-01
    outer loop
      vertex   8.000000e-01 2.103656e+01 2.179047e+01
      vertex   2.400000e+00 2.103656e+01 2.179047e+01
      vertex   8.000000e-01 2.120996e+01 2.158744e+01
    endloop
  endfacet
  facet normal -0.000000e+00 7.604071e-01 6.494467e-01
    outer loop
      vertex   8.000000e-01 2.120996e+01 2.158744e+01
      vertex   2.400000e+00 2.103656e+01 2.179047e+01
      vertex   2.400000e+00 2.120996e+01 2.158744e+01
    endloop
  endfacet
  facet normal -0.000000e+00 7.253767e-01 6.883521e-01
    outer loop
      vertex   8.000000e-01 2.120996e+01 2.158744e+01
      vertex   2.400000e+00 2.120996e+01 2.158744e+01
      vertex   8.000000e-01 2.139376e+01 2.139376e+01
    endloop
  endfacet
  facet normal -0.000000e+00 7.253767e-01 6.883521e-01
    outer loop
      vertex   8.000000e-01 2.139376e+01 2.139376e+01
      vertex   2.400000e+00 2.120996e+01 2.158744e+01
      vertex   2.400000e+00 2.139376e+01 2.139376e+01
    endloop
  endfacet
  facet normal -0.000000e+00 6.883521e-01 7.253767e-01
    outer loop
      vertex   8.000000e-01 2.139376e+01 2.139376e+01
      vertex   2.400000e+00 2.139376e+01 2.139376e+01
      vertex   8.000000e-01 2.158744e+01 2.120996e+01
    endloop
  endfacet
  facet normal -0.000000e+00 6.883521e-01 7.253767e-01
    outer loop
      vertex   8.000000e-01 2.158744e+01 2.120996e+01
      vertex   2.400000e+00 2.139376e+01 2.139376e+01
      vertex   2.400000e+00 2.158744e+01 2.120996e+01
    endloop
  endfacet
  facet normal -0.000000e+00 6.494467e-01 7.604071e-01
    outer loop
      vertex   8.000000e-01 2.158744e+01 2.120996e+01
      vertex   2.400000e+00 2.158744e+01 2.120996e+01
      vertex   8.000000e-01 2.179047e+01 2.103656e+01
    endloop
  endfacet
  facet normal -0.000000e+00 6.494467e-01 7.604071e-01
    outer loop
      vertex   8.000000e-01 2.179047e+01 2.103656e+01
      vertex   2.400000e+00 2.158744e+01 2.120996e+01
      vertex   2.400000e+00 2.179047e+01 2.103656e+01
    endloop
  endfacet
  facet normal -0.000000e+00 6.087634e-01 7.933518e-01
    outer loop
      vertex   8.000000e-01 2.179047e+01 2.103656e+01
      vertex   2.400000e+00 2.179047e+01 2.103656e+01
      vertex   8.000000e-01 2.200229e+01 2.087401e+01
    endloop
  endfacet
  facet normal -0.000000e+00 6.087634e-01 7.933518e-01
    outer loop
      vertex   8.000000e-01 2.200229e+01 2.087401e+01
      vertex   2.400000e+00 2.179047e+01 2.103656e+01
      vertex   2.400000e+00 2.200229e+01 2.087401e+01
    endloop
  endfacet
  facet normal -0.000000e+00 5.664051e-01 8.241270e-01
    outer loop
      vertex   8.000000e-01 2.200229e+01 2.087401e+01
      vertex   2.400000e+00 2.200229e+01 2.087401e+01
      vertex   8.000000e-01 2.222234e+01 2.072278e+01
    endloop
  endfacet
  facet normal -0.000000e+00 5.664051e-01 8.241270e-01
    outer loop
      vertex   8.000000e-01 2.222234e+01 2.072278e+01
      vertex   2.400000e+00 2.200229e+01 2.087401e+01
      vertex   2.400000e+00 2.222234e+01 2.072278e+01
    endloop
  endfacet
  facet normal -0.000000e+00 5.224971e-01 8.526411e-01
    outer loop
      vertex   8.000000e-01 2.222234e+01 2.072278e+01
      vertex   2.400000e+00 2.222234e+01 2.072278e+01
      vertex   8.000000e-01 2.245000e+01 2.058327e+01
    endloop
  endfacet
  facet normal -0.000000e+00 5.224971e-01 8.526411e-01
    outer loop
      vertex   8.000000e-01 2.245000e+01 2.058327e+01
      vertex   2.400000e+00 2.222234e+01 2.072278e+01
      vertex   2.400000e+00 2.245000e+01 2.058327e+01
    endloop
  endfacet
  facet normal -0.000000e+00 4.771641e-01 8.788142e-01
    outer loop
      vertex   8.000000e-01 2.245000e+01 2.058327e+01
      vertex   2.400000e+00 2.245000e+01 2.058327e+01
      vertex   8.000000e-01 2.268465e+01 2.045587e+01
    endloop
  endfacet
  facet normal -0.000000e+00 4.771641e-01 8.788142e-01
    outer loop
      vertex   8.000000e-01 2.268465e+01 2.045587e+01
      vertex   2.400000e+00 2.245000e+01 2.058327e+01
      vertex   2.400000e+00 2.268465e+01 2.045587e+01
    endloop
  endfacet
  facet normal -0.000000e+00 4.305091e-01 9.025862e-01
    outer loop
      vertex   8.000000e-01 2.268465e+01 2.045587e+01
      vertex   2.400000e+00 2.268465e+01 2.045587e+01
      vertex   8.000000e-01 2.292564e+01 2.034092e+01
    endloop
  endfacet
  facet normal -0.000000e+00 4.305091e-01 9.025862e-01
    outer loop
      vertex   8.000000e-01 2.292564e+01 2.034092e+01
      vertex   2.400000e+00 2.268465e+01 2.045587e+01
      vertex   2.400000e+00 2.292564e+01 2.034092e+01
    endloop
  endfacet
  facet normal -0.000000e+00 3.826855e-01 9.238787e-01
    outer loop
      vertex   8.000000e-01 2.292564e+01 2.034092e+01
      vertex   2.400000e+00 2.292564e+01 2.034092e+01
      vertex   8.000000e-01 2.317232e+01 2.023874e+01
    endloop
  endfacet
  facet normal -0.000000e+00 3.826855e-01 9.238787e-01
    outer loop
      vertex   8.000000e-01 2.317232e+01 2.023874e+01
      vertex   2.400000e+00 2.292564e+01 2.034092e+01
      vertex   2.400000e+00 2.317232e+01 2.023874e+01
    endloop
  endfacet
  facet normal -0.000000e+00 3.338019e-01 9.426432e-01
    outer loop
      vertex   8.000000e-01 2.317232e+01 2.023874e+01
      vertex   2.400000e+00 2.317232e+01 2.023874e+01
      vertex   8.000000e-01 2.342401e+01 2.014961e+01
    endloop
  endfacet
  facet normal -0.000000e+00 3.338019e-01 9.426432e-01
    outer loop
      vertex   8.000000e-01 2.342401e+01 2.014961e+01
      vertex   2.400000e+00 2.317232e+01 2.023874e+01
      vertex   2.400000e+00 2.342401e+01 2.014961e+01
    endloop
  endfacet
  facet normal -0.000000e+00 2.840176e-01 9.588191e-01
    outer loop
      vertex   8.000000e-01 2.342401e+01 2.014961e+01
      vertex   2.400000e+00 2.342401e+01 2.014961e+01
      vertex   8.000000e-01 2.368002e+01 2.007378e+01
    endloop
  endfacet
  facet normal -0.000000e+00 2.840176e-01 9.588191e-01
    outer loop
      vertex   8.000000e-01 2.368002e+01 2.007378e+01
      vertex   2.400000e+00 2.342401e+01 2.014961e+01
      vertex   2.400000e+00 2.368002e+01 2.007378e+01
    endloop
  endfacet
  facet normal -0.000000e+00 2.334435e-01 9.723704e-01
    outer loop
      vertex   8.000000e-01 2.368002e+01 2.007378e+01
      vertex   2.400000e+00 2.368002e+01 2.007378e+01
      vertex   8.000000e-01 2.393965e+01 2.001145e+01
    endloop
  endfacet
  facet normal -0.000000e+00 2.334435e-01 9.723704e-01
    outer loop
      vertex   8.000000e-01 2.393965e+01 2.001145e+01
      vertex   2.400000e+00 2.368002e+01 2.007378e+01
      vertex   2.400000e+00 2.393965e+01 2.001145e+01
    endloop
  endfacet
  facet normal -0.000000e+00 1.822369e-01 9.832547e-01
    outer loop
      vertex   8.000000e-01 2.393965e+01 2.001145e+01
      vertex   2.400000e+00 2.393965e+01 2.001145e+01
      vertex   8.000000e-01 2.420219e+01 1.996279e+01
    endloop
  endfacet
  facet normal -0.000000e+00 1.822369e-01 9.832547e-01
    outer loop
      vertex   8.000000e-01 2.420219e+01 1.996279e+01
      vertex   2.400000e+00 2.393965e+01 2.001145e+01
      vertex   2.400000e+00 2.420219e+01 1.996279e+01
    endloop
  endfacet
  facet normal -0.000000e+00 1.305258e-01 9.914449e-01
    outer loop
      vertex   8.000000e-01 2.420219e+01 1.996279e+01
      vertex   2.400000e+00 2.420219e+01 1.996279e+01
      vertex   8.000000e-01 2.446691e+01 1.992794e+01
    endloop
  endfacet
  facet normal -0.000000e+00 1.305258e-01 9.914449e-01
    outer loop
      vertex   8.000000e-01 2.446691e+01 1.992794e+01
      vertex   2.400000e+00 2.420219e+01 1.996279e+01
      vertex   2.400000e+00 2.446691e+01 1.992794e+01
    endloop
  endfacet
  facet normal -0.000000e+00 7.845700e-02 9.969175e-01
    outer loop
      vertex   8.000000e-01 2.446691e+01 1.992794e+01
      vertex   2.400000e+00 2.446691e+01 1.992794e+01
      vertex   8.000000e-01 2.473309e+01 1.990699e+01
    endloop
  endfacet
  facet normal -0.000000e+00 7.845700e-02 9.969175e-01
    outer loop
      vertex   8.000000e-01 2.473309e+01 1.990699e+01
      vertex   2.400000e+00 2.446691e+01 1.992794e+01
      vertex   2.400000e+00 2.473309e+01 1.990699e+01
    endloop
  endfacet
  facet normal -0.000000e+00 2.618101e-02 9.996572e-01
    outer loop
      vertex   8.000000e-01 2.473309e+01 1.990699e+01
      vertex   2.400000e+00 2.473309e+01 1.990699e+01
      vertex   8.000000e-01 2.500000e+01 1.990000e+01
    endloop
  endfacet
  facet normal -0.000000e+00 2.618101e-02 9.996572e-01
    outer loop
      vertex   8.000000e-01 2.500000e+01 1.990000e+01
      vertex   2.400000e+00 2.473309e+01 1.990699e+01
      vertex   2.400000e+00 2.500000e+01 1.990000e+01
    endloop
  endfacet
  facet normal 0.000000e+00 -2.618101e-02 9.996572e-01
    outer loop
      vertex   8.000000e-01 2.500000e+01 1.990000e+01
      vertex   2.400000e+00 2.500000e+01 1.990000e+01
      vertex   8.000000e-01 2.526691e+01 1.990699e+01
    endloop
  endfacet
  facet normal 0.000000e+00 -2.618101e-02 9.996572e-01
    outer loop
      vertex   8.000000e-01 2.526691e+01 1.990699e+01
      vertex   2.400000e+00 2.500000e+01 1.990000e+01
      vertex   2.400000e+00 2.526691e+01 1.990699e+01
    endloop
  endfacet
  facet normal 0.000000e+00 -7.845700e-02 9.969175e-01
    outer loop
      vertex   8.000000e-01 2.526691e+01 1.990699e+01
      vertex   2.400000e+00 2.526691e+01 1.990699e+01
      vertex   8.000000e-01 2.553309e+01 1.992794e+01
    endloop
  endfacet
  facet normal 0.000000e+00 -7.845700e-02 9.969175e-01
    outer loop
      vertex   8.000000e-01 2.553309e+01 1.992794e+01
      vertex   2.400000e+00 2.526691e+01 1.990699e+01
      vertex   2.400000e+00 2.553309e+01 1.992794e+01
    endloop
  endfacet
  facet normal 0.000000e+00 -1.305258e-01 9.914449e-01
    outer loop
      vertex   8.000000e-01 2.553309e+01 1.992794e+01
      vertex   2.400000e+00 2.553309e+01 1.992794e+01
      vertex   8.000000e-01 2.579782e+01 1.996279e+01
    endloop
  endfacet
  facet normal 0.000000e+00 -1.305258e-01 9.914449e-01
    outer loop
      vertex   8.000000e-01 2.579782e+01 1.996279e+01
      vertex   2.400000e+00 2.553309e+01 1.992794e+01
      vertex   2.400000e+00 2.579782e+01 1.996279e+01
    endloop
  endfacet
  facet normal 0.000000e+00 -1.822369e-01 9.832547e-01
    outer loop
      vertex   8.000000e-01 2.579782e+01 1.996279e+01
      vertex   2.400000e+00 2.579782e+01 1.996279e+01
      vertex   8.000000e-01 2.606035e+01 2.001145e+01
    endloop
  endfacet
  facet normal 0.000000e+00 -1.822369e-01 9.832547e-01
    outer loop
      vertex   8.000000e-01 2.606035e+01 2.001145e+01
      vertex   2.400000e+00 2.579782e+01 1.996279e+01
      vertex   2.400000e+00 2.606035e+01 2.001145e+01
    endloop
  endfacet
  facet normal 0.000000e+00 -2.334435e-01 9.723704e-01
    outer loop
      vertex   8.000000e-01 2.606035e+01 2.001145e+01
      vertex   2.400000e+00 2.606035e+01 2.001145e+01
      vertex   8.000000e-01 2.631998e+01 2.007378e+01
    endloop
  endfacet
  facet normal 0.000000e+00 -2.334435e-01 9.723704e-01
    outer loop
      vertex   8.000000e-01 2.631998e+01 2.007378e+01
      vertex   2.400000e+00 2.606035e+01 2.001145e+01
      vertex   2.400000e+00 2.631998e+01 2.007378e+01
    endloop
  endfacet
  facet normal 0.000000e+00 -2.840176e-01 9.588191e-01
    outer loop
      vertex   8.000000e-01 2.631998e+01 2.007378e+01
      vertex   2.400000e+00 2.631998e+01 2.007378e+01
      vertex   8.000000e-01 2.657599e+01 2.014961e+01
    endloop
  endfacet
  facet normal 0.000000e+00 -2.840176e-01 9.588191e-01
    outer loop
      vertex   8.000000e-01 2.657599e+01 2.014961e+01
      vertex   2.400000e+00 2.631998e+01 2.007378e+01
      vertex   2.400000e+00 2.657599e+01 2.014961e+01
    endloop
  endfacet
  facet normal 0.000000e+00 -3.338019e-01 9.426432e-01
    outer loop
      vertex   8.000000e-01 2.657599e+01 2.014961e+01
      vertex   2.400000e+00 2.657599e+01 2.014961e+01
      vertex   8.000000e-01 2.682768e+01 2.023874e+01
    endloop
  endfacet
  facet normal 0.000000e+00 -3.338019e-01 9.426432e-01
    outer loop
      vertex   8.000000e-01 2.682768e+01 2.023874e+01
      vertex   2.400000e+00 2.657599e+01 2.014961e+01
      vertex   2.400000e+00 2.682768e+01 2.023874e+01
    endloop
  endfacet
  facet normal 0.000000e+00 -3.826855e-01 9.238787e-01
    outer loop
      vertex   8.000000e-01 2.682768e+01 2.023874e+01
      vertex   2.400000e+00 2.682768e+01 2.023874e+01
      vertex   8.000000e-01 2.707436e+01 2.034092e+01
    endloop
  endfacet
  facet normal 0.000000e+00 -3.826855e-01 9.238787e-01
    outer loop
      vertex   8.000000e-01 2.707436e+01 2.034092e+01
      vertex   2.400000e+00 2.682768e+01 2.023874e+01
      vertex   2.400000e+00 2.707436e+01 2.034092e+01
    endloop
  endfacet
  facet normal 0.000000e+00 -4.305091e-01 9.025862e-01
    outer loop
      vertex   8.000000e-01 2.707436e+01 2.034092e+01
      vertex   2.400000e+00 2.707436e+01 2.034092e+01
      vertex   8.000000e-01 2.731535e+01 2.045587e+01
    endloop
  endfacet
  facet normal 0.000000e+00 -4.305091e-01 9.025862e-01
    outer loop
      vertex   8.000000e-01 2.731535e+01 2.045587e+01
      vertex   2.400000e+00 2.707436e+01 2.034092e+01
      vertex   2.400000e+00 2.731535e+01 2.045587e+01
    endloop
  endfacet
  facet normal 0.000000e+00 -4.771641e-01 8.788142e-01
    outer loop
      vertex   8.000000e-01 2.731535e+01 2.045587e+01
      vertex   2.400000e+00 2.731535e+01 2.045587e+01
      vertex   8.000000e-01 2.755000e+01 2.058327e+01
    endloop
  endfacet
  facet normal 0.000000e+00 -4.771641e-01 8.788142e-01
    outer loop
      vertex   8.000000e-01 2.755000e+01 2.058327e+01
      vertex   2.400000e+00 2.731535e+01 2.045587e+01
      vertex   2.400000e+00 2.755000e+01 2.058327e+01
    endloop
  endfacet
  facet normal 0.000000e+00 -5.224971e-01 8.526411e-01
    outer loop
      vertex   8.000000e-01 2.755000e+01 2.058327e+01
      vertex   2.400000e+00 2.755000e+01 2.058327e+01
      vertex   8.000000e-01 2.777766e+01 2.072278e+01
    endloop
  endfacet
  facet normal 0.000000e+00 -5.224971e-01 8.526411e-01
    outer loop
      vertex   8.000000e-01 2.777766e+01 2.072278e+01
      vertex   2.400000e+00 2.755000e+01 2.058327e+01
      vertex   2.400000e+00 2.777766e+01 2.072278e+01
    endloop
  endfacet
  facet normal 0.000000e+00 -5.664051e-01 8.241270e-01
    outer loop
      vertex   8.000000e-01 2.777766e+01 2.072278e+01
      vertex   2.400000e+00 2.777766e+01 2.072278e+01
      vertex   8.000000e-01 2.799771e+01 2.087401e+01
    endloop
  endfacet
  facet normal 0.000000e+00 -5.664051e-01 8.241270e-01
    outer loop
      vertex   8.000000e-01 2.799771e+01 2.087401e+01
      vertex   2.400000e+00 2.777766e+01 2.072278e+01
      vertex   2.400000e+00 2.799771e+01 2.087401e+01
    endloop
  endfacet
  facet normal 0.000000e+00 -6.087634e-01 7.933518e-01
    outer loop
      vertex   8.000000e-01 2.799771e+01 2.087401e+01
      vertex   2.400000e+00 2.799771e+01 2.087401e+01
      vertex   8.000000e-01 2.820953e+01 2.103656e+01
    endloop
  endfacet
  facet normal 0.000000e+00 -6.087634e-01 7.933518e-01
    outer loop
      vertex   8.000000e-01 2.820953e+01 2.103656e+01
      vertex   2.400000e+00 2.799771e+01 2.087401e+01
      vertex   2.400000e+00 2.820953e+01 2.103656e+01
    endloop
  endfacet
  facet normal 0.000000e+00 -6.494467e-01 7.604071e-01
    outer loop
      vertex   8.000000e-01 2.820953e+01 2.103656e+01
      vertex   2.400000e+00 2.820953e+01 2.103656e+01
      vertex   8.000000e-01 2.841257e+01 2.120996e+01
    endloop
  endfacet
  facet normal 0.000000e+00 -6.494467e-01 7.604071e-01
    outer loop
      vertex   8.000000e-01 2.841257e+01 2.120996e+01
      vertex   2.400000e+00 2.820953e+01 2.103656e+01
      vertex   2.400000e+00 2.841257e+01 2.120996e+01
    endloop
  endfacet
  facet normal 0.000000e+00 -6.883521e-01 7.253767e-01
    outer loop
      vertex   8.000000e-01 2.841257e+01 2.120996e+01
      vertex   2.400000e+00 2.841257e+01 2.120996e+01
      vertex   8.000000e-01 2.860625e+01 2.139376e+01
    endloop
  endfacet
  facet normal 0.000000e+00 -6.883521e-01 7.253767e-01
    outer loop
      vertex   8.000000e-01 2.860625e+01 2.139376e+01
      vertex   2.400000e+00 2.841257e+01 2.120996e+01
      vertex   2.400000e+00 2.860625e+01 2.139376e+01
    endloop
  endfacet
  facet normal 0.000000e+00 -7.253767e-01 6.883521e-01
    outer loop
      vertex   8.000000e-01 2.860625e+01 2.139376e+01
      vertex   2.400000e+00 2.860625e+01 2.139376e+01
      vertex   8.000000e-01 2.879004e+01 2.158744e+01
    endloop
  endfacet
  facet normal 0.000000e+00 -7.253767e-01 6.883521e-01
    outer loop
      vertex   8.000000e-01 2.879004e+01 2.158744e+01
      vertex   2.400000e+00 2.860625e+01 2.139376e+01
      vertex   2.400000e+00 2.879004e+01 2.158744e+01
    endloop
  endfacet
  facet normal 0.000000e+00 -7.604071e-01 6.494467e-01
    outer loop
      vertex   8.000000e-01 2.879004e+01 2.158744e+01
      vertex   2.400000e+00 2.879004e+01 2.158744e+01
      vertex   8.000000e-01 2.896344e+01 2.179047e+01
    endloop
  endfacet
  facet normal 0.000000e+00 -7.604071e-01 6.494467e-01
    outer loop
      vertex   8.000000e-01 2.896344e+01 2.179047e+01
      vertex   2.400000e+00 2.879004e+01 2.158744e+01
      vertex   2.400000e+00 2.896344e+01 2.179047e+01
    endloop
  endfacet
  facet normal 0.000000e+00 -7.933518e-01 6.087634e-01
    outer loop
      vertex   8.000000e-01 2.896344e+01 2.179047e+01
      vertex   2.400000e+00 2.896344e+01 2.179047e+01
      vertex   8.000000e-01 2.912599e+01 2.200229e+01
    endloop
  endfacet
  facet normal 0.000000e+00 -7.933518e-01 6.087634e-01
    outer loop
      vertex   8.000000e-01 2.912599e+01 2.200229e+01
      vertex   2.400000e+00 2.896344e+01 2.179047e+01
      vertex   2.400000e+00 2.912599e+01 2.200229e+01
    endloop
  endfacet
  facet normal 0.000000e+00 -8.241270e-01 5.664051e-01
    outer loop
      vertex   8.000000e-01 2.912599e+01 2.200229e+01
      vertex   2.400000e+00 2.912599e+01 2.200229e+01
      vertex   8.000000e-01 2.927722e+01 2.222234e+01
    endloop
  endfacet
  facet normal 0.000000e+00 -8.241270e-01 5.664051e-01
    outer loop
      vertex   8.000000e-01 2.927722e+01 2.222234e+01
      vertex   2.400000e+00 2.912599e+01 2.200229e+01
      vertex   2.400000e+00 2.927722e+01 2.222234e+01
    endloop
  endfacet
  facet normal 0.000000e+00 -8.526411e-01 5.224971e-01
    outer loop
      vertex   8.000000e-01 2.927722e+01 2.222234e+01
      vertex   2.400000e+00 2.927722e+01 2.222234e+01
      vertex   8.000000e-01 2.941673e+01 2.245000e+01
    endloop
  endfacet
  facet normal 0.000000e+00 -8.526411e-01 5.224971e-01
    outer loop
      vertex   8.000000e-01 2.941673e+01 2.245000e+01
      vertex   2.400000e+00 2.927722e+01 2.222234e+01
      vertex   2.400000e+00 2.941673e+01 2.245000e+01
    endloop
  endfacet
  facet normal 0.000000e+00 -8.788142e-01 4.771641e-01
    outer loop
      vertex   8.000000e-01 2.941673e+01 2.245000e+01
      vertex   2.400000e+00 2.941673e+01 2.245000e+01
      vertex   8.000000e-01 2.954413e+01 2.268465e+01
    endloop
  endfacet
  facet normal 0.000000e+00 -8.788142e-01 4.771641e-01
    outer loop
      vertex   8.000000e-01 2.954413e+01 2.268465e+01
      vertex   2.400000e+00 2.941673e+01 2.245000e+01
      vertex   2.400000e+00 2.954413e+01 2.268465e+01
    endloop
  endfacet
  facet normal 0.000000e+00 -9.025862e-01 4.305091e-01
    outer loop
      vertex   8.000000e-01 2.954413e+01 2.268465e+01
      vertex   2.400000e+00 2.954413e+01 2.268465e+01
      vertex   8.000000e-01 2.965908e+01 2.292564e+01
    endloop
  endfacet
  facet normal 0.000000e+00 -9.025862e-01 4.305091e-01
    outer loop
      vertex   8.000000e-01 2.965908e+01 2.292564e+01
      vertex   2.400000e+00 2.954413e+01 2.268465e+01
      vertex   2.400000e+00 2.965908e+01 2.292564e+01
    endloop
  endfacet
  facet normal 0.000000e+00 -9.238787e-01 3.826855e-01
    outer loop
      vertex   8.000000e-01 2.965908e+01 2.292564e+01
      vertex   2.400000e+00 2.965908e+01 2.292564e+01
      vertex   8.000000e-01 2.976126e+01 2.317232e+01
    endloop
  endfacet
  facet normal 0.000000e+00 -9.238787e-01 3.826855e-01
    outer loop
      vertex   8.000000e-01 2.976126e+01 2.317232e+01
      vertex   2.400000e+00 2.965908e+01 2.292564e+01
      vertex   2.400000e+00 2.976126e+01 2.317232e+01
    endloop
  endfacet
  facet normal 0.000000e+00 -9.426432e-01 3.338019e-01
    outer loop
      vertex   8.000000e-01 2.976126e+01 2.317232e+01
      vertex   2.400000e+00 2.976126e+01 2.317232e+01
      vertex   8.000000e-01 2.985039e+01 2.342401e+01
    endloop
  endfacet
  facet normal 0.000000e+00 -9.426432e-01 3.338019e-01
    outer loop
      vertex   8.000000e-01 2.985039e+01 2.342401e+01
      vertex   2.400000e+00 2.976126e+01 2.317232e+01
      vertex   2.400000e+00 2.985039e+01 2.342401e+01
    endloop
  endfacet
  facet normal 0.000000e+00 -9.588191e-01 2.840176e-01
    outer loop
      vertex   8.000000e-01 2.985039e+01 2.342401e+01
      vertex   2.400000e+00 2.985039e+01 2.342401e+01
      vertex   8.000000e-01 2.992622e+01 2.368002e+01
    endloop
  endfacet
  facet normal 0.000000e+00 -9.588191e-01 2.840176e-01
    outer loop
      vertex   8.000000e-01 2.992622e+01 2.368002e+01
      vertex   2.400000e+00 2.985039e+01 2.342401e+01
      vertex   2.400000e+00 2.992622e+01 2.368002e+01
    endloop
  endfacet
  facet normal 0.000000e+00 -9.723704e-01 2.334435e-01
    outer loop
      vertex   8.000000e-01 2.992622e+01 2.368002e+01
      vertex   2.400000e+00 2.992622e+01 2.368002e+01
      vertex   8.000000e-01 2.998855e+01 2.393965e+01
    endloop
  endfacet
  facet normal 0.000000e+00 -9.723704e-01 2.334435e-01
    outer loop
      vertex   8.000000e-01 2.998855e+01 2.393965e+01
      vertex   2.400000e+00 2.992622e+01 2.368002e+01
      vertex   2.400000e+00 2.998855e+01 2.393965e+01
    endloop
  endfacet
  facet normal 0.000000e+00 -9.832547e-01 1.822369e-01
    outer loop
      vertex   8.000000e-01 2.998855e+01 2.393965e+01
      vertex   2.400000e+00 2.998855e+01 2.393965e+01
      vertex   8.000000e-01 3.003721e+01 2.420219e+01
    endloop
  endfacet
  facet normal 0.000000e+00 -9.832547e-01 1.822369e-01
    outer loop
      vertex   8.000000e-01 3.003721e+01 2.420219e+01
      vertex   2.400000e+00 2.998855e+01 2.393965e+01
      vertex   2.400000e+00 3.003721e+01 2.420219e+01
    endloop
  endfacet
  facet normal 0.000000e+00 -9.914449e-01 1.305258e-01
    outer loop
      vertex   8.000000e-01 3.003721e+01 2.420219e+01
      vertex   2.400000e+00 3.003721e+01 2.420219e+01
      vertex   8.000000e-01 3.007206e+01 2.446691e+01
    endloop
  endfacet
  facet normal 0.000000e+00 -9.914449e-01 1.305258e-01
    outer loop
      vertex   8.000000e-01 3.007206e+01 2.446691e+01
      vertex   2.400000e+00 3.003721e+01 2.420219e+01
      vertex   2.400000e+00 3.007206e+01 2.446691e+01
    endloop
  endfacet
  facet normal 0.000000e+00 -9.969175e-01 7.845700e-02
    outer loop
      vertex   8.000000e-01 3.007206e+01 2.446691e+01
      vertex   2.400000e+00 3.007206e+01 2.446691e+01
      vertex   8.000000e-01 3.009301e+01 2.473309e+01
    endloop
  endfacet
  facet normal 0.000000e+00 -9.969175e-01 7.845700e-02
    outer loop
      vertex   8.000000e-01 3.009301e+01 2.473309e+01
      vertex   2.400000e+00 3.007206e+01 2.446691e+01
      vertex   2.400000e+00 3.009301e+01 2.473309e+01
    endloop
  endfacet
  facet normal 0.000000e+00 -9.996572e-01 2.618101e-02
    outer loop
      vertex   8.000000e-01 3.009301e+01 2.473309e+01
      vertex   2.400000e+00 3.009301e+01 2.473309e+01
      vertex   8.000000e-01 3.010000e+01 2.500000e+01
    endloop
  endfacet
  facet normal 0.000000e+00 -9.996572e-01 2.618101e-02
    outer loop
      vertex   8.000000e-01 3.010000e+01 2.500000e+01
      vertex   2.400000e+00 3.009301e+01 2.473309e+01
      vertex   2.400000e+00 3.010000e+01 2.500000e+01
    endloop
  endfacet
  facet normal 0.000000e+00 -9.996572e-01 -2.618101e-02
    outer loop
      vertex   8.000000e-01 3.010000e+01 2.500000e+01
      vertex   2.400000e+00 3.010000e+01 2.500000e+01
      vertex   8.000000e-01 3.009301e+01 2.526691e+01
    endloop
  endfacet
  facet normal 0.000000e+00 -9.996572e-01 -2.618101e-02
    outer loop
      vertex   8.000000e-01 3.009301e+01 2.526691e+01
      vertex   2.400000e+00 3.010000e+01 2.500000e+01
      vertex   2.400000e+00 3.009301e+01 2.526691e+01
    endloop
  endfacet
  facet normal 0.000000e+00 -9.969175e-01 -7.845700e-02
    outer loop
      vertex   8.000000e-01 3.009301e+01 2.526691e+01
      vertex   2.400000e+00 3.009301e+01 2.526691e+01
      vertex   8.000000e-01 3.007206e+01 2.553309e+01
    endloop
  endfacet
  facet normal 0.000000e+00 -9.969175e-01 -7.845700e-02
    outer loop
      vertex   8.000000e-01 3.007206e+01 2.553309e+01
      vertex   2.400000e+00 3.009301e+01 2.526691e+01
      vertex   2.400000e+00 3.007206e+01 2.553309e+01
    endloop
  endfacet
  facet normal 0.000000e+00 -9.914449e-01 -1.305258e-01
    outer loop
      vertex   8.000000e-01 3.007206e+01 2.553309e+01
      vertex   2.400000e+00 3.007206e+01 2.553309e+01
      vertex   8.000000e-01 3.003721e+01 2.579782e+01
    endloop
  endfacet
  facet normal 0.000000e+00 -9.914449e-01 -1.305258e-01
    outer loop
      vertex   8.000000e-01 3.003721e+01 2.579782e+01
      vertex   2.400000e+00 3.007206e+01 2.553309e+01
      vertex   2.400000e+00 3.003721e+01 2.579782e+01
    endloop
  endfacet
  facet normal 0.000000e+00 -9.832547e-01 -1.822369e-01
    outer loop
      vertex   8.000000e-01 3.003721e+01 2.579782e+01
      vertex   2.400000e+00 3.003721e+01 2.579782e+01
      vertex   8.000000e-01 2.998855e+01 2.606035e+01
    endloop
  endfacet
  facet normal 0.000000e+00 -9.832547e-01 -1.822369e-01
    outer loop
      vertex   8.000000e-01 2.998855e+01 2.606035e+01
      vertex   2.400000e+00 3.003721e+01 2.579782e+01
      vertex   2.400000e+00 2.998855e+01 2.606035e+01
    endloop
  endfacet
  facet normal 0.000000e+00 -9.723704e-01 -2.334435e-01
    outer loop
      vertex   8.000000e-01 2.998855e+01 2.606035e+01
      vertex   2.400000e+00 2.998855e+01 2.606035e+01
      vertex   8.000000e-01 2.992622e+01 2.631998e+01
    endloop
  endfacet
  facet normal 0.000000e+00 -9.723704e-01 -2.334435e-01
    outer loop
      vertex   8.000000e-01 2.992622e+01 2.631998e+01
      vertex   2.400000e+00 2.998855e+01 2.606035e+01
      vertex   2.400000e+00 2.992622e+01 2.631998e+01
    endloop
  endfacet
  facet normal 0.000000e+00 -9.588191e-01 -2.840176e-01
    outer loop
      vertex   8.000000e-01 2.992622e+01 2.631998e+01
      vertex   2.400000e+00 2.992622e+01 2.631998e+01
      vertex   8.000000e-01 2.985039e+01 2.657599e+01
    endloop
  endfacet
  facet normal 0.000000e+00 -9.588191e-01 -2.840176e-01
    outer loop
      vertex   8.000000e-01 2.985039e+01 2.657599e+01
      vertex   2.400000e+00 2.992622e+01 2.631998e+01
      vertex   2.400000e+00 2.985039e+01 2.657599e+01
    endloop
  endfacet
  facet normal 0.000000e+00 -9.426432e-01 -3.338019e-01
    outer loop
      vertex   8.000000e-01 2.985039e+01 2.657599e+01
      vertex   2.400000e+00 2.985039e+01 2.657599e+01
      vertex   8.000000e-01 2.976126e+01 2.682768e+01
    endloop
  endfacet
  facet normal 0.000000e+00 -9.426432e-01 -3.338019e-01
    outer loop
      vertex   8.000000e-01 2.976126e+01 2.682768e+01
      vertex   2.400000e+00 2.985039e+01 2.657599e+01
      vertex   2.400000e+00 2.976126e+01 2.682768e+01
    endloop
  endfacet
  facet normal 0.000000e+00 -9.238787e-01 -3.826855e-01
    outer loop
      vertex   8.000000e-01 2.976126e+01 2.682768e+01
      vertex   2.400000e+00 2.976126e+01 2.682768e+01
      vertex   8.000000e-01 2.965908e+01 2.707436e+01
    endloop
  endfacet
  facet normal 0.000000e+00 -9.238787e-01 -3.826855e-01
    outer loop
      vertex   8.000000e-01 2.965908e+01 2.707436e+01
      vertex   2.400000e+00 2.976126e+01 2.682768e+01
      vertex   2.400000e+00 2.965908e+01 2.707436e+01
    endloop
  endfacet
  facet normal 0.000000e+00 -9.025862e-01 -4.305091e-01
    outer loop
      vertex   8.000000e-01 2.965908e+01 2.707436e+01
      vertex   2.400000e+00 2.965908e+01 2.707436e+01
      vertex   8.000000e-01 2.954413e+01 2.731535e+01
    endloop
  endfacet
  facet normal 0.000000e+00 -9.025862e-01 -4.305091e-01
    outer loop
      vertex   8.000000e-01 2.954413e+01 2.731535e+01
      vertex   2.400000e+00 2.965908e+01 2.707436e+01
      vertex   2.400000e+00 2.954413e+01 2.731535e+01
    endloop
  endfacet
  facet normal 0.000000e+00 -8.788142e-01 -4.771641e-01
    outer loop
      vertex   8.000000e-01 2.954413e+01 2.731535e+01
      vertex   2.400000e+00 2.954413e+01 2.731535e+01
      vertex   8.000000e-01 2.941673e+01 2.755000e+01
    endloop
  endfacet
  facet normal 0.000000e+00 -8.788142e-01 -4.771641e-01
    outer loop
      vertex   8.000000e-01 2.941673e+01 2.755000e+01
      vertex   2.400000e+00 2.954413e+01 2.731535e+01
      vertex   2.400000e+00 2.941673e+01 2.755000e+01
    endloop
  endfacet
  facet normal 0.000000e+00 -8.526411e-01 -5.224971e-01
    outer loop
      vertex   8.000000e-01 2.941673e+01 2.755000e+01
      vertex   2.400000e+00 2.941673e+01 2.755000e+01
      vertex   8.000000e-01 2.927722e+01 2.777766e+01
    endloop
  endfacet
  facet normal 0.000000e+00 -8.526411e-01 -5.224971e-01
    outer loop
      vertex   8.000000e-01 2.927722e+01 2.777766e+01
      vertex   2.400000e+00 2.941673e+01 2.755000e+01
      vertex   2.400000e+00 2.927722e+01 2.777766e+01
    endloop
  endfacet
  facet normal 0.000000e+00 -8.241270e-01 -5.664051e-01
    outer loop
      vertex   8.000000e-01 2.927722e+01 2.777766e+01
      vertex   2.400000e+00 2.927722e+01 2.777766e+01
      vertex   8.000000e-01 2.912599e+01 2.799771e+01
    endloop
  endfacet
  facet normal 0.000000e+00 -8.241270e-01 -5.664051e-01
    outer loop
      vertex   8.000000e-01 2.912599e+01 2.799771e+01
      vertex   2.400000e+00 2.927722e+01 2.777766e+01
      vertex   2.400000e+00 2.912599e+01 2.799771e+01
    endloop
  endfacet
  facet normal 0.000000e+00 -7.933518e-01 -6.087634e-01
    outer loop
      vertex   8.000000e-01 2.912599e+01 2.799771e+01
      vertex   2.400000e+00 2.912599e+01 2.799771e+01
      vertex   8.000000e-01 2.896344e+01 2.820953e+01
    endloop
  endfacet
  facet normal 0.000000e+00 -7.933518e-01 -6.087634e-01
    outer loop
      vertex   8.000000e-01 2.896344e+01 2.820953e+01
      vertex   2.400000e+00 2.912599e+01 2.799771e+01
      vertex   2.400000e+00 2.896344e+01 2.820953e+01
    endloop
  endfacet
  facet normal 0.000000e+00 -7.604071e-01 -6.494467e-01
    outer loop
      vertex   8.000000e-01 2.896344e+01 2.820953e+01
      vertex   2.400000e+00 2.896344e+01 2.820953e+01
      vertex   8.000000e-01 2.879004e+01 2.841257e+01
    endloop
  endfacet
  facet normal 0.000000e+00 -7.604071e-01 -6.494467e-01
    outer loop
      vertex   8.000000e-01 2.879004e+01 2.841257e+01
      vertex   2.400000e+00 2.896344e+01 2.820953e+01
      vertex   2.400000e+00 2.879004e+01 2.841257e+01
    endloop
  endfacet
  facet normal 0.000000e+00 -7.253767e-01 -6.883521e-01
    outer loop
      vertex   8.000000e-01 2.879004e+01 2.841257e+01
      vertex   2.400000e+00 2.879004e+01 2.841257e+01
      vertex   8.000000e-01 2.860625e+01 2.860625e+01
    endloop
  endfacet
  facet normal 0.000000e+00 -7.253767e-01 -6.883521e-01
    outer loop
      vertex   8.000000e-01 2.860625e+01 2.860625e+01
      vertex   2.400000e+00 2.879004e+01 2.841257e+01
      vertex   2.400000e+00 2.860625e+01 2.860625e+01
    endloop
  endfacet
  facet normal 1.000000e+00 0.000000e+00 0.000000e+00
    outer loop
      vertex   8.000000e-01 2.691249e+01 3.030000e+01
      vertex   8.000000e-01 2.308751e+01 3.030000e+01
      vertex   8.000000e-01 2.860625e+01 2.860625e+01
    endloop
  endfacet
  facet normal 1.000000e+00 0.000000e+00 0.000000e+00
    outer loop
      vertex   8.000000e-01 2.860625e+01 2.860625e+01
      vertex   8.000000e-01 2.308751e+01 3.030000e+01
      vertex   8.000000e-01 2.139376e+01 2.860625e+01
    endloop
  endfacet
  facet normal 1.000000e+00 0.000000e+00 0.000000e+00
    outer loop
      vertex   8.000000e-01 2.860625e+01 2.860625e+01
      vertex   8.000000e-01 2.139376e+01 2.860625e+01
      vertex   8.000000e-01 2.879004e+01 2.841257e+01
    endloop
  endfacet
  facet normal 1.000000e+00 0.000000e+00 0.000000e+00
    outer loop
      vertex   8.000000e-01 2.879004e+01 2.841257e+01
      vertex   8.000000e-01 2.139376e+01 2.860625e+01
      vertex   8.000000e-01 2.896344e+01 2.820953e+01
    endloop
  endfacet
  facet normal 1.000000e+00 0.000000e+00 0.000000e+00
    outer loop
      vertex   8.000000e-01 2.896344e+01 2.820953e+01
      vertex   8.000000e-01 2.139376e+01 2.860625e+01
      vertex   8.000000e-01 2.912599e+01 2.799771e+01
    endloop
  endfacet
  facet normal 1.000000e+00 0.000000e+00 0.000000e+00
    outer loop
      vertex   8.000000e-01 2.912599e+01 2.799771e+01
      vertex   8.000000e-01 2.139376e+01 2.860625e+01
      vertex   8.000000e-01 2.927722e+01 2.777766e+01
    endloop
  endfacet
  facet normal 1.000000e+00 0.000000e+00 0.000000e+00
    outer loop
      vertex   8.000000e-01 2.927722e+01 2.777766e+01
      vertex   8.000000e-01 2.139376e+01 2.860625e+01
      vertex   8.000000e-01 2.941673e+01 2.755000e+01
    endloop
  endfacet
  facet normal 1.000000e+00 0.000000e+00 0.000000e+00
    outer loop
      vertex   8.000000e-01 2.941673e+01 2.755000e+01
      vertex   8.000000e-01 2.139376e+01 2.860625e+01
      vertex   8.000000e-01 2.954413e+01 2.731535e+01
    endloop
  endfacet
  facet normal 1.000000e+00 0.000000e+00 0.000000e+00
    outer loop
      vertex   8.000000e-01 2.954413e+01 2.731535e+01
      vertex   8.000000e-01 2.139376e+01 2.860625e+01
      vertex   8.000000e-01 2.965908e+01 2.707436e+01
    endloop
  endfacet
  facet normal 1.000000e+00 0.000000e+00 0.000000e+00
    outer loop
      vertex   8.000000e-01 2.965908e+01 2.707436e+01
      vertex   8.000000e-01 2.139376e+01 2.860625e+01
      vertex   8.000000e-01 2.976126e+01 2.682768e+01
    endloop
  endfacet
  facet normal 1.000000e+00 0.000000e+00 0.000000e+00
    outer loop
      vertex   8.000000e-01 2.976126e+01 2.682768e+01
      vertex   8.000000e-01 2.139376e+01 2.860625e+01
      vertex   8.000000e-01 2.985039e+01 2.657599e+01
    endloop
  endfacet
  facet normal 1.000000e+00 0.000000e+00 0.000000e+00
    outer loop
      vertex   8.000000e-01 2.985039e+01 2.657599e+01
      vertex   8.000000e-01 2.139376e+01 2.860625e+01
      vertex   8.000000e-01 2.992622e+01 2.631998e+01
    endloop
  endfacet
  facet normal 1.000000e+00 0.000000e+00 0.000000e+00
    outer loop
      vertex   8.000000e-01 2.992622e+01 2.631998e+01
      vertex   8.000000e-01 2.139376e+01 2.860625e+01
      vertex   8.000000e-01 2.998855e+01 2.606035e+01
    endloop
  endfacet
  facet normal 1.000000e+00 0.000000e+00 0.000000e+00
    outer loop
      vertex   8.000000e-01 2.998855e+01 2.606035e+01
      vertex   8.000000e-01 2.139376e+01 2.860625e+01
      vertex   8.000000e-01 3.003721e+01 2.579782e+01
    endloop
  endfacet
  facet normal 1.000000e+00 0.000000e+00 0.000000e+00
    outer loop
      vertex   8.000000e-01 3.003721e+01 2.579782e+01
      vertex   8.000000e-01 2.139376e+01 2.860625e+01
      vertex   8.000000e-01 3.007206e+01 2.553309e+01
    endloop
  endfacet
  facet normal 1.000000e+00 0.000000e+00 0.000000e+00
    outer loop
      vertex   8.000000e-01 3.007206e+01 2.553309e+01
      vertex   8.000000e-01 2.139376e+01 2.860625e+01
      vertex   8.000000e-01 3.009301e+01 2.526691e+01
    endloop
  endfacet
  facet normal 1.000000e+00 0.000000e+00 0.000000e+00
    outer loop
      vertex   8.000000e-01 3.009301e+01 2.526691e+01
      vertex   8.000000e-01 2.139376e+01 2.860625e+01
      vertex   8.000000e-01 3.010000e+01 2.500000e+01
    endloop
  endfacet
  facet normal 1.000000e+00 0.000000e+00 0.000000e+00
    outer loop
      vertex   8.000000e-01 3.010000e+01 2.500000e+01
      vertex   8.000000e-01 2.139376e+01 2.860625e+01
      vertex   8.000000e-01 3.009301e+01 2.473309e+01
    endloop
  endfacet
  facet normal 1.000000e+00 0.000000e+00 0.000000e+00
    outer loop
      vertex   8.000000e-01 3.009301e+01 2.473309e+01
      vertex   8.000000e-01 2.139376e+01 2.860625e+01
      vertex   8.000000e-01 3.007206e+01 2.446691e+01
    endloop
  endfacet
  facet normal 1.000000e+00 0.000000e+00 0.000000e+00
    outer loop
      vertex   8.000000e-01 3.007206e+01 2.446691e+01
      vertex   8.000000e-01 2.139376e+01 2.860625e+01
      vertex   8.000000e-01 3.003721e+01 2.420219e+01
    endloop
  endfacet
  facet normal 1.000000e+00 0.000000e+00 0.000000e+00
    outer loop
      vertex   8.000000e-01 3.003721e+01 2.420219e+01
      vertex   8.000000e-01 2.139376e+01 2.860625e+01
      vertex   8.000000e-01 2.998855e+01 2.393965e+01
    endloop
  endfacet
  facet normal 1.000000e+00 0.000000e+00 0.000000e+00
    outer loop
      vertex   8.000000e-01 2.998855e+01 2.393965e+01
      vertex   8.000000e-01 2.139376e+01 2.860625e+01
      vertex   8.000000e-01 2.992622e+01 2.368002e+01
    endloop
  endfacet
  facet normal 1.000000e+00 0.000000e+00 0.000000e+00
    outer loop
      vertex   8.000000e-01 2.992622e+01 2.368002e+01
      vertex   8.000000e-01 2.139376e+01 2.860625e+01
      vertex   8.000000e-01 2.985039e+01 2.342401e+01
    endloop
  endfacet
  facet normal 1.000000e+00 0.000000e+00 0.000000e+00
    outer loop
      vertex   8.000000e-01 2.985039e+01 2.342401e+01
      vertex   8.000000e-01 2.139376e+01 2.860625e+01
      vertex   8.000000e-01 2.976126e+01 2.317232e+01
    endloop
  endfacet
  facet normal 1.000000e+00 0.000000e+00 0.000000e+00
    outer loop
      vertex   8.000000e-01 2.976126e+01 2.317232e+01
      vertex   8.000000e-01 2.139376e+01 2.860625e+01
      vertex   8.000000e-01 2.965908e+01 2.292564e+01
    endloop
  endfacet
  facet normal 1.000000e+00 0.000000e+00 0.000000e+00
    outer loop
      vertex   8.000000e-01 2.965908e+01 2.292564e+01
      vertex   8.000000e-01 2.139376e+01 2.860625e+01
      vertex   8.000000e-01 2.954413e+01 2.268465e+01
    endloop
  endfacet
  facet normal 1.000000e+00 0.000000e+00 0.000000e+00
    outer loop
      vertex   8.000000e-01 2.954413e+01 2.268465e+01
      vertex   8.000000e-01 2.139376e+01 2.860625e+01
      vertex   8.000000e-01 2.941673e+01 2.245000e+01
    endloop
  endfacet
  facet normal 1.000000e+00 0.000000e+00 0.000000e+00
    outer loop
      vertex   8.000000e-01 2.941673e+01 2.245000e+01
      vertex   8.000000e-01 2.139376e+01 2.860625e+01
      vertex   8.000000e-01 2.927722e+01 2.222234e+01
    endloop
  endfacet
  facet normal 1.000000e+00 0.000000e+00 0.000000e+00
    outer loop
      vertex   8.000000e-01 2.927722e+01 2.222234e+01
      vertex   8.000000e-01 2.139376e+01 2.860625e+01
      vertex   8.000000e-01 2.120996e+01 2.841257e+01
    endloop
  endfacet
  facet normal 1.000000e+00 0.000000e+00 0.000000e+00
    outer loop
      vertex   8.000000e-01 2.927722e+01 2.222234e+01
      vertex   8.000000e-01 2.120996e+01 2.841257e+01
      vertex   8.000000e-01 2.103656e+01 2.820953e+01
    endloop
  endfacet
  facet normal 1.000000e+00 0.000000e+00 0.000000e+00
    outer loop
      vertex   8.000000e-01 2.103656e+01 2.820953e+01
      vertex   8.000000e-01 2.087401e+01 2.799771e+01
      vertex   8.000000e-01 2.927722e+01 2.222234e+01
    endloop
  endfacet
  facet normal 1.000000e+00 0.000000e+00 0.000000e+00
    outer loop
      vertex   8.000000e-01 2.927722e+01 2.222234e+01
      vertex   8.000000e-01 2.087401e+01 2.799771e+01
      vertex   8.000000e-01 2.072278e+01 2.777766e+01
    endloop
  endfacet
  facet normal 1.000000e+00 0.000000e+00 0.000000e+00
    outer loop
      vertex   8.000000e-01 2.927722e+01 2.222234e+01
      vertex   8.000000e-01 2.072278e+01 2.777766e+01
      vertex   8.000000e-01 2.058327e+01 2.755000e+01
    endloop
  endfacet
  facet normal 1.000000e+00 0.000000e+00 0.000000e+00
    outer loop
      vertex   8.000000e-01 2.058327e+01 2.755000e+01
      vertex   8.000000e-01 2.045587e+01 2.731535e+01
      vertex   8.000000e-01 2.927722e+01 2.222234e+01
    endloop
  endfacet
  facet normal 1.000000e+00 0.000000e+00 0.000000e+00
    outer loop
      vertex   8.000000e-01 2.927722e+01 2.222234e+01
      vertex   8.000000e-01 2.045587e+01 2.731535e+01
      vertex   8.000000e-01 2.034092e+01 2.707436e+01
    endloop
  endfacet
  facet normal 1.000000e+00 0.000000e+00 0.000000e+00
    outer loop
      vertex   8.000000e-01 2.927722e+01 2.222234e+01
      vertex   8.000000e-01 2.034092e+01 2.707436e+01
      vertex   8.000000e-01 2.023874e+01 2.682768e+01
    endloop
  endfacet
  facet normal 1.000000e+00 0.000000e+00 0.000000e+00
    outer loop
      vertex   8.000000e-01 2.023874e+01 2.682768e+01
      vertex   8.000000e-01 2.014961e+01 2.657599e+01
      vertex   8.000000e-01 2.927722e+01 2.222234e+01
    endloop
  endfacet
  facet normal 1.000000e+00 0.000000e+00 0.000000e+00
    outer loop
      vertex   8.000000e-01 2.927722e+01 2.222234e+01
      vertex   8.000000e-01 2.014961e+01 2.657599e+01
      vertex   8.000000e-01 2.007378e+01 2.631998e+01
    endloop
  endfacet
  facet normal 1.000000e+00 0.000000e+00 0.000000e+00
    outer loop
      vertex   8.000000e-01 2.927722e+01 2.222234e+01
      vertex   8.000000e-01 2.007378e+01 2.631998e+01
      vertex   8.000000e-01 2.001145e+01 2.606035e+01
    endloop
  endfacet
  facet normal 1.000000e+00 0.000000e+00 0.000000e+00
    outer loop
      vertex   8.000000e-01 2.001145e+01 2.606035e+01
      vertex   8.000000e-01 1.996279e+01 2.579782e+01
      vertex   8.000000e-01 2.927722e+01 2.222234e+01
    endloop
  endfacet
  facet normal 1.000000e+00 0.000000e+00 0.000000e+00
    outer loop
      vertex   8.000000e-01 2.927722e+01 2.222234e+01
      vertex   8.000000e-01 1.996279e+01 2.579782e+01
      vertex   8.000000e-01 1.992794e+01 2.553309e+01
    endloop
  endfacet
  facet normal 1.000000e+00 0.000000e+00 0.000000e+00
    outer loop
      vertex   8.000000e-01 2.927722e+01 2.222234e+01
      vertex   8.000000e-01 1.992794e+01 2.553309e+01
      vertex   8.000000e-01 1.990699e+01 2.526691e+01
    endloop
  endfacet
  facet normal 1.000000e+00 0.000000e+00 0.000000e+00
    outer loop
      vertex   8.000000e-01 1.990699e+01 2.526691e+01
      vertex   8.000000e-01 1.990000e+01 2.500000e+01
      vertex   8.000000e-01 2.927722e+01 2.222234e+01
    endloop
  endfacet
  facet normal 1.000000e+00 0.000000e+00 0.000000e+00
    outer loop
      vertex   8.000000e-01 2.927722e+01 2.222234e+01
      vertex   8.000000e-01 1.990000e+01 2.500000e+01
      vertex   8.000000e-01 1.990699e+01 2.473309e+01
    endloop
  endfacet
  facet normal 1.000000e+00 0.000000e+00 0.000000e+00
    outer loop
      vertex   8.000000e-01 2.927722e+01 2.222234e+01
      vertex   8.000000e-01 1.990699e+01 2.473309e+01
      vertex   8.000000e-01 1.992794e+01 2.446691e+01
    endloop
  endfacet
  facet normal 1.000000e+00 0.000000e+00 0.000000e+00
    outer loop
      vertex   8.000000e-01 1.992794e+01 2.446691e+01
      vertex   8.000000e-01 1.996279e+01 2.420219e+01
      vertex   8.000000e-01 2.927722e+01 2.222234e+01
    endloop
  endfacet
  facet normal 1.000000e+00 0.000000e+00 0.000000e+00
    outer loop
      vertex   8.000000e-01 2.927722e+01 2.222234e+01
      vertex   8.000000e-01 1.996279e+01 2.420219e+01
      vertex   8.000000e-01 2.001145e+01 2.393965e+01
    endloop
  endfacet
  facet normal 1.000000e+00 0.000000e+00 0.000000e+00
    outer loop
      vertex   8.000000e-01 2.927722e+01 2.222234e+01
      vertex   8.000000e-01 2.001145e+01 2.393965e+01
      vertex   8.000000e-01 2.007378e+01 2.368002e+01
    endloop
  endfacet
  facet normal 1.000000e+00 0.000000e+00 0.000000e+00
    outer loop
      vertex   8.000000e-01 2.927722e+01 2.222234e+01
      vertex   8.000000e-01 2.007378e+01 2.368002e+01
      vertex   8.000000e-01 2.912599e+01 2.200229e+01
    endloop
  endfacet
  facet normal 1.000000e+00 0.000000e+00 0.000000e+00
    outer loop
      vertex   8.000000e-01 2.912599e+01 2.200229e+01
      vertex   8.000000e-01 2.007378e+01 2.368002e+01
      vertex   8.000000e-01 2.014961e+01 2.342401e+01
    endloop
  endfacet
  facet normal 1.000000e+00 0.000000e+00 0.000000e+00
    outer loop
      vertex   8.000000e-01 2.912599e+01 2.200229e+01
      vertex   8.000000e-01 2.014961e+01 2.342401e+01
      vertex   8.000000e-01 2.023874e+01 2.317232e+01
    endloop
  endfacet
  facet normal 1.000000e+00 0.000000e+00 0.000000e+00
    outer loop
      vertex   8.000000e-01 2.023874e+01 2.317232e+01
      vertex   8.000000e-01 2.034092e+01 2.292564e+01
      vertex   8.000000e-01 2.912599e+01 2.200229e+01
    endloop
  endfacet
  facet normal 1.000000e+00 0.000000e+00 0.000000e+00
    outer loop
      vertex   8.000000e-01 2.912599e+01 2.200229e+01
      vertex   8.000000e-01 2.034092e+01 2.292564e+01
      vertex   8.000000e-01 2.045587e+01 2.268465e+01
    endloop
  endfacet
  facet normal 1.000000e+00 0.000000e+00 0.000000e+00
    outer loop
      vertex   8.000000e-01 2.912599e+01 2.200229e+01
      vertex   8.000000e-01 2.045587e+01 2.268465e+01
      vertex   8.000000e-01 2.058327e+01 2.245000e+01
    endloop
  endfacet
  facet normal 1.000000e+00 0.000000e+00 0.000000e+00
    outer loop
      vertex   8.000000e-01 2.058327e+01 2.245000e+01
      vertex   8.000000e-01 2.072278e+01 2.222234e+01
      vertex   8.000000e-01 2.912599e+01 2.200229e+01
    endloop
  endfacet
  facet normal 1.000000e+00 0.000000e+00 0.000000e+00
    outer loop
      vertex   8.000000e-01 2.912599e+01 2.200229e+01
      vertex   8.000000e-01 2.072278e+01 2.222234e+01
      vertex   8.000000e-01 2.087401e+01 2.200229e+01
    endloop
  endfacet
  facet normal 1.000000e+00 0.000000e+00 0.000000e+00
    outer loop
      vertex   8.000000e-01 2.912599e+01 2.200229e+01
      vertex   8.000000e-01 2.087401e+01 2.200229e+01
      vertex   8.000000e-01 2.896344e+01 2.179047e+01
    endloop
  endfacet
  facet normal 1.000000e+00 0.000000e+00 0.000000e+00
    outer loop
      vertex   8.000000e-01 2.896344e+01 2.179047e+01
      vertex   8.000000e-01 2.087401e+01 2.200229e+01
      vertex   8.000000e-01 2.103656e+01 2.179047e+01
    endloop
  endfacet
  facet normal 1.000000e+00 0.000000e+00 0.000000e+00
    outer loop
      vertex   8.000000e-01 2.896344e+01 2.179047e+01
      vertex   8.000000e-01 2.103656e+01 2.179047e+01
      vertex   8.000000e-01 2.879004e+01 2.158744e+01
    endloop
  endfacet
  facet normal 1.000000e+00 0.000000e+00 0.000000e+00
    outer loop
      vertex   8.000000e-01 2.879004e+01 2.158744e+01
      vertex   8.000000e-01 2.103656e+01 2.179047e+01
      vertex   8.000000e-01 2.120996e+01 2.158744e+01
    endloop
  endfacet
  facet normal 1.000000e+00 0.000000e+00 0.000000e+00
    outer loop
      vertex   8.000000e-01 2.879004e+01 2.158744e+01
      vertex   8.000000e-01 2.120996e+01 2.158744e+01
      vertex   8.000000e-01 2.860625e+01 2.139376e+01
    endloop
  endfacet
  facet normal 1.000000e+00 0.000000e+00 0.000000e+00
    outer loop
      vertex   8.000000e-01 2.860625e+01 2.139376e+01
      vertex   8.000000e-01 2.120996e+01 2.158744e+01
      vertex   8.000000e-01 2.139376e+01 2.139376e+01
    endloop
  endfacet
  facet normal 1.000000e+00 0.000000e+00 0.000000e+00
    outer loop
      vertex   8.000000e-01 2.860625e+01 2.139376e+01
      vertex   8.000000e-01 2.139376e+01 2.139376e+01
      vertex   8.000000e-01 2.841257e+01 2.120996e+01
    endloop
  endfacet
  facet normal 1.000000e+00 0.000000e+00 0.000000e+00
    outer loop
      vertex   8.000000e-01 2.841257e+01 2.120996e+01
      vertex   8.000000e-01 2.139376e+01 2.139376e+01
      vertex   8.000000e-01 2.158744e+01 2.120996e+01
    endloop
  endfacet
  facet normal 1.000000e+00 0.000000e+00 0.000000e+00
    outer loop
      vertex   8.000000e-01 2.841257e+01 2.120996e+01
      vertex   8.000000e-01 2.158744e+01 2.120996e+01
      vertex   8.000000e-01 2.820953e+01 2.103656e+01
    endloop
  endfacet
  facet normal 1.000000e+00 0.000000e+00 0.000000e+00
    outer loop
      vertex   8.000000e-01 2.820953e+01 2.103656e+01
      vertex   8.000000e-01 2.158744e+01 2.120996e+01
      vertex   8.000000e-01 2.179047e+01 2.103656e+01
    endloop
  endfacet
  facet normal 1.000000e+00 0.000000e+00 0.000000e+00
    outer loop
      vertex   8.000000e-01 2.820953e+01 2.103656e+01
      vertex   8.000000e-01 2.179047e+01 2.103656e+01
      vertex   8.000000e-01 2.799771e+01 2.087401e+01
    endloop
  endfacet
  facet normal 1.000000e+00 0.000000e+00 0.000000e+00
    outer loop
      vertex   8.000000e-01 2.799771e+01 2.087401e+01
      vertex   8.000000e-01 2.179047e+01 2.103656e+01
      vertex   8.000000e-01 2.200229e+01 2.087401e+01
    endloop
  endfacet
  facet normal 1.000000e+00 0.000000e+00 0.000000e+00
    outer loop
      vertex   8.000000e-01 2.799771e+01 2.087401e+01
      vertex   8.000000e-01 2.200229e+01 2.087401e+01
      vertex   8.000000e-01 2.777766e+01 2.072278e+01
    endloop
  endfacet
  facet normal 1.000000e+00 0.000000e+00 0.000000e+00
    outer loop
      vertex   8.000000e-01 2.777766e+01 2.072278e+01
      vertex   8.000000e-01 2.200229e+01 2.087401e+01
      vertex   8.000000e-01 2.222234e+01 2.072278e+01
    endloop
  endfacet
  facet normal 1.000000e+00 0.000000e+00 0.000000e+00
    outer loop
      vertex   8.000000e-01 2.777766e+01 2.072278e+01
      vertex   8.000000e-01 2.222234e+01 2.072278e+01
      vertex   8.000000e-01 2.755000e+01 2.058327e+01
    endloop
  endfacet
  facet normal 1.000000e+00 0.000000e+00 0.000000e+00
    outer loop
      vertex   8.000000e-01 2.755000e+01 2.058327e+01
      vertex   8.000000e-01 2.222234e+01 2.072278e+01
      vertex   8.000000e-01 2.245000e+01 2.058327e+01
    endloop
  endfacet
  facet normal 1.000000e+00 0.000000e+00 0.000000e+00
    outer loop
      vertex   8.000000e-01 2.755000e+01 2.058327e+01
      vertex   8.000000e-01 2.245000e+01 2.058327e+01
      vertex   8.000000e-01 2.731535e+01 2.045587e+01
    endloop
  endfacet
  facet normal 1.000000e+00 0.000000e+00 0.000000e+00
    outer loop
      vertex   8.000000e-01 2.731535e+01 2.045587e+01
      vertex   8.000000e-01 2.245000e+01 2.058327e+01
      vertex   8.000000e-01 2.268465e+01 2.045587e+01
    endloop
  endfacet
  facet normal 1.000000e+00 0.000000e+00 0.000000e+00
    outer loop
      vertex   8.000000e-01 2.731535e+01 2.045587e+01
      vertex   8.000000e-01 2.268465e+01 2.045587e+01
      vertex   8.000000e-01 2.707436e+01 2.034092e+01
    endloop
  endfacet
  facet normal 1.000000e+00 0.000000e+00 0.000000e+00
    outer loop
      vertex   8.000000e-01 2.707436e+01 2.034092e+01
      vertex   8.000000e-01 2.268465e+01 2.045587e+01
      vertex   8.000000e-01 2.292564e+01 2.034092e+01
    endloop
  endfacet
  facet normal 1.000000e+00 0.000000e+00 0.000000e+00
    outer loop
      vertex   8.000000e-01 2.707436e+01 2.034092e+01
      vertex   8.000000e-01 2.292564e+01 2.034092e+01
      vertex   8.000000e-01 2.682768e+01 2.023874e+01
    endloop
  endfacet
  facet normal 1.000000e+00 0.000000e+00 0.000000e+00
    outer loop
      vertex   8.000000e-01 2.682768e+01 2.023874e+01
      vertex   8.000000e-01 2.292564e+01 2.034092e+01
      vertex   8.000000e-01 2.317232e+01 2.023874e+01
    endloop
  endfacet
  facet normal 1.000000e+00 0.000000e+00 0.000000e+00
    outer loop
      vertex   8.000000e-01 2.682768e+01 2.023874e+01
      vertex   8.000000e-01 2.317232e+01 2.023874e+01
      vertex   8.000000e-01 2.657599e+01 2.014961e+01
    endloop
  endfacet
  facet normal 1.000000e+00 0.000000e+00 0.000000e+00
    outer loop
      vertex   8.000000e-01 2.657599e+01 2.014961e+01
      vertex   8.000000e-01 2.317232e+01 2.023874e+01
      vertex   8.000000e-01 2.342401e+01 2.014961e+01
    endloop
  endfacet
  facet normal 1.000000e+00 0.000000e+00 0.000000e+00
    outer loop
      vertex   8.000000e-01 2.657599e+01 2.014961e+01
      vertex   8.000000e-01 2.342401e+01 2.014961e+01
      vertex   8.000000e-01 2.631998e+01 2.007378e+01
    endloop
  endfacet
  facet normal 1.000000e+00 0.000000e+00 0.000000e+00
    outer loop
      vertex   8.000000e-01 2.631998e+01 2.007378e+01
      vertex   8.000000e-01 2.342401e+01 2.014961e+01
      vertex   8.000000e-01 2.368002e+01 2.007378e+01
    endloop
  endfacet
  facet normal 1.000000e+00 0.000000e+00 0.000000e+00
    outer loop
      vertex   8.000000e-01 2.631998e+01 2.007378e+01
      vertex   8.000000e-01 2.368002e+01 2.007378e+01
      vertex   8.000000e-01 2.606035e+01 2.001145e+01
    endloop
  endfacet
  facet normal 1.000000e+00 0.000000e+00 0.000000e+00
    outer loop
      vertex   8.000000e-01 2.606035e+01 2.001145e+01
      vertex   8.000000e-01 2.368002e+01 2.007378e+01
      vertex   8.000000e-01 2.393965e+01 2.001145e+01
    endloop
  endfacet
  facet normal 1.000000e+00 0.000000e+00 0.000000e+00
    outer loop
      vertex   8.000000e-01 2.606035e+01 2.001145e+01
      vertex   8.000000e-01 2.393965e+01 2.001145e+01
      vertex   8.000000e-01 2.579782e+01 1.996279e+01
    endloop
  endfacet
  facet normal 1.000000e+00 0.000000e+00 0.000000e+00
    outer loop
      vertex   8.000000e-01 2.579782e+01 1.996279e+01
      vertex   8.000000e-01 2.393965e+01 2.001145e+01
      vertex   8.000000e-01 2.420219e+01 1.996279e+01
    endloop
  endfacet
  facet normal 1.000000e+00 0.000000e+00 0.000000e+00
    outer loop
      vertex   8.000000e-01 2.579782e+01 1.996279e+01
      vertex   8.000000e-01 2.420219e+01 1.996279e+01
      vertex   8.000000e-01 2.553309e+01 1.992794e+01
    endloop
  endfacet
  facet normal 1.000000e+00 0.000000e+00 0.000000e+00
    outer loop
      vertex   8.000000e-01 2.553309e+01 1.992794e+01
      vertex   8.000000e-01 2.420219e+01 1.996279e+01
      vertex   8.000000e-01 2.446691e+01 1.992794e+01
    endloop
  endfacet
  facet normal 1.000000e+00 0.000000e+00 0.000000e+00
    outer loop
      vertex   8.000000e-01 2.553309e+01 1.992794e+01
      vertex   8.000000e-01 2.446691e+01 1.992794e+01
      vertex   8.000000e-01 2.526691e+01 1.990699e+01
    endloop
  endfacet
  facet normal 1.000000e+00 0.000000e+00 0.000000e+00
    outer loop
      vertex   8.000000e-01 2.526691e+01 1.990699e+01
      vertex   8.000000e-01 2.446691e+01 1.992794e+01
      vertex   8.000000e-01 2.473309e+01 1.990699e+01
    endloop
  endfacet
  facet normal 1.000000e+00 0.000000e+00 0.000000e+00
    outer loop
      vertex   8.000000e-01 2.526691e+01 1.990699e+01
      vertex   8.000000e-01 2.473309e+01 1.990699e+01
      vertex   8.000000e-01 2.500000e+01 1.990000e+01
    endloop
  endfacet
  facet normal 1.000000e+00 0.000000e+00 0.000000e+00
    outer loop
      vertex   8.000000e-01 -2.308751e+01 3.030000e+01
      vertex   8.000000e-01 -2.691249e+01 3.030000e+01
      vertex   8.000000e-01 -2.139376e+01 2.860625e+01
    endloop
  endfacet
  facet normal 1.000000e+00 0.000000e+00 0.000000e+00
    outer loop
      vertex   8.000000e-01 -2.139376e+01 2.860625e+01
      vertex   8.000000e-01 -2.691249e+01 3.030000e+01
      vertex   8.000000e-01 -2.860625e+01 2.860625e+01
    endloop
  endfacet
  facet normal 1.000000e+00 0.000000e+00 0.000000e+00
    outer loop
      vertex   8.000000e-01 -2.139376e+01 2.860625e+01
      vertex   8.000000e-01 -2.860625e+01 2.860625e+01
      vertex   8.000000e-01 -2.120996e+01 2.841257e+01
    endloop
  endfacet
  facet normal 1.000000e+00 0.000000e+00 0.000000e+00
    outer loop
      vertex   8.000000e-01 -2.120996e+01 2.841257e+01
      vertex   8.000000e-01 -2.860625e+01 2.860625e+01
      vertex   8.000000e-01 -2.103656e+01 2.820953e+01
    endloop
  endfacet
  facet normal 1.000000e+00 0.000000e+00 0.000000e+00
    outer loop
      vertex   8.000000e-01 -2.103656e+01 2.820953e+01
      vertex   8.000000e-01 -2.860625e+01 2.860625e+01
      vertex   8.000000e-01 -2.087401e+01 2.799771e+01
    endloop
  endfacet
  facet normal 1.000000e+00 0.000000e+00 0.000000e+00
    outer loop
      vertex   8.000000e-01 -2.087401e+01 2.799771e+01
      vertex   8.000000e-01 -2.860625e+01 2.860625e+01
      vertex   8.000000e-01 -2.072278e+01 2.777766e+01
    endloop
  endfacet
  facet normal 1.000000e+00 0.000000e+00 0.000000e+00
    outer loop
      vertex   8.000000e-01 -2.072278e+01 2.777766e+01
      vertex   8.000000e-01 -2.860625e+01 2.860625e+01
      vertex   8.000000e-01 -2.058327e+01 2.755000e+01
    endloop
  endfacet
  facet normal 1.000000e+00 0.000000e+00 0.000000e+00
    outer loop
      vertex   8.000000e-01 -2.058327e+01 2.755000e+01
      vertex   8.000000e-01 -2.860625e+01 2.860625e+01
      vertex   8.000000e-01 -2.045587e+01 2.731535e+01
    endloop
  endfacet
  facet normal 1.000000e+00 0.000000e+00 0.000000e+00
    outer loop
      vertex   8.000000e-01 -2.045587e+01 2.731535e+01
      vertex   8.000000e-01 -2.860625e+01 2.860625e+01
      vertex   8.000000e-01 -2.034092e+01 2.707436e+01
    endloop
  endfacet
  facet normal 1.000000e+00 0.000000e+00 0.000000e+00
    outer loop
      vertex   8.000000e-01 -2.034092e+01 2.707436e+01
      vertex   8.000000e-01 -2.860625e+01 2.860625e+01
      vertex   8.000000e-01 -2.023874e+01 2.682768e+01
    endloop
  endfacet
  facet normal 1.000000e+00 0.000000e+00 0.000000e+00
    outer loop
      vertex   8.000000e-01 -2.023874e+01 2.682768e+01
      vertex   8.000000e-01 -2.860625e+01 2.860625e+01
      vertex   8.000000e-01 -2.014961e+01 2.657599e+01
    endloop
  endfacet
  facet normal 1.000000e+00 0.000000e+00 0.000000e+00
    outer loop
      vertex   8.000000e-01 -2.014961e+01 2.657599e+01
      vertex   8.000000e-01 -2.860625e+01 2.860625e+01
      vertex   8.000000e-01 -2.007378e+01 2.631998e+01
    endloop
  endfacet
  facet normal 1.000000e+00 0.000000e+00 0.000000e+00
    outer loop
      vertex   8.000000e-01 -2.007378e+01 2.631998e+01
      vertex   8.000000e-01 -2.860625e+01 2.860625e+01
      vertex   8.000000e-01 -2.001145e+01 2.606035e+01
    endloop
  endfacet
  facet normal 1.000000e+00 0.000000e+00 0.000000e+00
    outer loop
      vertex   8.000000e-01 -2.001145e+01 2.606035e+01
      vertex   8.000000e-01 -2.860625e+01 2.860625e+01
      vertex   8.000000e-01 -1.996279e+01 2.579782e+01
    endloop
  endfacet
  facet normal 1.000000e+00 0.000000e+00 0.000000e+00
    outer loop
      vertex   8.000000e-01 -1.996279e+01 2.579782e+01
      vertex   8.000000e-01 -2.860625e+01 2.860625e+01
      vertex   8.000000e-01 -1.992794e+01 2.553309e+01
    endloop
  endfacet
  facet normal 1.000000e+00 0.000000e+00 0.000000e+00
    outer loop
      vertex   8.000000e-01 -1.992794e+01 2.553309e+01
      vertex   8.000000e-01 -2.860625e+01 2.860625e+01
      vertex   8.000000e-01 -1.990699e+01 2.526691e+01
    endloop
  endfacet
  facet normal 1.000000e+00 0.000000e+00 0.000000e+00
    outer loop
      vertex   8.000000e-01 -1.990699e+01 2.526691e+01
      vertex   8.000000e-01 -2.860625e+01 2.860625e+01
      vertex   8.000000e-01 -1.990000e+01 2.500000e+01
    endloop
  endfacet
  facet normal 1.000000e+00 0.000000e+00 0.000000e+00
    outer loop
      vertex   8.000000e-01 -1.990000e+01 2.500000e+01
      vertex   8.000000e-01 -2.860625e+01 2.860625e+01
      vertex   8.000000e-01 -1.990699e+01 2.473309e+01
    endloop
  endfacet
  facet normal 1.000000e+00 0.000000e+00 0.000000e+00
    outer loop
      vertex   8.000000e-01 -1.990699e+01 2.473309e+01
      vertex   8.000000e-01 -2.860625e+01 2.860625e+01
      vertex   8.000000e-01 -1.992794e+01 2.446691e+01
    endloop
  endfacet
  facet normal 1.000000e+00 0.000000e+00 0.000000e+00
    outer loop
      vertex   8.000000e-01 -1.992794e+01 2.446691e+01
      vertex   8.000000e-01 -2.860625e+01 2.860625e+01
      vertex   8.000000e-01 -1.996279e+01 2.420219e+01
    endloop
  endfacet
  facet normal 1.000000e+00 0.000000e+00 0.000000e+00
    outer loop
      vertex   8.000000e-01 -1.996279e+01 2.420219e+01
      vertex   8.000000e-01 -2.860625e+01 2.860625e+01
      vertex   8.000000e-01 -2.001145e+01 2.393965e+01
    endloop
  endfacet
  facet normal 1.000000e+00 0.000000e+00 0.000000e+00
    outer loop
      vertex   8.000000e-01 -2.001145e+01 2.393965e+01
      vertex   8.000000e-01 -2.860625e+01 2.860625e+01
      vertex   8.000000e-01 -2.007378e+01 2.368002e+01
    endloop
  endfacet
  facet normal 1.000000e+00 0.000000e+00 0.000000e+00
    outer loop
      vertex   8.000000e-01 -2.007378e+01 2.368002e+01
      vertex   8.000000e-01 -2.860625e+01 2.860625e+01
      vertex   8.000000e-01 -2.014961e+01 2.342401e+01
    endloop
  endfacet
  facet normal 1.000000e+00 0.000000e+00 0.000000e+00
    outer loop
      vertex   8.000000e-01 -2.014961e+01 2.342401e+01
      vertex   8.000000e-01 -2.860625e+01 2.860625e+01
      vertex   8.000000e-01 -2.023874e+01 2.317232e+01
    endloop
  endfacet
  facet normal 1.000000e+00 0.000000e+00 0.000000e+00
    outer loop
      vertex   8.000000e-01 -2.023874e+01 2.317232e+01
      vertex   8.000000e-01 -2.860625e+01 2.860625e+01
      vertex   8.000000e-01 -2.034092e+01 2.292564e+01
    endloop
  endfacet
  facet normal 1.000000e+00 0.000000e+00 0.000000e+00
    outer loop
      vertex   8.000000e-01 -2.034092e+01 2.292564e+01
      vertex   8.000000e-01 -2.860625e+01 2.860625e+01
      vertex   8.000000e-01 -2.045587e+01 2.268465e+01
    endloop
  endfacet
  facet normal 1.000000e+00 0.000000e+00 0.000000e+00
    outer loop
      vertex   8.000000e-01 -2.045587e+01 2.268465e+01
      vertex   8.000000e-01 -2.860625e+01 2.860625e+01
      vertex   8.000000e-01 -2.058327e+01 2.245000e+01
    endloop
  endfacet
  facet normal 1.000000e+00 0.000000e+00 0.000000e+00
    outer loop
      vertex   8.000000e-01 -2.058327e+01 2.245000e+01
      vertex   8.000000e-01 -2.860625e+01 2.860625e+01
      vertex   8.000000e-01 -2.072278e+01 2.222234e+01
    endloop
  endfacet
  facet normal 1.000000e+00 0.000000e+00 0.000000e+00
    outer loop
      vertex   8.000000e-01 -2.072278e+01 2.222234e+01
      vertex   8.000000e-01 -2.860625e+01 2.860625e+01
      vertex   8.000000e-01 -2.879004e+01 2.841257e+01
    endloop
  endfacet
  facet normal 1.000000e+00 0.000000e+00 0.000000e+00
    outer loop
      vertex   8.000000e-01 -2.072278e+01 2.222234e+01
      vertex   8.000000e-01 -2.879004e+01 2.841257e+01
      vertex   8.000000e-01 -2.896344e+01 2.820953e+01
    endloop
  endfacet
  facet normal 1.000000e+00 0.000000e+00 0.000000e+00
    outer loop
      vertex   8.000000e-01 -2.896344e+01 2.820953e+01
      vertex   8.000000e-01 -2.912599e+01 2.799771e+01
      vertex   8.000000e-01 -2.072278e+01 2.222234e+01
    endloop
  endfacet
  facet normal 1.000000e+00 0.000000e+00 0.000000e+00
    outer loop
      vertex   8.000000e-01 -2.072278e+01 2.222234e+01
      vertex   8.000000e-01 -2.912599e+01 2.799771e+01
      vertex   8.000000e-01 -2.927722e+01 2.777766e+01
    endloop
  endfacet
  facet normal 1.000000e+00 0.000000e+00 0.000000e+00
    outer loop
      vertex   8.000000e-01 -2.072278e+01 2.222234e+01
      vertex   8.000000e-01 -2.927722e+01 2.777766e+01
      vertex   8.000000e-01 -2.941673e+01 2.755000e+01
    endloop
  endfacet
  facet normal 1.000000e+00 0.000000e+00 0.000000e+00
    outer loop
      vertex   8.000000e-01 -2.941673e+01 2.755000e+01
      vertex   8.000000e-01 -2.954413e+01 2.731535e+01
      vertex   8.000000e-01 -2.072278e+01 2.222234e+01
    endloop
  endfacet
  facet normal 1.000000e+00 0.000000e+00 0.000000e+00
    outer loop
      vertex   8.000000e-01 -2.072278e+01 2.222234e+01
      vertex   8.000000e-01 -2.954413e+01 2.731535e+01
      vertex   8.000000e-01 -2.965908e+01 2.707436e+01
    endloop
  endfacet
  facet normal 1.000000e+00 0.000000e+00 0.000000e+00
    outer loop
      vertex   8.000000e-01 -2.072278e+01 2.222234e+01
      vertex   8.000000e-01 -2.965908e+01 2.707436e+01
      vertex   8.000000e-01 -2.976126e+01 2.682768e+01
    endloop
  endfacet
  facet normal 1.000000e+00 0.000000e+00 0.000000e+00
    outer loop
      vertex   8.000000e-01 -2.976126e+01 2.682768e+01
      vertex   8.000000e-01 -2.985039e+01 2.657599e+01
      vertex   8.000000e-01 -2.072278e+01 2.222234e+01
    endloop
  endfacet
  facet normal 1.000000e+00 0.000000e+00 0.000000e+00
    outer loop
      vertex   8.000000e-01 -2.072278e+01 2.222234e+01
      vertex   8.000000e-01 -2.985039e+01 2.657599e+01
      vertex   8.000000e-01 -2.992622e+01 2.631998e+01
    endloop
  endfacet
  facet normal 1.000000e+00 0.000000e+00 0.000000e+00
    outer loop
      vertex   8.000000e-01 -2.072278e+01 2.222234e+01
      vertex   8.000000e-01 -2.992622e+01 2.631998e+01
      vertex   8.000000e-01 -2.998855e+01 2.606035e+01
    endloop
  endfacet
  facet normal 1.000000e+00 0.000000e+00 0.000000e+00
    outer loop
      vertex   8.000000e-01 -2.998855e+01 2.606035e+01
      vertex   8.000000e-01 -3.003721e+01 2.579782e+01
      vertex   8.000000e-01 -2.072278e+01 2.222234e+01
    endloop
  endfacet
  facet normal 1.000000e+00 0.000000e+00 0.000000e+00
    outer loop
      vertex   8.000000e-01 -2.072278e+01 2.222234e+01
      vertex   8.000000e-01 -3.003721e+01 2.579782e+01
      vertex   8.000000e-01 -3.007206e+01 2.553309e+01
    endloop
  endfacet
  facet normal 1.000000e+00 0.000000e+00 0.000000e+00
    outer loop
      vertex   8.000000e-01 -2.072278e+01 2.222234e+01
      vertex   8.000000e-01 -3.007206e+01 2.553309e+01
      vertex   8.000000e-01 -3.009301e+01 2.526691e+01
    endloop
  endfacet
  facet normal 1.000000e+00 0.000000e+00 0.000000e+00
    outer loop
      vertex   8.000000e-01 -3.009301e+01 2.526691e+01
      vertex   8.000000e-01 -3.010000e+01 2.500000e+01
      vertex   8.000000e-01 -2.072278e+01 2.222234e+01
    endloop
  endfacet
  facet normal 1.000000e+00 0.000000e+00 0.000000e+00
    outer loop
      vertex   8.000000e-01 -2.072278e+01 2.222234e+01
      vertex   8.000000e-01 -3.010000e+01 2.500000e+01
      vertex   8.000000e-01 -3.009301e+01 2.473309e+01
    endloop
  endfacet
  facet normal 1.000000e+00 0.000000e+00 0.000000e+00
    outer loop
      vertex   8.000000e-01 -2.072278e+01 2.222234e+01
      vertex   8.000000e-01 -3.009301e+01 2.473309e+01
      vertex   8.000000e-01 -3.007206e+01 2.446691e+01
    endloop
  endfacet
  facet normal 1.000000e+00 0.000000e+00 0.000000e+00
    outer loop
      vertex   8.000000e-01 -3.007206e+01 2.446691e+01
      vertex   8.000000e-01 -3.003721e+01 2.420219e+01
      vertex   8.000000e-01 -2.072278e+01 2.222234e+01
    endloop
  endfacet
  facet normal 1.000000e+00 0.000000e+00 0.000000e+00
    outer loop
      vertex   8.000000e-01 -2.072278e+01 2.222234e+01
      vertex   8.000000e-01 -3.003721e+01 2.420219e+01
      vertex   8.000000e-01 -2.998855e+01 2.393965e+01
    endloop
  endfacet
  facet normal 1.000000e+00 0.000000e+00 0.000000e+00
    outer loop
      vertex   8.000000e-01 -2.072278e+01 2.222234e+01
      vertex   8.000000e-01 -2.998855e+01 2.393965e+01
      vertex   8.000000e-01 -2.992622e+01 2.368002e+01
    endloop
  endfacet
  facet normal 1.000000e+00 0.000000e+00 0.000000e+00
    outer loop
      vertex   8.000000e-01 -2.072278e+01 2.222234e+01
      vertex   8.000000e-01 -2.992622e+01 2.368002e+01
      vertex   8.000000e-01 -2.087401e+01 2.200229e+01
    endloop
  endfacet
  facet normal 1.000000e+00 0.000000e+00 0.000000e+00
    outer loop
      vertex   8.000000e-01 -2.087401e+01 2.200229e+01
      vertex   8.000000e-01 -2.992622e+01 2.368002e+01
      vertex   8.000000e-01 -2.985039e+01 2.342401e+01
    endloop
  endfacet
  facet normal 1.000000e+00 0.000000e+00 0.000000e+00
    outer loop
      vertex   8.000000e-01 -2.087401e+01 2.200229e+01
      vertex   8.000000e-01 -2.985039e+01 2.342401e+01
      vertex   8.000000e-01 -2.976126e+01 2.317232e+01
    endloop
  endfacet
  facet normal 1.000000e+00 0.000000e+00 0.000000e+00
    outer loop
      vertex   8.000000e-01 -2.976126e+01 2.317232e+01
      vertex   8.000000e-01 -2.965908e+01 2.292564e+01
      vertex   8.000000e-01 -2.087401e+01 2.200229e+01
    endloop
  endfacet
  facet normal 1.000000e+00 0.000000e+00 0.000000e+00
    outer loop
      vertex   8.000000e-01 -2.087401e+01 2.200229e+01
      vertex   8.000000e-01 -2.965908e+01 2.292564e+01
      vertex   8.000000e-01 -2.954413e+01 2.268465e+01
    endloop
  endfacet
  facet normal 1.000000e+00 0.000000e+00 0.000000e+00
    outer loop
      vertex   8.000000e-01 -2.087401e+01 2.200229e+01
      vertex   8.000000e-01 -2.954413e+01 2.268465e+01
      vertex   8.000000e-01 -2.941673e+01 2.245000e+01
    endloop
  endfacet
  facet normal 1.000000e+00 0.000000e+00 0.000000e+00
    outer loop
      vertex   8.000000e-01 -2.941673e+01 2.245000e+01
      vertex   8.000000e-01 -2.927722e+01 2.222234e+01
      vertex   8.000000e-01 -2.087401e+01 2.200229e+01
    endloop
  endfacet
  facet normal 1.000000e+00 0.000000e+00 0.000000e+00
    outer loop
      vertex   8.000000e-01 -2.087401e+01 2.200229e+01
      vertex   8.000000e-01 -2.927722e+01 2.222234e+01
      vertex   8.000000e-01 -2.912599e+01 2.200229e+01
    endloop
  endfacet
  facet normal 1.000000e+00 0.000000e+00 0.000000e+00
    outer loop
      vertex   8.000000e-01 -2.087401e+01 2.200229e+01
      vertex   8.000000e-01 -2.912599e+01 2.200229e+01
      vertex   8.000000e-01 -2.103656e+01 2.179047e+01
    endloop
  endfacet
  facet normal 1.000000e+00 0.000000e+00 0.000000e+00
    outer loop
      vertex   8.000000e-01 -2.103656e+01 2.179047e+01
      vertex   8.000000e-01 -2.912599e+01 2.200229e+01
      vertex   8.000000e-01 -2.896344e+01 2.179047e+01
    endloop
  endfacet
  facet normal 1.000000e+00 0.000000e+00 0.000000e+00
    outer loop
      vertex   8.000000e-01 -2.103656e+01 2.179047e+01
      vertex   8.000000e-01 -2.896344e+01 2.179047e+01
      vertex   8.000000e-01 -2.120996e+01 2.158744e+01
    endloop
  endfacet
  facet normal 1.000000e+00 0.000000e+00 0.000000e+00
    outer loop
      vertex   8.000000e-01 -2.120996e+01 2.158744e+01
      vertex   8.000000e-01 -2.896344e+01 2.179047e+01
      vertex   8.000000e-01 -2.879004e+01 2.158744e+01
    endloop
  endfacet
  facet normal 1.000000e+00 0.000000e+00 0.000000e+00
    outer loop
      vertex   8.000000e-01 -2.120996e+01 2.158744e+01
      vertex   8.000000e-01 -2.879004e+01 2.158744e+01
      vertex   8.000000e-01 -2.139376e+01 2.139376e+01
    endloop
  endfacet
  facet normal 1.000000e+00 0.000000e+00 0.000000e+00
    outer loop
      vertex   8.000000e-01 -2.139376e+01 2.139376e+01
      vertex   8.000000e-01 -2.879004e+01 2.158744e+01
      vertex   8.000000e-01 -2.860625e+01 2.139376e+01
    endloop
  endfacet
  facet normal 1.000000e+00 0.000000e+00 0.000000e+00
    outer loop
      vertex   8.000000e-01 -2.139376e+01 2.139376e+01
      vertex   8.000000e-01 -2.860625e+01 2.139376e+01
      vertex   8.000000e-01 -2.158744e+01 2.120996e+01
    endloop
  endfacet
  facet normal 1.000000e+00 0.000000e+00 0.000000e+00
    outer loop
      vertex   8.000000e-01 -2.158744e+01 2.120996e+01
      vertex   8.000000e-01 -2.860625e+01 2.139376e+01
      vertex   8.000000e-01 -2.841257e+01 2.120996e+01
    endloop
  endfacet
  facet normal 1.000000e+00 0.000000e+00 0.000000e+00
    outer loop
      vertex   8.000000e-01 -2.158744e+01 2.120996e+01
      vertex   8.000000e-01 -2.841257e+01 2.120996e+01
      vertex   8.000000e-01 -2.179047e+01 2.103656e+01
    endloop
  endfacet
  facet normal 1.000000e+00 0.000000e+00 0.000000e+00
    outer loop
      vertex   8.000000e-01 -2.179047e+01 2.103656e+01
      vertex   8.000000e-01 -2.841257e+01 2.120996e+01
      vertex   8.000000e-01 -2.820953e+01 2.103656e+01
    endloop
  endfacet
  facet normal 1.000000e+00 0.000000e+00 0.000000e+00
    outer loop
      vertex   8.000000e-01 -2.179047e+01 2.103656e+01
      vertex   8.000000e-01 -2.820953e+01 2.103656e+01
      vertex   8.000000e-01 -2.200229e+01 2.087401e+01
    endloop
  endfacet
  facet normal 1.000000e+00 0.000000e+00 0.000000e+00
    outer loop
      vertex   8.000000e-01 -2.200229e+01 2.087401e+01
      vertex   8.000000e-01 -2.820953e+01 2.103656e+01
      vertex   8.000000e-01 -2.799771e+01 2.087401e+01
    endloop
  endfacet
  facet normal 1.000000e+00 0.000000e+00 0.000000e+00
    outer loop
      vertex   8.000000e-01 -2.200229e+01 2.087401e+01
      vertex   8.000000e-01 -2.799771e+01 2.087401e+01
      vertex   8.000000e-01 -2.222234e+01 2.072278e+01
    endloop
  endfacet
  facet normal 1.000000e+00 0.000000e+00 0.000000e+00
    outer loop
      vertex   8.000000e-01 -2.222234e+01 2.072278e+01
      vertex   8.000000e-01 -2.799771e+01 2.087401e+01
      vertex   8.000000e-01 -2.777766e+01 2.072278e+01
    endloop
  endfacet
  facet normal 1.000000e+00 0.000000e+00 0.000000e+00
    outer loop
      vertex   8.000000e-01 -2.222234e+01 2.072278e+01
      vertex   8.000000e-01 -2.777766e+01 2.072278e+01
      vertex   8.000000e-01 -2.245000e+01 2.058327e+01
    endloop
  endfacet
  facet normal 1.000000e+00 0.000000e+00 0.000000e+00
    outer loop
      vertex   8.000000e-01 -2.245000e+01 2.058327e+01
      vertex   8.000000e-01 -2.777766e+01 2.072278e+01
      vertex   8.000000e-01 -2.755000e+01 2.058327e+01
    endloop
  endfacet
  facet normal 1.000000e+00 0.000000e+00 0.000000e+00
    outer loop
      vertex   8.000000e-01 -2.245000e+01 2.058327e+01
      vertex   8.000000e-01 -2.755000e+01 2.058327e+01
      vertex   8.000000e-01 -2.268465e+01 2.045587e+01
    endloop
  endfacet
  facet normal 1.000000e+00 0.000000e+00 0.000000e+00
    outer loop
      vertex   8.000000e-01 -2.268465e+01 2.045587e+01
      vertex   8.000000e-01 -2.755000e+01 2.058327e+01
      vertex   8.000000e-01 -2.731535e+01 2.045587e+01
    endloop
  endfacet
  facet normal 1.000000e+00 0.000000e+00 0.000000e+00
    outer loop
      vertex   8.000000e-01 -2.268465e+01 2.045587e+01
      vertex   8.000000e-01 -2.731535e+01 2.045587e+01
      vertex   8.000000e-01 -2.292564e+01 2.034092e+01
    endloop
  endfacet
  facet normal 1.000000e+00 0.000000e+00 0.000000e+00
    outer loop
      vertex   8.000000e-01 -2.292564e+01 2.034092e+01
      vertex   8.000000e-01 -2.731535e+01 2.045587e+01
      vertex   8.000000e-01 -2.707436e+01 2.034092e+01
    endloop
  endfacet
  facet normal 1.000000e+00 0.000000e+00 0.000000e+00
    outer loop
      vertex   8.000000e-01 -2.292564e+01 2.034092e+01
      vertex   8.000000e-01 -2.707436e+01 2.034092e+01
      vertex   8.000000e-01 -2.317232e+01 2.023874e+01
    endloop
  endfacet
  facet normal 1.000000e+00 0.000000e+00 0.000000e+00
    outer loop
      vertex   8.000000e-01 -2.317232e+01 2.023874e+01
      vertex   8.000000e-01 -2.707436e+01 2.034092e+01
      vertex   8.000000e-01 -2.682768e+01 2.023874e+01
    endloop
  endfacet
  facet normal 1.000000e+00 0.000000e+00 0.000000e+00
    outer loop
      vertex   8.000000e-01 -2.317232e+01 2.023874e+01
      vertex   8.000000e-01 -2.682768e+01 2.023874e+01
      vertex   8.000000e-01 -2.342401e+01 2.014961e+01
    endloop
  endfacet
  facet normal 1.000000e+00 0.000000e+00 0.000000e+00
    outer loop
      vertex   8.000000e-01 -2.342401e+01 2.014961e+01
      vertex   8.000000e-01 -2.682768e+01 2.023874e+01
      vertex   8.000000e-01 -2.657599e+01 2.014961e+01
    endloop
  endfacet
  facet normal 1.000000e+00 0.000000e+00 0.000000e+00
    outer loop
      vertex   8.000000e-01 -2.342401e+01 2.014961e+01
      vertex   8.000000e-01 -2.657599e+01 2.014961e+01
      vertex   8.000000e-01 -2.368002e+01 2.007378e+01
    endloop
  endfacet
  facet normal 1.000000e+00 0.000000e+00 0.000000e+00
    outer loop
      vertex   8.000000e-01 -2.368002e+01 2.007378e+01
      vertex   8.000000e-01 -2.657599e+01 2.014961e+01
      vertex   8.000000e-01 -2.631998e+01 2.007378e+01
    endloop
  endfacet
  facet normal 1.000000e+00 0.000000e+00 0.000000e+00
    outer loop
      vertex   8.000000e-01 -2.368002e+01 2.007378e+01
      vertex   8.000000e-01 -2.631998e+01 2.007378e+01
      vertex   8.000000e-01 -2.393965e+01 2.001145e+01
    endloop
  endfacet
  facet normal 1.000000e+00 0.000000e+00 0.000000e+00
    outer loop
      vertex   8.000000e-01 -2.393965e+01 2.001145e+01
      vertex   8.000000e-01 -2.631998e+01 2.007378e+01
      vertex   8.000000e-01 -2.606035e+01 2.001145e+01
    endloop
  endfacet
  facet normal 1.000000e+00 0.000000e+00 0.000000e+00
    outer loop
      vertex   8.000000e-01 -2.393965e+01 2.001145e+01
      vertex   8.000000e-01 -2.606035e+01 2.001145e+01
      vertex   8.000000e-01 -2.420219e+01 1.996279e+01
    endloop
  endfacet
  facet normal 1.000000e+00 0.000000e+00 0.000000e+00
    outer loop
      vertex   8.000000e-01 -2.420219e+01 1.996279e+01
      vertex   8.000000e-01 -2.606035e+01 2.001145e+01
      vertex   8.000000e-01 -2.579782e+01 1.996279e+01
    endloop
  endfacet
  facet normal 1.000000e+00 0.000000e+00 0.000000e+00
    outer loop
      vertex   8.000000e-01 -2.420219e+01 1.996279e+01
      vertex   8.000000e-01 -2.579782e+01 1.996279e+01
      vertex   8.000000e-01 -2.446691e+01 1.992794e+01
    endloop
  endfacet
  facet normal 1.000000e+00 0.000000e+00 0.000000e+00
    outer loop
      vertex   8.000000e-01 -2.446691e+01 1.992794e+01
      vertex   8.000000e-01 -2.579782e+01 1.996279e+01
      vertex   8.000000e-01 -2.553309e+01 1.992794e+01
    endloop
  endfacet
  facet normal 1.000000e+00 0.000000e+00 0.000000e+00
    outer loop
      vertex   8.000000e-01 -2.446691e+01 1.992794e+01
      vertex   8.000000e-01 -2.553309e+01 1.992794e+01
      vertex   8.000000e-01 -2.473309e+01 1.990699e+01
    endloop
  endfacet
  facet normal 1.000000e+00 0.000000e+00 0.000000e+00
    outer loop
      vertex   8.000000e-01 -2.473309e+01 1.990699e+01
      vertex   8.000000e-01 -2.553309e+01 1.992794e+01
      vertex   8.000000e-01 -2.526691e+01 1.990699e+01
    endloop
  endfacet
  facet normal 1.000000e+00 0.000000e+00 0.000000e+00
    outer loop
      vertex   8.000000e-01 -2.473309e+01 1.990699e+01
      vertex   8.000000e-01 -2.526691e+01 1.990699e+01
      vertex   8.000000e-01 -2.500000e+01 1.990000e+01
    endloop
  endfacet
  facet normal 7.047420e-01 -7.094637e-01 -4.265005e-08
    outer loop
      vertex   2.088818e-01 -3.666871e+01 3.002745e+01
      vertex   -1.924513e-01 -3.706737e+01 3.019313e+01
      vertex   -9.211804e-02 -3.696771e+01 2.212257e+01
    endloop
  endfacet
  facet normal 7.047438e-01 -7.094619e-01 -7.270884e-17
    outer loop
      vertex   -9.211804e-02 -3.696771e+01 2.212257e+01
      vertex   -1.924513e-01 -3.706737e+01 3.019313e+01
      vertex   -1.924513e-01 -3.706737e+01 2.025201e+01
    endloop
  endfacet
  facet normal 7.047438e-01 -7.094619e-01 -7.941109e-17
    outer loop
      vertex   -9.211804e-02 -3.696771e+01 2.212257e+01
      vertex   -1.924513e-01 -3.706737e+01 2.025201e+01
      vertex   -9.211804e-02 -3.696771e+01 2.015201e+01
    endloop
  endfacet
  facet normal 7.047415e-01 -7.094642e-01 -7.067195e-17
    outer loop
      vertex   -9.211804e-02 -3.696771e+01 2.212257e+01
      vertex   2.088818e-01 -3.666871e+01 2.212257e+01
      vertex   2.088818e-01 -3.666871e+01 3.002745e+01
    endloop
  endfacet
  facet normal 7.054336e-01 -5.023577e-01 5.000001e-01
    outer loop
      vertex   2.315652e-01 -2.987362e+01 3.682257e+01
      vertex   -1.689857e-01 -3.003797e+01 3.722257e+01
      vertex   2.088818e-01 -3.666871e+01 3.002745e+01
    endloop
  endfacet
  facet normal 7.054336e-01 -5.023577e-01 5.000001e-01
    outer loop
      vertex   2.088818e-01 -3.666871e+01 3.002745e+01
      vertex   -1.689857e-01 -3.003797e+01 3.722257e+01
      vertex   -1.924513e-01 -3.706737e+01 3.019313e+01
    endloop
  endfacet
  facet normal 7.071025e-01 -2.360458e-03 7.071071e-01
    outer loop
      vertex   2.315652e-01 -2.987362e+01 3.682257e+01
      vertex   2.636444e-01 -2.026392e+01 3.682257e+01
      vertex   -1.689857e-01 -3.003797e+01 3.722257e+01
    endloop
  endfacet
  facet normal 7.071025e-01 -2.360458e-03 7.071071e-01
    outer loop
      vertex   -1.689857e-01 -3.003797e+01 3.722257e+01
      vertex   2.636444e-01 -2.026392e+01 3.682257e+01
      vertex   -1.358003e-01 -2.009690e+01 3.722257e+01
    endloop
  endfacet
  facet normal 7.087718e-01 4.976368e-01 5.000001e-01
    outer loop
      vertex   2.636444e-01 -2.026392e+01 3.682257e+01
      vertex   2.863279e-01 -1.346884e+01 3.002745e+01
      vertex   -1.358003e-01 -2.009690e+01 3.722257e+01
    endloop
  endfacet
  facet normal 7.087718e-01 4.976368e-01 5.000001e-01
    outer loop
      vertex   -1.358003e-01 -2.009690e+01 3.722257e+01
      vertex   2.863279e-01 -1.346884e+01 3.002745e+01
      vertex   -1.123347e-01 -1.306751e+01 3.019313e+01
    endloop
  endfacet
  facet normal 7.094624e-01 7.047433e-01 -6.974973e-17
    outer loop
      vertex   2.863279e-01 -1.346884e+01 2.212257e+01
      vertex   -1.266903e-02 -1.316784e+01 2.212257e+01
      vertex   2.863279e-01 -1.346884e+01 3.002745e+01
    endloop
  endfacet
  facet normal 7.094630e-01 7.047427e-01 -4.265005e-08
    outer loop
      vertex   2.863279e-01 -1.346884e+01 3.002745e+01
      vertex   -1.266903e-02 -1.316784e+01 2.212257e+01
      vertex   -1.123347e-01 -1.306751e+01 3.019313e+01
    endloop
  endfacet
  facet normal 7.094647e-01 7.047410e-01 -7.527123e-17
    outer loop
      vertex   -1.123347e-01 -1.306751e+01 3.019313e+01
      vertex   -1.266903e-02 -1.316784e+01 2.212257e+01
      vertex   -1.123347e-01 -1.306751e+01 2.025201e+01
    endloop
  endfacet
  facet normal 7.094647e-01 7.047410e-01 -7.050415e-17
    outer loop
      vertex   -1.123347e-01 -1.306751e+01 2.025201e+01
      vertex   -1.266903e-02 -1.316784e+01 2.212257e+01
      vertex   -1.266903e-02 -1.316784e+01 2.015201e+01
    endloop
  endfacet
  facet normal -2.360454e-03 -7.071012e-01 -7.071085e-01
    outer loop
      vertex   -1.924513e-01 -3.706737e+01 2.025201e+01
      vertex   -1.592443e+00 -3.706270e+01 2.025201e+01
      vertex   -9.211804e-02 -3.696771e+01 2.015201e+01
    endloop
  endfacet
  facet normal -2.360200e-03 -7.071031e-01 -7.071065e-01
    outer loop
      vertex   -9.211804e-02 -3.696771e+01 2.015201e+01
      vertex   -1.592443e+00 -3.706270e+01 2.025201e+01
      vertex   -5.201193e-01 -3.653684e+01 1.972257e+01
    endloop
  endfacet
  facet normal -2.360459e-03 -7.071028e-01 -7.071068e-01
    outer loop
      vertex   -5.201193e-01 -3.653684e+01 1.972257e+01
      vertex   -1.592443e+00 -3.706270e+01 2.025201e+01
      vertex   -1.590676e+00 -3.653326e+01 1.972257e+01
    endloop
  endfacet
  facet normal -3.338194e-03 -9.999944e-01 3.448481e-19
    outer loop
      vertex   -1.924513e-01 -3.706737e+01 2.025201e+01
      vertex   -1.924513e-01 -3.706737e+01 3.019313e+01
      vertex   -1.592443e+00 -3.706270e+01 2.025201e+01
    endloop
  endfacet
  facet normal -3.338194e-03 -9.999944e-01 3.728088e-19
    outer loop
      vertex   -1.592443e+00 -3.706270e+01 2.025201e+01
      vertex   -1.924513e-01 -3.706737e+01 3.019313e+01
      vertex   -1.592443e+00 -3.706270e+01 3.019313e+01
    endloop
  endfacet
  facet normal -2.360459e-03 -7.071028e-01 7.071068e-01
    outer loop
      vertex   -1.924513e-01 -3.706737e+01 3.019313e+01
      vertex   -1.689857e-01 -3.003797e+01 3.722257e+01
      vertex   -1.592443e+00 -3.706270e+01 3.019313e+01
    endloop
  endfacet
  facet normal -2.360459e-03 -7.071028e-01 7.071068e-01
    outer loop
      vertex   -1.592443e+00 -3.706270e+01 3.019313e+01
      vertex   -1.689857e-01 -3.003797e+01 3.722257e+01
      vertex   -1.568978e+00 -3.003330e+01 3.722257e+01
    endloop
  endfacet
  facet normal 0.000000e+00 -0.000000e+00 1.000000e+00
    outer loop
      vertex   -1.689857e-01 -3.003797e+01 3.722257e+01
      vertex   -1.358003e-01 -2.009690e+01 3.722257e+01
      vertex   -1.568978e+00 -3.003330e+01 3.722257e+01
    endloop
  endfacet
  facet normal 0.000000e+00 0.000000e+00 1.000000e+00
    outer loop
      vertex   -1.568978e+00 -3.003330e+01 3.722257e+01
      vertex   -1.358003e-01 -2.009690e+01 3.722257e+01
      vertex   -1.535792e+00 -2.009223e+01 3.722257e+01
    endloop
  endfacet
  facet normal 2.360459e-03 7.071028e-01 7.071068e-01
    outer loop
      vertex   -1.358003e-01 -2.009690e+01 3.722257e+01
      vertex   -1.123347e-01 -1.306751e+01 3.019313e+01
      vertex   -1.535792e+00 -2.009223e+01 3.722257e+01
    endloop
  endfacet
  facet normal 2.360459e-03 7.071028e-01 7.071068e-01
    outer loop
      vertex   -1.535792e+00 -2.009223e+01 3.722257e+01
      vertex   -1.123347e-01 -1.306751e+01 3.019313e+01
      vertex   -1.512327e+00 -1.306283e+01 3.019313e+01
    endloop
  endfacet
  facet normal 3.338194e-03 9.999944e-01 -3.541684e-19
    outer loop
      vertex   -1.123347e-01 -1.306751e+01 3.019313e+01
      vertex   -1.123347e-01 -1.306751e+01 2.025201e+01
      vertex   -1.512327e+00 -1.306283e+01 3.019313e+01
    endloop
  endfacet
  facet normal 3.338194e-03 9.999944e-01 -3.728088e-19
    outer loop
      vertex   -1.512327e+00 -1.306283e+01 3.019313e+01
      vertex   -1.123347e-01 -1.306751e+01 2.025201e+01
      vertex   -1.512327e+00 -1.306283e+01 2.025201e+01
    endloop
  endfacet
  facet normal 2.360454e-03 7.071012e-01 -7.071085e-01
    outer loop
      vertex   -1.123347e-01 -1.306751e+01 2.025201e+01
      vertex   -1.266903e-02 -1.316784e+01 2.015201e+01
      vertex   -1.512327e+00 -1.306283e+01 2.025201e+01
    endloop
  endfacet
  facet normal 2.360720e-03 7.071031e-01 -7.071065e-01
    outer loop
      vertex   -1.512327e+00 -1.306283e+01 2.025201e+01
      vertex   -1.266903e-02 -1.316784e+01 2.015201e+01
      vertex   -4.435374e-01 -1.359584e+01 1.972257e+01
    endloop
  endfacet
  facet normal 2.360459e-03 7.071028e-01 -7.071068e-01
    outer loop
      vertex   -1.512327e+00 -1.306283e+01 2.025201e+01
      vertex   -4.435374e-01 -1.359584e+01 1.972257e+01
      vertex   -1.514094e+00 -1.359227e+01 1.972257e+01
    endloop
  endfacet
  facet normal -7.071024e-01 2.360458e-03 -7.071072e-01
    outer loop
      vertex   -1.778422e+00 -3.286205e+01 1.992257e+01
      vertex   -1.578423e+00 -3.286272e+01 1.972257e+01
      vertex   -1.790398e+00 -3.644975e+01 1.992257e+01
    endloop
  endfacet
  facet normal -7.071024e-01 2.360458e-03 -7.071072e-01
    outer loop
      vertex   -1.790398e+00 -3.644975e+01 1.992257e+01
      vertex   -1.578423e+00 -3.286272e+01 1.972257e+01
      vertex   -1.590676e+00 -3.653326e+01 1.972257e+01
    endloop
  endfacet
  facet normal -7.046212e-01 7.093422e-01 -1.851103e-02
    outer loop
      vertex   -1.775751e+00 -3.206206e+01 2.072257e+01
      vertex   -1.575085e+00 -3.186273e+01 2.072257e+01
      vertex   -1.775755e+00 -3.206315e+01 2.068070e+01
    endloop
  endfacet
  facet normal -7.046210e-01 7.093423e-01 -1.851269e-02
    outer loop
      vertex   -1.775755e+00 -3.206315e+01 2.068070e+01
      vertex   -1.575085e+00 -3.186273e+01 2.072257e+01
      vertex   -1.575089e+00 -3.186410e+01 2.067023e+01
    endloop
  endfacet
  facet normal -7.046274e-01 7.074043e-01 -5.549240e-02
    outer loop
      vertex   -1.775755e+00 -3.206315e+01 2.068070e+01
      vertex   -1.575089e+00 -3.186410e+01 2.067023e+01
      vertex   -1.775766e+00 -3.206644e+01 2.063895e+01
    endloop
  endfacet
  facet normal -7.046282e-01 7.074040e-01 -5.548606e-02
    outer loop
      vertex   -1.775766e+00 -3.206644e+01 2.063895e+01
      vertex   -1.575089e+00 -3.186410e+01 2.067023e+01
      vertex   -1.575103e+00 -3.186821e+01 2.061804e+01
    endloop
  endfacet
  facet normal -7.046411e-01 7.035333e-01 -9.231418e-02
    outer loop
      vertex   -1.775766e+00 -3.206644e+01 2.063895e+01
      vertex   -1.575103e+00 -3.186821e+01 2.061804e+01
      vertex   -1.775784e+00 -3.207191e+01 2.059742e+01
    endloop
  endfacet
  facet normal -7.046414e-01 7.035333e-01 -9.231151e-02
    outer loop
      vertex   -1.775784e+00 -3.207191e+01 2.059742e+01
      vertex   -1.575103e+00 -3.186821e+01 2.061804e+01
      vertex   -1.575126e+00 -3.187504e+01 2.056613e+01
    endloop
  endfacet
  facet normal -7.046608e-01 6.977422e-01 -1.288757e-01
    outer loop
      vertex   -1.775784e+00 -3.207191e+01 2.059742e+01
      vertex   -1.575126e+00 -3.187504e+01 2.056613e+01
      vertex   -1.775810e+00 -3.207954e+01 2.055624e+01
    endloop
  endfacet
  facet normal -7.046603e-01 6.977419e-01 -1.288803e-01
    outer loop
      vertex   -1.775810e+00 -3.207954e+01 2.055624e+01
      vertex   -1.575126e+00 -3.187504e+01 2.056613e+01
      vertex   -1.575158e+00 -3.188458e+01 2.051466e+01
    endloop
  endfacet
  facet normal -7.046859e-01 6.900428e-01 -1.651018e-01
    outer loop
      vertex   -1.775810e+00 -3.207954e+01 2.055624e+01
      vertex   -1.575158e+00 -3.188458e+01 2.051466e+01
      vertex   -1.775842e+00 -3.208932e+01 2.051551e+01
    endloop
  endfacet
  facet normal -7.046863e-01 6.900432e-01 -1.650987e-01
    outer loop
      vertex   -1.775842e+00 -3.208932e+01 2.051551e+01
      vertex   -1.575158e+00 -3.188458e+01 2.051466e+01
      vertex   -1.575199e+00 -3.189680e+01 2.046375e+01
    endloop
  endfacet
  facet normal -7.047183e-01 6.804591e-01 -2.008672e-01
    outer loop
      vertex   -1.775842e+00 -3.208932e+01 2.051551e+01
      vertex   -1.575199e+00 -3.189680e+01 2.046375e+01
      vertex   -1.775882e+00 -3.210121e+01 2.047536e+01
    endloop
  endfacet
  facet normal -7.047182e-01 6.804590e-01 -2.008678e-01
    outer loop
      vertex   -1.775882e+00 -3.210121e+01 2.047536e+01
      vertex   -1.575199e+00 -3.189680e+01 2.046375e+01
      vertex   -1.575248e+00 -3.191167e+01 2.041355e+01
    endloop
  endfacet
  facet normal -7.047564e-01 6.690194e-01 -2.360753e-01
    outer loop
      vertex   -1.775882e+00 -3.210121e+01 2.047536e+01
      vertex   -1.575248e+00 -3.191167e+01 2.041355e+01
      vertex   -1.775929e+00 -3.211519e+01 2.043587e+01
    endloop
  endfacet
  facet normal -7.047560e-01 6.690186e-01 -2.360784e-01
    outer loop
      vertex   -1.775929e+00 -3.211519e+01 2.043587e+01
      vertex   -1.575248e+00 -3.191167e+01 2.041355e+01
      vertex   -1.575307e+00 -3.192915e+01 2.036420e+01
    endloop
  endfacet
  facet normal -7.048003e-01 6.557501e-01 -2.706444e-01
    outer loop
      vertex   -1.775929e+00 -3.211519e+01 2.043587e+01
      vertex   -1.575307e+00 -3.192915e+01 2.036420e+01
      vertex   -1.775982e+00 -3.213122e+01 2.039718e+01
    endloop
  endfacet
  facet normal -7.048007e-01 6.557510e-01 -2.706412e-01
    outer loop
      vertex   -1.775982e+00 -3.213122e+01 2.039718e+01
      vertex   -1.575307e+00 -3.192915e+01 2.036420e+01
      vertex   -1.575373e+00 -3.194918e+01 2.031583e+01
    endloop
  endfacet
  facet normal -7.048510e-01 6.406903e-01 -3.044684e-01
    outer loop
      vertex   -1.775982e+00 -3.213122e+01 2.039718e+01
      vertex   -1.575373e+00 -3.194918e+01 2.031583e+01
      vertex   -1.776043e+00 -3.214925e+01 2.035938e+01
    endloop
  endfacet
  facet normal -7.048511e-01 6.406905e-01 -3.044676e-01
    outer loop
      vertex   -1.776043e+00 -3.214925e+01 2.035938e+01
      vertex   -1.575373e+00 -3.194918e+01 2.031583e+01
      vertex   -1.575449e+00 -3.197172e+01 2.026858e+01
    endloop
  endfacet
  facet normal -7.049072e-01 6.238813e-01 -3.374580e-01
    outer loop
      vertex   -1.776043e+00 -3.214925e+01 2.035938e+01
      vertex   -1.575449e+00 -3.197172e+01 2.026858e+01
      vertex   -1.776109e+00 -3.216924e+01 2.032257e+01
    endloop
  endfacet
  facet normal -7.049065e-01 6.238789e-01 -3.374639e-01
    outer loop
      vertex   -1.776109e+00 -3.216924e+01 2.032257e+01
      vertex   -1.575449e+00 -3.197172e+01 2.026858e+01
      vertex   -1.575532e+00 -3.199670e+01 2.022257e+01
    endloop
  endfacet
  facet normal -7.049682e-01 6.053676e-01 -3.695265e-01
    outer loop
      vertex   -1.776109e+00 -3.216924e+01 2.032257e+01
      vertex   -1.575532e+00 -3.199670e+01 2.022257e+01
      vertex   -1.776182e+00 -3.219112e+01 2.028686e+01
    endloop
  endfacet
  facet normal -7.049686e-01 6.053688e-01 -3.695240e-01
    outer loop
      vertex   -1.776182e+00 -3.219112e+01 2.028686e+01
      vertex   -1.575532e+00 -3.199670e+01 2.022257e+01
      vertex   -1.575623e+00 -3.202406e+01 2.017793e+01
    endloop
  endfacet
  facet normal -7.050359e-01 5.852027e-01 -4.005772e-01
    outer loop
      vertex   -1.776182e+00 -3.219112e+01 2.028686e+01
      vertex   -1.575623e+00 -3.202406e+01 2.017793e+01
      vertex   -1.776261e+00 -3.221484e+01 2.025234e+01
    endloop
  endfacet
  facet normal -7.050357e-01 5.852019e-01 -4.005788e-01
    outer loop
      vertex   -1.776261e+00 -3.221484e+01 2.025234e+01
      vertex   -1.575623e+00 -3.202406e+01 2.017793e+01
      vertex   -1.575722e+00 -3.205371e+01 2.013478e+01
    endloop
  endfacet
  facet normal -7.051083e-01 5.634366e-01 -4.305363e-01
    outer loop
      vertex   -1.776261e+00 -3.221484e+01 2.025234e+01
      vertex   -1.575722e+00 -3.205371e+01 2.013478e+01
      vertex   -1.776347e+00 -3.224034e+01 2.021911e+01
    endloop
  endfacet
  facet normal -7.051092e-01 5.634406e-01 -4.305296e-01
    outer loop
      vertex   -1.776347e+00 -3.224034e+01 2.021911e+01
      vertex   -1.575722e+00 -3.205371e+01 2.013478e+01
      vertex   -1.575829e+00 -3.208558e+01 2.009325e+01
    endloop
  endfacet
  facet normal -7.051871e-01 5.401405e-01 -4.593031e-01
    outer loop
      vertex   -1.776347e+00 -3.224034e+01 2.021911e+01
      vertex   -1.575829e+00 -3.208558e+01 2.009325e+01
      vertex   -1.776437e+00 -3.226754e+01 2.018726e+01
    endloop
  endfacet
  facet normal -7.051862e-01 5.401360e-01 -4.593099e-01
    outer loop
      vertex   -1.776437e+00 -3.226754e+01 2.018726e+01
      vertex   -1.575829e+00 -3.208558e+01 2.009325e+01
      vertex   -1.575942e+00 -3.211958e+01 2.005344e+01
    endloop
  endfacet
  facet normal -7.052689e-01 5.153599e-01 -4.868264e-01
    outer loop
      vertex   -1.776437e+00 -3.226754e+01 2.018726e+01
      vertex   -1.575942e+00 -3.211958e+01 2.005344e+01
      vertex   -1.776534e+00 -3.229637e+01 2.015688e+01
    endloop
  endfacet
  facet normal -7.052690e-01 5.153607e-01 -4.868254e-01
    outer loop
      vertex   -1.776534e+00 -3.229637e+01 2.015688e+01
      vertex   -1.575942e+00 -3.211958e+01 2.005344e+01
      vertex   -1.576063e+00 -3.215562e+01 2.001546e+01
    endloop
  endfacet
  facet normal -7.053563e-01 4.891797e-01 -5.130065e-01
    outer loop
      vertex   -1.776534e+00 -3.229637e+01 2.015688e+01
      vertex   -1.576063e+00 -3.215562e+01 2.001546e+01
      vertex   -1.776635e+00 -3.232675e+01 2.012805e+01
    endloop
  endfacet
  facet normal -7.053569e-01 4.891826e-01 -5.130030e-01
    outer loop
      vertex   -1.776635e+00 -3.232675e+01 2.012805e+01
      vertex   -1.576063e+00 -3.215562e+01 2.001546e+01
      vertex   -1.576189e+00 -3.219359e+01 1.997942e+01
    endloop
  endfacet
  facet normal -7.054488e-01 4.616694e-01 -5.377762e-01
    outer loop
      vertex   -1.776635e+00 -3.232675e+01 2.012805e+01
      vertex   -1.576189e+00 -3.219359e+01 1.997942e+01
      vertex   -1.776741e+00 -3.235860e+01 2.010085e+01
    endloop
  endfacet
  facet normal -7.054479e-01 4.616638e-01 -5.377823e-01
    outer loop
      vertex   -1.776741e+00 -3.235860e+01 2.010085e+01
      vertex   -1.576189e+00 -3.219359e+01 1.997942e+01
      vertex   -1.576322e+00 -3.223340e+01 1.994542e+01
    endloop
  endfacet
  facet normal -7.055438e-01 4.328852e-01 -5.610868e-01
    outer loop
      vertex   -1.776741e+00 -3.235860e+01 2.010085e+01
      vertex   -1.576322e+00 -3.223340e+01 1.994542e+01
      vertex   -1.776852e+00 -3.239183e+01 2.007536e+01
    endloop
  endfacet
  facet normal -7.055448e-01 4.328914e-01 -5.610807e-01
    outer loop
      vertex   -1.776852e+00 -3.239183e+01 2.007536e+01
      vertex   -1.576322e+00 -3.223340e+01 1.994542e+01
      vertex   -1.576461e+00 -3.227494e+01 1.991355e+01
    endloop
  endfacet
  facet normal -7.056449e-01 4.029402e-01 -5.828417e-01
    outer loop
      vertex   -1.776852e+00 -3.239183e+01 2.007536e+01
      vertex   -1.576461e+00 -3.227494e+01 1.991355e+01
      vertex   -1.776967e+00 -3.242635e+01 2.005163e+01
    endloop
  endfacet
  facet normal -7.056443e-01 4.029365e-01 -5.828450e-01
    outer loop
      vertex   -1.776967e+00 -3.242635e+01 2.005163e+01
      vertex   -1.576461e+00 -3.227494e+01 1.991355e+01
      vertex   -1.576605e+00 -3.231809e+01 1.988390e+01
    endloop
  endfacet
  facet normal -7.057480e-01 3.718844e-01 -6.030106e-01
    outer loop
      vertex   -1.776967e+00 -3.242635e+01 2.005163e+01
      vertex   -1.576605e+00 -3.231809e+01 1.988390e+01
      vertex   -1.777087e+00 -3.246206e+01 2.002975e+01
    endloop
  endfacet
  facet normal -7.057477e-01 3.718822e-01 -6.030123e-01
    outer loop
      vertex   -1.777087e+00 -3.246206e+01 2.002975e+01
      vertex   -1.576605e+00 -3.231809e+01 1.988390e+01
      vertex   -1.576754e+00 -3.236272e+01 1.985654e+01
    endloop
  endfacet
  facet normal -7.058547e-01 3.398166e-01 -6.215254e-01
    outer loop
      vertex   -1.777087e+00 -3.246206e+01 2.002975e+01
      vertex   -1.576754e+00 -3.236272e+01 1.985654e+01
      vertex   -1.777210e+00 -3.249886e+01 2.000976e+01
    endloop
  endfacet
  facet normal -7.058548e-01 3.398171e-01 -6.215251e-01
    outer loop
      vertex   -1.777210e+00 -3.249886e+01 2.000976e+01
      vertex   -1.576754e+00 -3.236272e+01 1.985654e+01
      vertex   -1.576908e+00 -3.240873e+01 1.983156e+01
    endloop
  endfacet
  facet normal -7.059649e-01 3.068271e-01 -6.383344e-01
    outer loop
      vertex   -1.777210e+00 -3.249886e+01 2.000976e+01
      vertex   -1.576908e+00 -3.240873e+01 1.983156e+01
      vertex   -1.777336e+00 -3.253667e+01 1.999173e+01
    endloop
  endfacet
  facet normal -7.059654e-01 3.068313e-01 -6.383317e-01
    outer loop
      vertex   -1.777336e+00 -3.253667e+01 1.999173e+01
      vertex   -1.576908e+00 -3.240873e+01 1.983156e+01
      vertex   -1.577065e+00 -3.245599e+01 1.980902e+01
    endloop
  endfacet
  facet normal -7.060784e-01 2.730028e-01 -6.533933e-01
    outer loop
      vertex   -1.777336e+00 -3.253667e+01 1.999173e+01
      vertex   -1.577065e+00 -3.245599e+01 1.980902e+01
      vertex   -1.777465e+00 -3.257536e+01 1.997570e+01
    endloop
  endfacet
  facet normal -7.060780e-01 2.729998e-01 -6.533949e-01
    outer loop
      vertex   -1.777465e+00 -3.257536e+01 1.997570e+01
      vertex   -1.577065e+00 -3.245599e+01 1.980902e+01
      vertex   -1.577227e+00 -3.250436e+01 1.978899e+01
    endloop
  endfacet
  facet normal -7.061934e-01 2.384367e-01 -6.666625e-01
    outer loop
      vertex   -1.777465e+00 -3.257536e+01 1.997570e+01
      vertex   -1.577227e+00 -3.250436e+01 1.978899e+01
      vertex   -1.777597e+00 -3.261484e+01 1.996172e+01
    endloop
  endfacet
  facet normal -7.061934e-01 2.384372e-01 -6.666622e-01
    outer loop
      vertex   -1.777597e+00 -3.261484e+01 1.996172e+01
      vertex   -1.577227e+00 -3.250436e+01 1.978899e+01
      vertex   -1.577391e+00 -3.255371e+01 1.977151e+01
    endloop
  endfacet
  facet normal -7.063110e-01 2.032262e-01 -6.781031e-01
    outer loop
      vertex   -1.777597e+00 -3.261484e+01 1.996172e+01
      vertex   -1.577391e+00 -3.255371e+01 1.977151e+01
      vertex   -1.777731e+00 -3.265500e+01 1.994983e+01
    endloop
  endfacet
  facet normal -7.063104e-01 2.032211e-01 -6.781053e-01
    outer loop
      vertex   -1.777731e+00 -3.265500e+01 1.994983e+01
      vertex   -1.577391e+00 -3.255371e+01 1.977151e+01
      vertex   -1.577559e+00 -3.260390e+01 1.975664e+01
    endloop
  endfacet
  facet normal -7.064297e-01 1.674517e-01 -6.876896e-01
    outer loop
      vertex   -1.777731e+00 -3.265500e+01 1.994983e+01
      vertex   -1.577559e+00 -3.260390e+01 1.975664e+01
      vertex   -1.777867e+00 -3.269573e+01 1.994005e+01
    endloop
  endfacet
  facet normal -7.064307e-01 1.674594e-01 -6.876868e-01
    outer loop
      vertex   -1.777867e+00 -3.269573e+01 1.994005e+01
      vertex   -1.577559e+00 -3.260390e+01 1.975664e+01
      vertex   -1.577729e+00 -3.265481e+01 1.974442e+01
    endloop
  endfacet
  facet normal -7.065516e-01 1.312443e-01 -6.953846e-01
    outer loop
      vertex   -1.777867e+00 -3.269573e+01 1.994005e+01
      vertex   -1.577729e+00 -3.265481e+01 1.974442e+01
      vertex   -1.778004e+00 -3.273691e+01 1.993242e+01
    endloop
  endfacet
  facet normal -7.065516e-01 1.312447e-01 -6.953845e-01
    outer loop
      vertex   -1.778004e+00 -3.273691e+01 1.993242e+01
      vertex   -1.577729e+00 -3.265481e+01 1.974442e+01
      vertex   -1.577901e+00 -3.270629e+01 1.973488e+01
    endloop
  endfacet
  facet normal -7.066738e-01 9.467265e-02 -7.011770e-01
    outer loop
      vertex   -1.778004e+00 -3.273691e+01 1.993242e+01
      vertex   -1.577901e+00 -3.270629e+01 1.973488e+01
      vertex   -1.778143e+00 -3.277843e+01 1.992695e+01
    endloop
  endfacet
  facet normal -7.066736e-01 9.467109e-02 -7.011774e-01
    outer loop
      vertex   -1.778143e+00 -3.277843e+01 1.992695e+01
      vertex   -1.577901e+00 -3.270629e+01 1.973488e+01
      vertex   -1.578074e+00 -3.275819e+01 1.972805e+01
    endloop
  endfacet
  facet normal -7.067965e-01 5.784471e-02 -7.050480e-01
    outer loop
      vertex   -1.778143e+00 -3.277843e+01 1.992695e+01
      vertex   -1.578074e+00 -3.275819e+01 1.972805e+01
      vertex   -1.778282e+00 -3.282019e+01 1.992367e+01
    endloop
  endfacet
  facet normal -7.067967e-01 5.784630e-02 -7.050477e-01
    outer loop
      vertex   -1.778282e+00 -3.282019e+01 1.992367e+01
      vertex   -1.578074e+00 -3.275819e+01 1.972805e+01
      vertex   -1.578248e+00 -3.281039e+01 1.972394e+01
    endloop
  endfacet
  facet normal -7.069202e-01 2.087880e-02 -7.069851e-01
    outer loop
      vertex   -1.778282e+00 -3.282019e+01 1.992367e+01
      vertex   -1.578248e+00 -3.281039e+01 1.972394e+01
      vertex   -1.778422e+00 -3.286205e+01 1.992257e+01
    endloop
  endfacet
  facet normal -7.069194e-01 2.087246e-02 -7.069860e-01
    outer loop
      vertex   -1.778422e+00 -3.286205e+01 1.992257e+01
      vertex   -1.578248e+00 -3.281039e+01 1.972394e+01
      vertex   -1.578423e+00 -3.286272e+01 1.972257e+01
    endloop
  endfacet
  facet normal -7.047420e-01 7.094637e-01 6.954851e-17
    outer loop
      vertex   -1.575085e+00 -3.186273e+01 2.072257e+01
      vertex   -1.775751e+00 -3.206206e+01 2.072257e+01
      vertex   -1.575085e+00 -3.186273e+01 2.522257e+01
    endloop
  endfacet
  facet normal -7.047420e-01 7.094637e-01 1.030044e-16
    outer loop
      vertex   -1.575085e+00 -3.186273e+01 2.522257e+01
      vertex   -1.775751e+00 -3.206206e+01 2.072257e+01
      vertex   -1.775751e+00 -3.206206e+01 2.522257e+01
    endloop
  endfacet
  facet normal -7.093413e-01 -7.046220e-01 -1.851352e-02
    outer loop
      vertex   -1.729017e+00 -1.806214e+01 2.522257e+01
      vertex   -1.529685e+00 -1.826280e+01 2.522257e+01
      vertex   -1.729049e+00 -1.807173e+01 2.558892e+01
    endloop
  endfacet
  facet normal -7.093411e-01 -7.046222e-01 -1.851337e-02
    outer loop
      vertex   -1.729049e+00 -1.807173e+01 2.558892e+01
      vertex   -1.529685e+00 -1.826280e+01 2.522257e+01
      vertex   -1.529717e+00 -1.827212e+01 2.557845e+01
    endloop
  endfacet
  facet normal -7.093347e-01 -7.026844e-01 -5.548814e-02
    outer loop
      vertex   -1.729049e+00 -1.807173e+01 2.558892e+01
      vertex   -1.529717e+00 -1.827212e+01 2.557845e+01
      vertex   -1.729145e+00 -1.810048e+01 2.595427e+01
    endloop
  endfacet
  facet normal -7.093354e-01 -7.026836e-01 -5.548888e-02
    outer loop
      vertex   -1.729145e+00 -1.810048e+01 2.595427e+01
      vertex   -1.529717e+00 -1.827212e+01 2.557845e+01
      vertex   -1.529810e+00 -1.830005e+01 2.593336e+01
    endloop
  endfacet
  facet normal -7.093225e-01 -6.988134e-01 -9.231172e-02
    outer loop
      vertex   -1.729145e+00 -1.810048e+01 2.595427e+01
      vertex   -1.529810e+00 -1.830005e+01 2.593336e+01
      vertex   -1.729304e+00 -1.814832e+01 2.631761e+01
    endloop
  endfacet
  facet normal -7.093218e-01 -6.988142e-01 -9.231109e-02
    outer loop
      vertex   -1.729304e+00 -1.814832e+01 2.631761e+01
      vertex   -1.529810e+00 -1.830005e+01 2.593336e+01
      vertex   -1.529965e+00 -1.834652e+01 2.628632e+01
    endloop
  endfacet
  facet normal -7.093025e-01 -6.930219e-01 -1.288824e-01
    outer loop
      vertex   -1.729304e+00 -1.814832e+01 2.631761e+01
      vertex   -1.529965e+00 -1.834652e+01 2.628632e+01
      vertex   -1.729527e+00 -1.821510e+01 2.667795e+01
    endloop
  endfacet
  facet normal -7.093022e-01 -6.930222e-01 -1.288822e-01
    outer loop
      vertex   -1.729527e+00 -1.821510e+01 2.667795e+01
      vertex   -1.529965e+00 -1.834652e+01 2.628632e+01
      vertex   -1.530181e+00 -1.841140e+01 2.663637e+01
    endloop
  endfacet
  facet normal -7.092765e-01 -6.853241e-01 -1.650989e-01
    outer loop
      vertex   -1.729527e+00 -1.821510e+01 2.667795e+01
      vertex   -1.530181e+00 -1.841140e+01 2.663637e+01
      vertex   -1.729813e+00 -1.830065e+01 2.703430e+01
    endloop
  endfacet
  facet normal -7.092775e-01 -6.853229e-01 -1.650997e-01
    outer loop
      vertex   -1.729813e+00 -1.830065e+01 2.703430e+01
      vertex   -1.530181e+00 -1.841140e+01 2.663637e+01
      vertex   -1.530459e+00 -1.849451e+01 2.698254e+01
    endloop
  endfacet
  facet normal -7.092455e-01 -6.757402e-01 -2.008631e-01
    outer loop
      vertex   -1.729813e+00 -1.830065e+01 2.703430e+01
      vertex   -1.530459e+00 -1.849451e+01 2.698254e+01
      vertex   -1.730160e+00 -1.840474e+01 2.738569e+01
    endloop
  endfacet
  facet normal -7.092453e-01 -6.757405e-01 -2.008629e-01
    outer loop
      vertex   -1.730160e+00 -1.840474e+01 2.738569e+01
      vertex   -1.530459e+00 -1.849451e+01 2.698254e+01
      vertex   -1.530796e+00 -1.859562e+01 2.732388e+01
    endloop
  endfacet
  facet normal -7.092071e-01 -6.642984e-01 -2.360783e-01
    outer loop
      vertex   -1.730160e+00 -1.840474e+01 2.738569e+01
      vertex   -1.530796e+00 -1.859562e+01 2.732388e+01
      vertex   -1.730569e+00 -1.852707e+01 2.773114e+01
    endloop
  endfacet
  facet normal -7.092070e-01 -6.642984e-01 -2.360783e-01
    outer loop
      vertex   -1.730569e+00 -1.852707e+01 2.773114e+01
      vertex   -1.530796e+00 -1.859562e+01 2.732388e+01
      vertex   -1.531193e+00 -1.871445e+01 2.765947e+01
    endloop
  endfacet
  facet normal -7.091628e-01 -6.510300e-01 -2.706440e-01
    outer loop
      vertex   -1.730569e+00 -1.852707e+01 2.773114e+01
      vertex   -1.531193e+00 -1.871445e+01 2.765947e+01
      vertex   -1.731037e+00 -1.866731e+01 2.806973e+01
    endloop
  endfacet
  facet normal -7.091630e-01 -6.510296e-01 -2.706441e-01
    outer loop
      vertex   -1.731037e+00 -1.866731e+01 2.806973e+01
      vertex   -1.531193e+00 -1.871445e+01 2.765947e+01
      vertex   -1.531648e+00 -1.885069e+01 2.798838e+01
    endloop
  endfacet
  facet normal -7.091128e-01 -6.359697e-01 -3.044694e-01
    outer loop
      vertex   -1.731037e+00 -1.866731e+01 2.806973e+01
      vertex   -1.531648e+00 -1.885069e+01 2.798838e+01
      vertex   -1.731564e+00 -1.882509e+01 2.840050e+01
    endloop
  endfacet
  facet normal -7.091123e-01 -6.359703e-01 -3.044692e-01
    outer loop
      vertex   -1.731564e+00 -1.882509e+01 2.840050e+01
      vertex   -1.531648e+00 -1.885069e+01 2.798838e+01
      vertex   -1.532160e+00 -1.900395e+01 2.830970e+01
    endloop
  endfacet
  facet normal -7.090562e-01 -6.191605e-01 -3.374605e-01
    outer loop
      vertex   -1.731564e+00 -1.882509e+01 2.840050e+01
      vertex   -1.532160e+00 -1.900395e+01 2.830970e+01
      vertex   -1.732147e+00 -1.899995e+01 2.872257e+01
    endloop
  endfacet
  facet normal -7.090560e-01 -6.191608e-01 -3.374604e-01
    outer loop
      vertex   -1.732147e+00 -1.899995e+01 2.872257e+01
      vertex   -1.532160e+00 -1.900395e+01 2.830970e+01
      vertex   -1.532727e+00 -1.917383e+01 2.862257e+01
    endloop
  endfacet
  facet normal -7.089942e-01 -6.006482e-01 -3.695253e-01
    outer loop
      vertex   -1.732147e+00 -1.899995e+01 2.872257e+01
      vertex   -1.532727e+00 -1.917383e+01 2.862257e+01
      vertex   -1.732787e+00 -1.919144e+01 2.903504e+01
    endloop
  endfacet
  facet normal -7.089947e-01 -6.006475e-01 -3.695255e-01
    outer loop
      vertex   -1.732787e+00 -1.919144e+01 2.903504e+01
      vertex   -1.532727e+00 -1.917383e+01 2.862257e+01
      vertex   -1.533348e+00 -1.935984e+01 2.892611e+01
    endloop
  endfacet
  facet normal -7.089274e-01 -5.804813e-01 -4.005788e-01
    outer loop
      vertex   -1.732787e+00 -1.919144e+01 2.903504e+01
      vertex   -1.533348e+00 -1.935984e+01 2.892611e+01
      vertex   -1.733479e+00 -1.939901e+01 2.933707e+01
    endloop
  endfacet
  facet normal -7.089270e-01 -5.804819e-01 -4.005786e-01
    outer loop
      vertex   -1.733479e+00 -1.939901e+01 2.933707e+01
      vertex   -1.533348e+00 -1.935984e+01 2.892611e+01
      vertex   -1.534021e+00 -1.956148e+01 2.921951e+01
    endloop
  endfacet
  facet normal -7.088544e-01 -5.587188e-01 -4.305332e-01
    outer loop
      vertex   -1.733479e+00 -1.939901e+01 2.933707e+01
      vertex   -1.534021e+00 -1.956148e+01 2.921951e+01
      vertex   -1.734224e+00 -1.962211e+01 2.962781e+01
    endloop
  endfacet
  facet normal -7.088541e-01 -5.587192e-01 -4.305331e-01
    outer loop
      vertex   -1.734224e+00 -1.962211e+01 2.962781e+01
      vertex   -1.534021e+00 -1.956148e+01 2.921951e+01
      vertex   -1.534744e+00 -1.977820e+01 2.950195e+01
    endloop
  endfacet
  facet normal -7.087763e-01 -5.354179e-01 -4.593079e-01
    outer loop
      vertex   -1.734224e+00 -1.962211e+01 2.962781e+01
      vertex   -1.534744e+00 -1.977820e+01 2.950195e+01
      vertex   -1.735019e+00 -1.986011e+01 2.990648e+01
    endloop
  endfacet
  facet normal -7.087772e-01 -5.354165e-01 -4.593081e-01
    outer loop
      vertex   -1.735019e+00 -1.986011e+01 2.990648e+01
      vertex   -1.534744e+00 -1.977820e+01 2.950195e+01
      vertex   -1.535516e+00 -2.000941e+01 2.977266e+01
    endloop
  endfacet
  facet normal -7.086945e-01 -5.106419e-01 -4.868233e-01
    outer loop
      vertex   -1.735019e+00 -1.986011e+01 2.990648e+01
      vertex   -1.535516e+00 -2.000941e+01 2.977266e+01
      vertex   -1.735861e+00 -2.011238e+01 3.017232e+01
    endloop
  endfacet
  facet normal -7.086940e-01 -5.106427e-01 -4.868232e-01
    outer loop
      vertex   -1.735861e+00 -2.011238e+01 3.017232e+01
      vertex   -1.535516e+00 -2.000941e+01 2.977266e+01
      vertex   -1.536334e+00 -2.025447e+01 3.003089e+01
    endloop
  endfacet
  facet normal -7.086066e-01 -4.844609e-01 -5.130052e-01
    outer loop
      vertex   -1.735861e+00 -2.011238e+01 3.017232e+01
      vertex   -1.536334e+00 -2.025447e+01 3.003089e+01
      vertex   -1.736748e+00 -2.037821e+01 3.042458e+01
    endloop
  endfacet
  facet normal -7.086071e-01 -4.844601e-01 -5.130052e-01
    outer loop
      vertex   -1.736748e+00 -2.037821e+01 3.042458e+01
      vertex   -1.536334e+00 -2.025447e+01 3.003089e+01
      vertex   -1.537196e+00 -2.051270e+01 3.027595e+01
    endloop
  endfacet
  facet normal -7.085153e-01 -4.569447e-01 -5.377803e-01
    outer loop
      vertex   -1.736748e+00 -2.037821e+01 3.042458e+01
      vertex   -1.537196e+00 -2.051270e+01 3.027595e+01
      vertex   -1.737679e+00 -2.065688e+01 3.066259e+01
    endloop
  endfacet
  facet normal -7.085144e-01 -4.569461e-01 -5.377803e-01
    outer loop
      vertex   -1.737679e+00 -2.065688e+01 3.066259e+01
      vertex   -1.537196e+00 -2.051270e+01 3.027595e+01
      vertex   -1.538100e+00 -2.078341e+01 3.050716e+01
    endloop
  endfacet
  facet normal -7.084183e-01 -4.281709e-01 -5.610822e-01
    outer loop
      vertex   -1.737679e+00 -2.065688e+01 3.066259e+01
      vertex   -1.538100e+00 -2.078341e+01 3.050716e+01
      vertex   -1.738649e+00 -2.094762e+01 3.088569e+01
    endloop
  endfacet
  facet normal -7.084186e-01 -4.281705e-01 -5.610822e-01
    outer loop
      vertex   -1.738649e+00 -2.094762e+01 3.088569e+01
      vertex   -1.538100e+00 -2.078341e+01 3.050716e+01
      vertex   -1.539043e+00 -2.106585e+01 3.072388e+01
    endloop
  endfacet
  facet normal -7.083186e-01 -3.982167e-01 -5.828450e-01
    outer loop
      vertex   -1.738649e+00 -2.094762e+01 3.088569e+01
      vertex   -1.539043e+00 -2.106585e+01 3.072388e+01
      vertex   -1.739657e+00 -2.124965e+01 3.109326e+01
    endloop
  endfacet
  facet normal -7.083190e-01 -3.982161e-01 -5.828449e-01
    outer loop
      vertex   -1.739657e+00 -2.124965e+01 3.109326e+01
      vertex   -1.539043e+00 -2.106585e+01 3.072388e+01
      vertex   -1.540022e+00 -2.135924e+01 3.092553e+01
    endloop
  endfacet
  facet normal -7.082153e-01 -3.671629e-01 -6.030112e-01
    outer loop
      vertex   -1.739657e+00 -2.124965e+01 3.109326e+01
      vertex   -1.540022e+00 -2.135924e+01 3.092553e+01
      vertex   -1.740700e+00 -2.156212e+01 3.128475e+01
    endloop
  endfacet
  facet normal -7.082148e-01 -3.671637e-01 -6.030113e-01
    outer loop
      vertex   -1.740700e+00 -2.156212e+01 3.128475e+01
      vertex   -1.540022e+00 -2.135924e+01 3.092553e+01
      vertex   -1.541035e+00 -2.166278e+01 3.111154e+01
    endloop
  endfacet
  facet normal -7.081077e-01 -3.350986e-01 -6.215242e-01
    outer loop
      vertex   -1.740700e+00 -2.156212e+01 3.128475e+01
      vertex   -1.541035e+00 -2.166278e+01 3.111154e+01
      vertex   -1.741776e+00 -2.188418e+01 3.145961e+01
    endloop
  endfacet
  facet normal -7.081079e-01 -3.350983e-01 -6.215241e-01
    outer loop
      vertex   -1.741776e+00 -2.188418e+01 3.145961e+01
      vertex   -1.541035e+00 -2.166278e+01 3.111154e+01
      vertex   -1.542080e+00 -2.197565e+01 3.128141e+01
    endloop
  endfacet
  facet normal -7.079978e-01 -3.021079e-01 -6.383337e-01
    outer loop
      vertex   -1.741776e+00 -2.188418e+01 3.145961e+01
      vertex   -1.542080e+00 -2.197565e+01 3.128141e+01
      vertex   -1.742880e+00 -2.221496e+01 3.161739e+01
    endloop
  endfacet
  facet normal -7.079983e-01 -3.021072e-01 -6.383335e-01
    outer loop
      vertex   -1.742880e+00 -2.221496e+01 3.161739e+01
      vertex   -1.542080e+00 -2.197565e+01 3.128141e+01
      vertex   -1.543152e+00 -2.229697e+01 3.143468e+01
    endloop
  endfacet
  facet normal -7.078853e-01 -2.682823e-01 -6.533934e-01
    outer loop
      vertex   -1.742880e+00 -2.221496e+01 3.161739e+01
      vertex   -1.543152e+00 -2.229697e+01 3.143468e+01
      vertex   -1.744010e+00 -2.255354e+01 3.175763e+01
    endloop
  endfacet
  facet normal -7.078851e-01 -2.682827e-01 -6.533936e-01
    outer loop
      vertex   -1.744010e+00 -2.255354e+01 3.175763e+01
      vertex   -1.543152e+00 -2.229697e+01 3.143468e+01
      vertex   -1.544250e+00 -2.262588e+01 3.157092e+01
    endloop
  endfacet
  facet normal -7.077697e-01 -2.337170e-01 -6.666622e-01
    outer loop
      vertex   -1.744010e+00 -2.255354e+01 3.175763e+01
      vertex   -1.544250e+00 -2.262588e+01 3.157092e+01
      vertex   -1.745163e+00 -2.289899e+01 3.187996e+01
    endloop
  endfacet
  facet normal -7.077697e-01 -2.337169e-01 -6.666622e-01
    outer loop
      vertex   -1.745163e+00 -2.289899e+01 3.187996e+01
      vertex   -1.544250e+00 -2.262588e+01 3.157092e+01
      vertex   -1.545371e+00 -2.296146e+01 3.168975e+01
    endloop
  endfacet
  facet normal -7.076522e-01 -1.985020e-01 -6.781042e-01
    outer loop
      vertex   -1.745163e+00 -2.289899e+01 3.187996e+01
      vertex   -1.545371e+00 -2.296146e+01 3.168975e+01
      vertex   -1.746336e+00 -2.325037e+01 3.198405e+01
    endloop
  endfacet
  facet normal -7.076524e-01 -1.985017e-01 -6.781041e-01
    outer loop
      vertex   -1.746336e+00 -2.325037e+01 3.198405e+01
      vertex   -1.545371e+00 -2.296146e+01 3.168975e+01
      vertex   -1.546510e+00 -2.330281e+01 3.179086e+01
    endloop
  endfacet
  facet normal -7.075330e-01 -1.627377e-01 -6.876871e-01
    outer loop
      vertex   -1.746336e+00 -2.325037e+01 3.198405e+01
      vertex   -1.546510e+00 -2.330281e+01 3.179086e+01
      vertex   -1.747526e+00 -2.360672e+01 3.206960e+01
    endloop
  endfacet
  facet normal -7.075320e-01 -1.627390e-01 -6.876878e-01
    outer loop
      vertex   -1.747526e+00 -2.360672e+01 3.206960e+01
      vertex   -1.546510e+00 -2.330281e+01 3.179086e+01
      vertex   -1.547666e+00 -2.364897e+01 3.187397e+01
    endloop
  endfacet
  facet normal -7.074111e-01 -1.265217e-01 -6.953861e-01
    outer loop
      vertex   -1.747526e+00 -2.360672e+01 3.206960e+01
      vertex   -1.547666e+00 -2.364897e+01 3.187397e+01
      vertex   -1.748729e+00 -2.396706e+01 3.213639e+01
    endloop
  endfacet
  facet normal -7.074114e-01 -1.265214e-01 -6.953858e-01
    outer loop
      vertex   -1.748729e+00 -2.396706e+01 3.213639e+01
      vertex   -1.547666e+00 -2.364897e+01 3.187397e+01
      vertex   -1.548834e+00 -2.399902e+01 3.193885e+01
    endloop
  endfacet
  facet normal -7.072893e-01 -8.995124e-02 -7.011780e-01
    outer loop
      vertex   -1.748729e+00 -2.396706e+01 3.213639e+01
      vertex   -1.548834e+00 -2.399902e+01 3.193885e+01
      vertex   -1.749942e+00 -2.433040e+01 3.218422e+01
    endloop
  endfacet
  facet normal -7.072900e-01 -8.995043e-02 -7.011775e-01
    outer loop
      vertex   -1.749942e+00 -2.433040e+01 3.218422e+01
      vertex   -1.548834e+00 -2.399902e+01 3.193885e+01
      vertex   -1.550012e+00 -2.435198e+01 3.198532e+01
    endloop
  endfacet
  facet normal -7.071670e-01 -5.312772e-02 -7.050477e-01
    outer loop
      vertex   -1.749942e+00 -2.433040e+01 3.218422e+01
      vertex   -1.550012e+00 -2.435198e+01 3.198532e+01
      vertex   -1.751161e+00 -2.469575e+01 3.221298e+01
    endloop
  endfacet
  facet normal -7.071663e-01 -5.312858e-02 -7.050483e-01
    outer loop
      vertex   -1.751161e+00 -2.469575e+01 3.221298e+01
      vertex   -1.550012e+00 -2.435198e+01 3.198532e+01
      vertex   -1.551197e+00 -2.470688e+01 3.201325e+01
    endloop
  endfacet
  facet normal -7.070429e-01 -1.615337e-02 -7.069862e-01
    outer loop
      vertex   -1.751161e+00 -2.469575e+01 3.221298e+01
      vertex   -1.551197e+00 -2.470688e+01 3.201325e+01
      vertex   -1.752384e+00 -2.506210e+01 3.222257e+01
    endloop
  endfacet
  facet normal -7.070430e-01 -1.615321e-02 -7.069860e-01
    outer loop
      vertex   -1.752384e+00 -2.506210e+01 3.222257e+01
      vertex   -1.551197e+00 -2.470688e+01 3.201325e+01
      vertex   -1.552385e+00 -2.506277e+01 3.202257e+01
    endloop
  endfacet
  facet normal -7.069194e-01 2.087347e-02 -7.069860e-01
    outer loop
      vertex   -1.752384e+00 -2.506210e+01 3.222257e+01
      vertex   -1.552385e+00 -2.506277e+01 3.202257e+01
      vertex   -1.753607e+00 -2.542845e+01 3.221298e+01
    endloop
  endfacet
  facet normal -7.069193e-01 2.087332e-02 -7.069862e-01
    outer loop
      vertex   -1.753607e+00 -2.542845e+01 3.221298e+01
      vertex   -1.552385e+00 -2.506277e+01 3.202257e+01
      vertex   -1.553573e+00 -2.541865e+01 3.201325e+01
    endloop
  endfacet
  facet normal -7.067959e-01 5.784788e-02 -7.050484e-01
    outer loop
      vertex   -1.753607e+00 -2.542845e+01 3.221298e+01
      vertex   -1.553573e+00 -2.541865e+01 3.201325e+01
      vertex   -1.754827e+00 -2.579379e+01 3.218422e+01
    endloop
  endfacet
  facet normal -7.067966e-01 5.784863e-02 -7.050476e-01
    outer loop
      vertex   -1.754827e+00 -2.579379e+01 3.218422e+01
      vertex   -1.553573e+00 -2.541865e+01 3.201325e+01
      vertex   -1.554758e+00 -2.577355e+01 3.198532e+01
    endloop
  endfacet
  facet normal -7.066737e-01 9.467126e-02 -7.011774e-01
    outer loop
      vertex   -1.754827e+00 -2.579379e+01 3.218422e+01
      vertex   -1.554758e+00 -2.577355e+01 3.198532e+01
      vertex   -1.756040e+00 -2.615713e+01 3.213639e+01
    endloop
  endfacet
  facet normal -7.066730e-01 9.467062e-02 -7.011781e-01
    outer loop
      vertex   -1.756040e+00 -2.615713e+01 3.213639e+01
      vertex   -1.554758e+00 -2.577355e+01 3.198532e+01
      vertex   -1.555936e+00 -2.612651e+01 3.193885e+01
    endloop
  endfacet
  facet normal -7.065509e-01 1.312418e-01 -6.953858e-01
    outer loop
      vertex   -1.756040e+00 -2.615713e+01 3.213639e+01
      vertex   -1.555936e+00 -2.612651e+01 3.193885e+01
      vertex   -1.757242e+00 -2.651747e+01 3.206960e+01
    endloop
  endfacet
  facet normal -7.065506e-01 1.312415e-01 -6.953861e-01
    outer loop
      vertex   -1.757242e+00 -2.651747e+01 3.206960e+01
      vertex   -1.555936e+00 -2.612651e+01 3.193885e+01
      vertex   -1.557105e+00 -2.647656e+01 3.187397e+01
    endloop
  endfacet
  facet normal -7.064298e-01 1.674580e-01 -6.876880e-01
    outer loop
      vertex   -1.757242e+00 -2.651747e+01 3.206960e+01
      vertex   -1.557105e+00 -2.647656e+01 3.187397e+01
      vertex   -1.758432e+00 -2.687382e+01 3.198405e+01
    endloop
  endfacet
  facet normal -7.064308e-01 1.674589e-01 -6.876868e-01
    outer loop
      vertex   -1.758432e+00 -2.687382e+01 3.198405e+01
      vertex   -1.557105e+00 -2.647656e+01 3.187397e+01
      vertex   -1.558260e+00 -2.682272e+01 3.179086e+01
    endloop
  endfacet
  facet normal -7.063114e-01 2.032221e-01 -6.781040e-01
    outer loop
      vertex   -1.758432e+00 -2.687382e+01 3.198405e+01
      vertex   -1.558260e+00 -2.682272e+01 3.179086e+01
      vertex   -1.759605e+00 -2.722520e+01 3.187996e+01
    endloop
  endfacet
  facet normal -7.063111e-01 2.032219e-01 -6.781043e-01
    outer loop
      vertex   -1.759605e+00 -2.722520e+01 3.187996e+01
      vertex   -1.558260e+00 -2.682272e+01 3.179086e+01
      vertex   -1.559400e+00 -2.716407e+01 3.168975e+01
    endloop
  endfacet
  facet normal -7.061936e-01 2.384371e-01 -6.666621e-01
    outer loop
      vertex   -1.759605e+00 -2.722520e+01 3.187996e+01
      vertex   -1.559400e+00 -2.716407e+01 3.168975e+01
      vertex   -1.760758e+00 -2.757066e+01 3.175763e+01
    endloop
  endfacet
  facet normal -7.061935e-01 2.384370e-01 -6.666622e-01
    outer loop
      vertex   -1.760758e+00 -2.757066e+01 3.175763e+01
      vertex   -1.559400e+00 -2.716407e+01 3.168975e+01
      vertex   -1.560520e+00 -2.749965e+01 3.157092e+01
    endloop
  endfacet
  facet normal -7.060781e-01 2.730025e-01 -6.533937e-01
    outer loop
      vertex   -1.760758e+00 -2.757066e+01 3.175763e+01
      vertex   -1.560520e+00 -2.749965e+01 3.157092e+01
      vertex   -1.761888e+00 -2.790924e+01 3.161739e+01
    endloop
  endfacet
  facet normal -7.060784e-01 2.730027e-01 -6.533933e-01
    outer loop
      vertex   -1.761888e+00 -2.790924e+01 3.161739e+01
      vertex   -1.560520e+00 -2.749965e+01 3.157092e+01
      vertex   -1.561618e+00 -2.782856e+01 3.143468e+01
    endloop
  endfacet
  facet normal -7.059655e-01 3.068278e-01 -6.383333e-01
    outer loop
      vertex   -1.761888e+00 -2.790924e+01 3.161739e+01
      vertex   -1.561618e+00 -2.782856e+01 3.143468e+01
      vertex   -1.762993e+00 -2.824001e+01 3.145961e+01
    endloop
  endfacet
  facet normal -7.059651e-01 3.068275e-01 -6.383339e-01
    outer loop
      vertex   -1.762993e+00 -2.824001e+01 3.145961e+01
      vertex   -1.561618e+00 -2.782856e+01 3.143468e+01
      vertex   -1.562691e+00 -2.814988e+01 3.128141e+01
    endloop
  endfacet
  facet normal -7.058549e-01 3.398186e-01 -6.215240e-01
    outer loop
      vertex   -1.762993e+00 -2.824001e+01 3.145961e+01
      vertex   -1.562691e+00 -2.814988e+01 3.128141e+01
      vertex   -1.764068e+00 -2.856208e+01 3.128475e+01
    endloop
  endfacet
  facet normal -7.058547e-01 3.398185e-01 -6.215243e-01
    outer loop
      vertex   -1.764068e+00 -2.856208e+01 3.128475e+01
      vertex   -1.562691e+00 -2.814988e+01 3.128141e+01
      vertex   -1.563735e+00 -2.846275e+01 3.111154e+01
    endloop
  endfacet
  facet normal -7.057477e-01 3.718833e-01 -6.030117e-01
    outer loop
      vertex   -1.764068e+00 -2.856208e+01 3.128475e+01
      vertex   -1.563735e+00 -2.846275e+01 3.111154e+01
      vertex   -1.765111e+00 -2.887455e+01 3.109326e+01
    endloop
  endfacet
  facet normal -7.057482e-01 3.718835e-01 -6.030109e-01
    outer loop
      vertex   -1.765111e+00 -2.887455e+01 3.109326e+01
      vertex   -1.563735e+00 -2.846275e+01 3.111154e+01
      vertex   -1.564748e+00 -2.876629e+01 3.092553e+01
    endloop
  endfacet
  facet normal -7.056446e-01 4.029366e-01 -5.828446e-01
    outer loop
      vertex   -1.765111e+00 -2.887455e+01 3.109326e+01
      vertex   -1.564748e+00 -2.876629e+01 3.092553e+01
      vertex   -1.766119e+00 -2.917657e+01 3.088569e+01
    endloop
  endfacet
  facet normal -7.056441e-01 4.029364e-01 -5.828452e-01
    outer loop
      vertex   -1.766119e+00 -2.917657e+01 3.088569e+01
      vertex   -1.564748e+00 -2.876629e+01 3.092553e+01
      vertex   -1.565728e+00 -2.905968e+01 3.072388e+01
    endloop
  endfacet
  facet normal -7.055442e-01 4.328908e-01 -5.610820e-01
    outer loop
      vertex   -1.766119e+00 -2.917657e+01 3.088569e+01
      vertex   -1.565728e+00 -2.905968e+01 3.072388e+01
      vertex   -1.767090e+00 -2.946732e+01 3.066259e+01
    endloop
  endfacet
  facet normal -7.055439e-01 4.328907e-01 -5.610824e-01
    outer loop
      vertex   -1.767090e+00 -2.946732e+01 3.066259e+01
      vertex   -1.565728e+00 -2.905968e+01 3.072388e+01
      vertex   -1.566671e+00 -2.934212e+01 3.050716e+01
    endloop
  endfacet
  facet normal -7.054478e-01 4.616654e-01 -5.377810e-01
    outer loop
      vertex   -1.767090e+00 -2.946732e+01 3.066259e+01
      vertex   -1.566671e+00 -2.934212e+01 3.050716e+01
      vertex   -1.768020e+00 -2.974599e+01 3.042458e+01
    endloop
  endfacet
  facet normal -7.054488e-01 4.616656e-01 -5.377796e-01
    outer loop
      vertex   -1.768020e+00 -2.974599e+01 3.042458e+01
      vertex   -1.566671e+00 -2.934212e+01 3.050716e+01
      vertex   -1.567574e+00 -2.961283e+01 3.027595e+01
    endloop
  endfacet
  facet normal -7.053569e-01 4.891806e-01 -5.130048e-01
    outer loop
      vertex   -1.768020e+00 -2.974599e+01 3.042458e+01
      vertex   -1.567574e+00 -2.961283e+01 3.027595e+01
      vertex   -1.768907e+00 -3.001182e+01 3.017232e+01
    endloop
  endfacet
  facet normal -7.053564e-01 4.891806e-01 -5.130056e-01
    outer loop
      vertex   -1.768907e+00 -3.001182e+01 3.017232e+01
      vertex   -1.567574e+00 -2.961283e+01 3.027595e+01
      vertex   -1.568436e+00 -2.987106e+01 3.003089e+01
    endloop
  endfacet
  facet normal -7.052690e-01 5.153624e-01 -4.868237e-01
    outer loop
      vertex   -1.768907e+00 -3.001182e+01 3.017232e+01
      vertex   -1.568436e+00 -2.987106e+01 3.003089e+01
      vertex   -1.769749e+00 -3.026408e+01 2.990648e+01
    endloop
  endfacet
  facet normal -7.052695e-01 5.153624e-01 -4.868228e-01
    outer loop
      vertex   -1.769749e+00 -3.026408e+01 2.990648e+01
      vertex   -1.568436e+00 -2.987106e+01 3.003089e+01
      vertex   -1.569254e+00 -3.011612e+01 2.977266e+01
    endloop
  endfacet
  facet normal -7.051868e-01 5.401373e-01 -4.593073e-01
    outer loop
      vertex   -1.769749e+00 -3.026408e+01 2.990648e+01
      vertex   -1.569254e+00 -3.011612e+01 2.977266e+01
      vertex   -1.770544e+00 -3.050209e+01 2.962781e+01
    endloop
  endfacet
  facet normal -7.051859e-01 5.401374e-01 -4.593087e-01
    outer loop
      vertex   -1.770544e+00 -3.050209e+01 2.962781e+01
      vertex   -1.569254e+00 -3.011612e+01 2.977266e+01
      vertex   -1.570026e+00 -3.034733e+01 2.950195e+01
    endloop
  endfacet
  facet normal -7.051081e-01 5.634391e-01 -4.305333e-01
    outer loop
      vertex   -1.770544e+00 -3.050209e+01 2.962781e+01
      vertex   -1.570026e+00 -3.034733e+01 2.950195e+01
      vertex   -1.771289e+00 -3.072518e+01 2.933707e+01
    endloop
  endfacet
  facet normal -7.051084e-01 5.634391e-01 -4.305329e-01
    outer loop
      vertex   -1.771289e+00 -3.072518e+01 2.933707e+01
      vertex   -1.570026e+00 -3.034733e+01 2.950195e+01
      vertex   -1.570750e+00 -3.056405e+01 2.921951e+01
    endloop
  endfacet
  facet normal -7.050357e-01 5.852018e-01 -4.005790e-01
    outer loop
      vertex   -1.771289e+00 -3.072518e+01 2.933707e+01
      vertex   -1.570750e+00 -3.056405e+01 2.921951e+01
      vertex   -1.771982e+00 -3.093276e+01 2.903504e+01
    endloop
  endfacet
  facet normal -7.050361e-01 5.852017e-01 -4.005784e-01
    outer loop
      vertex   -1.771982e+00 -3.093276e+01 2.903504e+01
      vertex   -1.570750e+00 -3.056405e+01 2.921951e+01
      vertex   -1.571423e+00 -3.076569e+01 2.892611e+01
    endloop
  endfacet
  facet normal -7.049688e-01 6.053679e-01 -3.695250e-01
    outer loop
      vertex   -1.771982e+00 -3.093276e+01 2.903504e+01
      vertex   -1.571423e+00 -3.076569e+01 2.892611e+01
      vertex   -1.772621e+00 -3.112424e+01 2.872257e+01
    endloop
  endfacet
  facet normal -7.049682e-01 6.053680e-01 -3.695258e-01
    outer loop
      vertex   -1.772621e+00 -3.112424e+01 2.872257e+01
      vertex   -1.571423e+00 -3.076569e+01 2.892611e+01
      vertex   -1.572044e+00 -3.095171e+01 2.862257e+01
    endloop
  endfacet
  facet normal -7.049064e-01 6.238808e-01 -3.374606e-01
    outer loop
      vertex   -1.772621e+00 -3.112424e+01 2.872257e+01
      vertex   -1.572044e+00 -3.095171e+01 2.862257e+01
      vertex   -1.773205e+00 -3.129911e+01 2.840050e+01
    endloop
  endfacet
  facet normal -7.049067e-01 6.238807e-01 -3.374603e-01
    outer loop
      vertex   -1.773205e+00 -3.129911e+01 2.840050e+01
      vertex   -1.572044e+00 -3.095171e+01 2.862257e+01
      vertex   -1.572611e+00 -3.112158e+01 2.830970e+01
    endloop
  endfacet
  facet normal -7.048506e-01 6.406902e-01 -3.044696e-01
    outer loop
      vertex   -1.773205e+00 -3.129911e+01 2.840050e+01
      vertex   -1.572611e+00 -3.112158e+01 2.830970e+01
      vertex   -1.773731e+00 -3.145688e+01 2.806973e+01
    endloop
  endfacet
  facet normal -7.048510e-01 6.406900e-01 -3.044690e-01
    outer loop
      vertex   -1.773731e+00 -3.145688e+01 2.806973e+01
      vertex   -1.572611e+00 -3.112158e+01 2.830970e+01
      vertex   -1.573122e+00 -3.127484e+01 2.798838e+01
    endloop
  endfacet
  facet normal -7.048007e-01 6.557498e-01 -2.706439e-01
    outer loop
      vertex   -1.773731e+00 -3.145688e+01 2.806973e+01
      vertex   -1.573122e+00 -3.127484e+01 2.798838e+01
      vertex   -1.774199e+00 -3.159712e+01 2.773114e+01
    endloop
  endfacet
  facet normal -7.048004e-01 6.557500e-01 -2.706442e-01
    outer loop
      vertex   -1.774199e+00 -3.159712e+01 2.773114e+01
      vertex   -1.573122e+00 -3.127484e+01 2.798838e+01
      vertex   -1.573577e+00 -3.141108e+01 2.765947e+01
    endloop
  endfacet
  facet normal -7.047562e-01 6.690185e-01 -2.360783e-01
    outer loop
      vertex   -1.774199e+00 -3.159712e+01 2.773114e+01
      vertex   -1.573577e+00 -3.141108e+01 2.765947e+01
      vertex   -1.774608e+00 -3.171946e+01 2.738569e+01
    endloop
  endfacet
  facet normal -7.047562e-01 6.690185e-01 -2.360783e-01
    outer loop
      vertex   -1.774608e+00 -3.171946e+01 2.738569e+01
      vertex   -1.573577e+00 -3.141108e+01 2.765947e+01
      vertex   -1.573974e+00 -3.152991e+01 2.732388e+01
    endloop
  endfacet
  facet normal -7.047180e-01 6.804605e-01 -2.008632e-01
    outer loop
      vertex   -1.774608e+00 -3.171946e+01 2.738569e+01
      vertex   -1.573974e+00 -3.152991e+01 2.732388e+01
      vertex   -1.774955e+00 -3.182354e+01 2.703430e+01
    endloop
  endfacet
  facet normal -7.047183e-01 6.804604e-01 -2.008629e-01
    outer loop
      vertex   -1.774955e+00 -3.182354e+01 2.703430e+01
      vertex   -1.573974e+00 -3.152991e+01 2.732388e+01
      vertex   -1.574311e+00 -3.163102e+01 2.698254e+01
    endloop
  endfacet
  facet normal -7.046863e-01 6.900433e-01 -1.650987e-01
    outer loop
      vertex   -1.774955e+00 -3.182354e+01 2.703430e+01
      vertex   -1.574311e+00 -3.163102e+01 2.698254e+01
      vertex   -1.775241e+00 -3.190909e+01 2.667795e+01
    endloop
  endfacet
  facet normal -7.046852e-01 6.900440e-01 -1.651000e-01
    outer loop
      vertex   -1.775241e+00 -3.190909e+01 2.667795e+01
      vertex   -1.574311e+00 -3.163102e+01 2.698254e+01
      vertex   -1.574589e+00 -3.171413e+01 2.663637e+01
    endloop
  endfacet
  facet normal -7.046595e-01 6.977422e-01 -1.288825e-01
    outer loop
      vertex   -1.775241e+00 -3.190909e+01 2.667795e+01
      vertex   -1.574589e+00 -3.171413e+01 2.663637e+01
      vertex   -1.775464e+00 -3.197588e+01 2.631761e+01
    endloop
  endfacet
  facet normal -7.046598e-01 6.977420e-01 -1.288821e-01
    outer loop
      vertex   -1.775464e+00 -3.197588e+01 2.631761e+01
      vertex   -1.574589e+00 -3.171413e+01 2.663637e+01
      vertex   -1.574805e+00 -3.177901e+01 2.628632e+01
    endloop
  endfacet
  facet normal -7.046405e-01 7.035342e-01 -9.231181e-02
    outer loop
      vertex   -1.775464e+00 -3.197588e+01 2.631761e+01
      vertex   -1.574805e+00 -3.177901e+01 2.628632e+01
      vertex   -1.775623e+00 -3.202371e+01 2.595427e+01
    endloop
  endfacet
  facet normal -7.046411e-01 7.035336e-01 -9.231100e-02
    outer loop
      vertex   -1.775623e+00 -3.202371e+01 2.595427e+01
      vertex   -1.574805e+00 -3.177901e+01 2.628632e+01
      vertex   -1.574961e+00 -3.182548e+01 2.593336e+01
    endloop
  endfacet
  facet normal -7.046282e-01 7.074038e-01 -5.548808e-02
    outer loop
      vertex   -1.775623e+00 -3.202371e+01 2.595427e+01
      vertex   -1.574961e+00 -3.182548e+01 2.593336e+01
      vertex   -1.775719e+00 -3.205247e+01 2.558892e+01
    endloop
  endfacet
  facet normal -7.046275e-01 7.074045e-01 -5.548894e-02
    outer loop
      vertex   -1.775719e+00 -3.205247e+01 2.558892e+01
      vertex   -1.574961e+00 -3.182548e+01 2.593336e+01
      vertex   -1.575054e+00 -3.185341e+01 2.557845e+01
    endloop
  endfacet
  facet normal -7.046210e-01 7.093423e-01 -1.851353e-02
    outer loop
      vertex   -1.775719e+00 -3.205247e+01 2.558892e+01
      vertex   -1.575054e+00 -3.185341e+01 2.557845e+01
      vertex   -1.775751e+00 -3.206206e+01 2.522257e+01
    endloop
  endfacet
  facet normal -7.046212e-01 7.093421e-01 -1.851336e-02
    outer loop
      vertex   -1.775751e+00 -3.206206e+01 2.522257e+01
      vertex   -1.575054e+00 -3.185341e+01 2.557845e+01
      vertex   -1.575085e+00 -3.186273e+01 2.522257e+01
    endloop
  endfacet
  facet normal -7.094629e-01 -7.047428e-01 3.500720e-17
    outer loop
      vertex   -1.529685e+00 -1.826280e+01 2.522257e+01
      vertex   -1.729017e+00 -1.806214e+01 2.522257e+01
      vertex   -1.529685e+00 -1.826280e+01 2.072257e+01
    endloop
  endfacet
  facet normal -7.094629e-01 -7.047428e-01 6.834799e-17
    outer loop
      vertex   -1.529685e+00 -1.826280e+01 2.072257e+01
      vertex   -1.729017e+00 -1.806214e+01 2.522257e+01
      vertex   -1.729017e+00 -1.806214e+01 2.072257e+01
    endloop
  endfacet
  facet normal -7.070430e-01 -1.615871e-02 -7.069859e-01
    outer loop
      vertex   -1.726346e+00 -1.726214e+01 1.992257e+01
      vertex   -1.526347e+00 -1.726281e+01 1.972257e+01
      vertex   -1.726486e+00 -1.730401e+01 1.992367e+01
    endloop
  endfacet
  facet normal -7.070437e-01 -1.615234e-02 -7.069854e-01
    outer loop
      vertex   -1.726486e+00 -1.730401e+01 1.992367e+01
      vertex   -1.526347e+00 -1.726281e+01 1.972257e+01
      vertex   -1.526522e+00 -1.731514e+01 1.972394e+01
    endloop
  endfacet
  facet normal -7.071672e-01 -5.312459e-02 -7.050478e-01
    outer loop
      vertex   -1.726486e+00 -1.730401e+01 1.992367e+01
      vertex   -1.526522e+00 -1.731514e+01 1.972394e+01
      vertex   -1.726625e+00 -1.734576e+01 1.992695e+01
    endloop
  endfacet
  facet normal -7.071670e-01 -5.312620e-02 -7.050478e-01
    outer loop
      vertex   -1.726625e+00 -1.734576e+01 1.992695e+01
      vertex   -1.526522e+00 -1.731514e+01 1.972394e+01
      vertex   -1.526696e+00 -1.736734e+01 1.972805e+01
    endloop
  endfacet
  facet normal -7.072899e-01 -8.995257e-02 -7.011772e-01
    outer loop
      vertex   -1.726625e+00 -1.734576e+01 1.992695e+01
      vertex   -1.526696e+00 -1.736734e+01 1.972805e+01
      vertex   -1.726764e+00 -1.738729e+01 1.993242e+01
    endloop
  endfacet
  facet normal -7.072901e-01 -8.995096e-02 -7.011773e-01
    outer loop
      vertex   -1.726764e+00 -1.738729e+01 1.993242e+01
      vertex   -1.526696e+00 -1.736734e+01 1.972805e+01
      vertex   -1.526869e+00 -1.741924e+01 1.973488e+01
    endloop
  endfacet
  facet normal -7.074121e-01 -1.265242e-01 -6.953846e-01
    outer loop
      vertex   -1.726764e+00 -1.738729e+01 1.993242e+01
      vertex   -1.526869e+00 -1.741924e+01 1.973488e+01
      vertex   -1.726901e+00 -1.742847e+01 1.994005e+01
    endloop
  endfacet
  facet normal -7.074121e-01 -1.265246e-01 -6.953846e-01
    outer loop
      vertex   -1.726901e+00 -1.742847e+01 1.994005e+01
      vertex   -1.526869e+00 -1.741924e+01 1.973488e+01
      vertex   -1.527041e+00 -1.747072e+01 1.974442e+01
    endloop
  endfacet
  facet normal -7.075330e-01 -1.627313e-01 -6.876886e-01
    outer loop
      vertex   -1.726901e+00 -1.742847e+01 1.994005e+01
      vertex   -1.527041e+00 -1.747072e+01 1.974442e+01
      vertex   -1.727037e+00 -1.746920e+01 1.994983e+01
    endloop
  endfacet
  facet normal -7.075321e-01 -1.627394e-01 -6.876876e-01
    outer loop
      vertex   -1.727037e+00 -1.746920e+01 1.994983e+01
      vertex   -1.527041e+00 -1.747072e+01 1.974442e+01
      vertex   -1.527211e+00 -1.752163e+01 1.975664e+01
    endloop
  endfacet
  facet normal -7.076514e-01 -1.985063e-01 -6.781038e-01
    outer loop
      vertex   -1.727037e+00 -1.746920e+01 1.994983e+01
      vertex   -1.527211e+00 -1.752163e+01 1.975664e+01
      vertex   -1.727171e+00 -1.750935e+01 1.996172e+01
    endloop
  endfacet
  facet normal -7.076520e-01 -1.985008e-01 -6.781048e-01
    outer loop
      vertex   -1.727171e+00 -1.750935e+01 1.996172e+01
      vertex   -1.527211e+00 -1.752163e+01 1.975664e+01
      vertex   -1.527379e+00 -1.757182e+01 1.977151e+01
    endloop
  endfacet
  facet normal -7.077696e-01 -2.337165e-01 -6.666624e-01
    outer loop
      vertex   -1.727171e+00 -1.750935e+01 1.996172e+01
      vertex   -1.527379e+00 -1.757182e+01 1.977151e+01
      vertex   -1.727303e+00 -1.754883e+01 1.997570e+01
    endloop
  endfacet
  facet normal -7.077695e-01 -2.337171e-01 -6.666623e-01
    outer loop
      vertex   -1.727303e+00 -1.754883e+01 1.997570e+01
      vertex   -1.527379e+00 -1.757182e+01 1.977151e+01
      vertex   -1.527544e+00 -1.762117e+01 1.978899e+01
    endloop
  endfacet
  facet normal -7.078849e-01 -2.682828e-01 -6.533937e-01
    outer loop
      vertex   -1.727303e+00 -1.754883e+01 1.997570e+01
      vertex   -1.527544e+00 -1.762117e+01 1.978899e+01
      vertex   -1.727432e+00 -1.758753e+01 1.999173e+01
    endloop
  endfacet
  facet normal -7.078853e-01 -2.682796e-01 -6.533946e-01
    outer loop
      vertex   -1.727432e+00 -1.758753e+01 1.999173e+01
      vertex   -1.527544e+00 -1.762117e+01 1.978899e+01
      vertex   -1.527705e+00 -1.766954e+01 1.980902e+01
    endloop
  endfacet
  facet normal -7.079983e-01 -3.021067e-01 -6.383338e-01
    outer loop
      vertex   -1.727432e+00 -1.758753e+01 1.999173e+01
      vertex   -1.527705e+00 -1.766954e+01 1.980902e+01
      vertex   -1.727559e+00 -1.762533e+01 2.000976e+01
    endloop
  endfacet
  facet normal -7.079977e-01 -3.021114e-01 -6.383322e-01
    outer loop
      vertex   -1.727559e+00 -1.762533e+01 2.000976e+01
      vertex   -1.527705e+00 -1.766954e+01 1.980902e+01
      vertex   -1.527863e+00 -1.771680e+01 1.983156e+01
    endloop
  endfacet
  facet normal -7.081078e-01 -3.350964e-01 -6.215254e-01
    outer loop
      vertex   -1.727559e+00 -1.762533e+01 2.000976e+01
      vertex   -1.527863e+00 -1.771680e+01 1.983156e+01
      vertex   -1.727681e+00 -1.766214e+01 2.002975e+01
    endloop
  endfacet
  facet normal -7.081077e-01 -3.350970e-01 -6.215251e-01
    outer loop
      vertex   -1.727681e+00 -1.766214e+01 2.002975e+01
      vertex   -1.527863e+00 -1.771680e+01 1.983156e+01
      vertex   -1.528016e+00 -1.776281e+01 1.985654e+01
    endloop
  endfacet
  facet normal -7.082148e-01 -3.671644e-01 -6.030109e-01
    outer loop
      vertex   -1.727681e+00 -1.766214e+01 2.002975e+01
      vertex   -1.528016e+00 -1.776281e+01 1.985654e+01
      vertex   -1.727801e+00 -1.769785e+01 2.005163e+01
    endloop
  endfacet
  facet normal -7.082151e-01 -3.671619e-01 -6.030121e-01
    outer loop
      vertex   -1.727801e+00 -1.769785e+01 2.005163e+01
      vertex   -1.528016e+00 -1.776281e+01 1.985654e+01
      vertex   -1.528165e+00 -1.780744e+01 1.988390e+01
    endloop
  endfacet
  facet normal -7.083187e-01 -3.982205e-01 -5.828422e-01
    outer loop
      vertex   -1.727801e+00 -1.769785e+01 2.005163e+01
      vertex   -1.528165e+00 -1.780744e+01 1.988390e+01
      vertex   -1.727916e+00 -1.773237e+01 2.007536e+01
    endloop
  endfacet
  facet normal -7.083193e-01 -3.982161e-01 -5.828445e-01
    outer loop
      vertex   -1.727916e+00 -1.773237e+01 2.007536e+01
      vertex   -1.528165e+00 -1.780744e+01 1.988390e+01
      vertex   -1.528309e+00 -1.785059e+01 1.991355e+01
    endloop
  endfacet
  facet normal -7.084193e-01 -4.281644e-01 -5.610859e-01
    outer loop
      vertex   -1.727916e+00 -1.773237e+01 2.007536e+01
      vertex   -1.528309e+00 -1.785059e+01 1.991355e+01
      vertex   -1.728027e+00 -1.776559e+01 2.010085e+01
    endloop
  endfacet
  facet normal -7.084183e-01 -4.281719e-01 -5.610814e-01
    outer loop
      vertex   -1.728027e+00 -1.776559e+01 2.010085e+01
      vertex   -1.528309e+00 -1.785059e+01 1.991355e+01
      vertex   -1.528448e+00 -1.789213e+01 1.994542e+01
    endloop
  endfacet
  facet normal -7.085143e-01 -4.569500e-01 -5.377770e-01
    outer loop
      vertex   -1.728027e+00 -1.776559e+01 2.010085e+01
      vertex   -1.528448e+00 -1.789213e+01 1.994542e+01
      vertex   -1.728133e+00 -1.779744e+01 2.012805e+01
    endloop
  endfacet
  facet normal -7.085152e-01 -4.569432e-01 -5.377816e-01
    outer loop
      vertex   -1.728133e+00 -1.779744e+01 2.012805e+01
      vertex   -1.528448e+00 -1.789213e+01 1.994542e+01
      vertex   -1.528581e+00 -1.793194e+01 1.997942e+01
    endloop
  endfacet
  facet normal -7.086072e-01 -4.844592e-01 -5.130061e-01
    outer loop
      vertex   -1.728133e+00 -1.779744e+01 2.012805e+01
      vertex   -1.528581e+00 -1.793194e+01 1.997942e+01
      vertex   -1.728235e+00 -1.782782e+01 2.015688e+01
    endloop
  endfacet
  facet normal -7.086066e-01 -4.844628e-01 -5.130033e-01
    outer loop
      vertex   -1.728235e+00 -1.782782e+01 2.015688e+01
      vertex   -1.528581e+00 -1.793194e+01 1.997942e+01
      vertex   -1.528708e+00 -1.796991e+01 2.001546e+01
    endloop
  endfacet
  facet normal -7.086940e-01 -5.106397e-01 -4.868263e-01
    outer loop
      vertex   -1.728235e+00 -1.782782e+01 2.015688e+01
      vertex   -1.528708e+00 -1.796991e+01 2.001546e+01
      vertex   -1.728331e+00 -1.785665e+01 2.018726e+01
    endloop
  endfacet
  facet normal -7.086939e-01 -5.106407e-01 -4.868255e-01
    outer loop
      vertex   -1.728331e+00 -1.785665e+01 2.018726e+01
      vertex   -1.528708e+00 -1.796991e+01 2.001546e+01
      vertex   -1.528828e+00 -1.800595e+01 2.005344e+01
    endloop
  endfacet
  facet normal -7.087765e-01 -5.354212e-01 -4.593038e-01
    outer loop
      vertex   -1.728331e+00 -1.785665e+01 2.018726e+01
      vertex   -1.528828e+00 -1.800595e+01 2.005344e+01
      vertex   -1.728422e+00 -1.788385e+01 2.021911e+01
    endloop
  endfacet
  facet normal -7.087775e-01 -5.354152e-01 -4.593093e-01
    outer loop
      vertex   -1.728422e+00 -1.788385e+01 2.021911e+01
      vertex   -1.528828e+00 -1.800595e+01 2.005344e+01
      vertex   -1.528941e+00 -1.803995e+01 2.009325e+01
    endloop
  endfacet
  facet normal -7.088553e-01 -5.587157e-01 -4.305357e-01
    outer loop
      vertex   -1.728422e+00 -1.788385e+01 2.021911e+01
      vertex   -1.528941e+00 -1.803995e+01 2.009325e+01
      vertex   -1.728507e+00 -1.790935e+01 2.025234e+01
    endloop
  endfacet
  facet normal -7.088544e-01 -5.587211e-01 -4.305301e-01
    outer loop
      vertex   -1.728507e+00 -1.790935e+01 2.025234e+01
      vertex   -1.528941e+00 -1.803995e+01 2.009325e+01
      vertex   -1.529048e+00 -1.807182e+01 2.013478e+01
    endloop
  endfacet
  facet normal -7.089270e-01 -5.804828e-01 -4.005774e-01
    outer loop
      vertex   -1.728507e+00 -1.790935e+01 2.025234e+01
      vertex   -1.529048e+00 -1.807182e+01 2.013478e+01
      vertex   -1.728586e+00 -1.793307e+01 2.028686e+01
    endloop
  endfacet
  facet normal -7.089272e-01 -5.804817e-01 -4.005787e-01
    outer loop
      vertex   -1.728586e+00 -1.793307e+01 2.028686e+01
      vertex   -1.529048e+00 -1.807182e+01 2.013478e+01
      vertex   -1.529147e+00 -1.810147e+01 2.017793e+01
    endloop
  endfacet
  facet normal -7.089945e-01 -6.006472e-01 -3.695264e-01
    outer loop
      vertex   -1.728586e+00 -1.793307e+01 2.028686e+01
      vertex   -1.529147e+00 -1.810147e+01 2.017793e+01
      vertex   -1.728659e+00 -1.795496e+01 2.032257e+01
    endloop
  endfacet
  facet normal -7.089942e-01 -6.006489e-01 -3.695242e-01
    outer loop
      vertex   -1.728659e+00 -1.795496e+01 2.032257e+01
      vertex   -1.529147e+00 -1.810147e+01 2.017793e+01
      vertex   -1.529238e+00 -1.812883e+01 2.022257e+01
    endloop
  endfacet
  facet normal -7.090560e-01 -6.191619e-01 -3.374584e-01
    outer loop
      vertex   -1.728659e+00 -1.795496e+01 2.032257e+01
      vertex   -1.529238e+00 -1.812883e+01 2.022257e+01
      vertex   -1.728726e+00 -1.797494e+01 2.035938e+01
    endloop
  endfacet
  facet normal -7.090567e-01 -6.191582e-01 -3.374636e-01
    outer loop
      vertex   -1.728726e+00 -1.797494e+01 2.035938e+01
      vertex   -1.529238e+00 -1.812883e+01 2.022257e+01
      vertex   -1.529322e+00 -1.815381e+01 2.026858e+01
    endloop
  endfacet
  facet normal -7.091129e-01 -6.359701e-01 -3.044684e-01
    outer loop
      vertex   -1.728726e+00 -1.797494e+01 2.035938e+01
      vertex   -1.529322e+00 -1.815381e+01 2.026858e+01
      vertex   -1.728786e+00 -1.799297e+01 2.039718e+01
    endloop
  endfacet
  facet normal -7.091128e-01 -6.359705e-01 -3.044677e-01
    outer loop
      vertex   -1.728786e+00 -1.799297e+01 2.039718e+01
      vertex   -1.529322e+00 -1.815381e+01 2.026858e+01
      vertex   -1.529397e+00 -1.817635e+01 2.031583e+01
    endloop
  endfacet
  facet normal -7.091630e-01 -6.510296e-01 -2.706442e-01
    outer loop
      vertex   -1.728786e+00 -1.799297e+01 2.039718e+01
      vertex   -1.529397e+00 -1.817635e+01 2.031583e+01
      vertex   -1.728839e+00 -1.800900e+01 2.043587e+01
    endloop
  endfacet
  facet normal -7.091626e-01 -6.510312e-01 -2.706413e-01
    outer loop
      vertex   -1.728839e+00 -1.800900e+01 2.043587e+01
      vertex   -1.529397e+00 -1.817635e+01 2.031583e+01
      vertex   -1.529464e+00 -1.819638e+01 2.036420e+01
    endloop
  endfacet
  facet normal -7.092069e-01 -6.642996e-01 -2.360754e-01
    outer loop
      vertex   -1.728839e+00 -1.800900e+01 2.043587e+01
      vertex   -1.529464e+00 -1.819638e+01 2.036420e+01
      vertex   -1.728886e+00 -1.802298e+01 2.047536e+01
    endloop
  endfacet
  facet normal -7.092072e-01 -6.642982e-01 -2.360783e-01
    outer loop
      vertex   -1.728886e+00 -1.802298e+01 2.047536e+01
      vertex   -1.529464e+00 -1.819638e+01 2.036420e+01
      vertex   -1.529522e+00 -1.821386e+01 2.041355e+01
    endloop
  endfacet
  facet normal -7.092455e-01 -6.757390e-01 -2.008672e-01
    outer loop
      vertex   -1.728886e+00 -1.802298e+01 2.047536e+01
      vertex   -1.529522e+00 -1.821386e+01 2.041355e+01
      vertex   -1.728926e+00 -1.803488e+01 2.051551e+01
    endloop
  endfacet
  facet normal -7.092455e-01 -6.757388e-01 -2.008678e-01
    outer loop
      vertex   -1.728926e+00 -1.803488e+01 2.051551e+01
      vertex   -1.529522e+00 -1.821386e+01 2.041355e+01
      vertex   -1.529572e+00 -1.822873e+01 2.046375e+01
    endloop
  endfacet
  facet normal -7.092776e-01 -6.853223e-01 -1.651017e-01
    outer loop
      vertex   -1.728926e+00 -1.803488e+01 2.051551e+01
      vertex   -1.529572e+00 -1.822873e+01 2.046375e+01
      vertex   -1.728958e+00 -1.804465e+01 2.055624e+01
    endloop
  endfacet
  facet normal -7.092772e-01 -6.853234e-01 -1.650988e-01
    outer loop
      vertex   -1.728958e+00 -1.804465e+01 2.055624e+01
      vertex   -1.529572e+00 -1.822873e+01 2.046375e+01
      vertex   -1.529612e+00 -1.824095e+01 2.051466e+01
    endloop
  endfacet
  facet normal -7.093029e-01 -6.930227e-01 -1.288758e-01
    outer loop
      vertex   -1.728958e+00 -1.804465e+01 2.055624e+01
      vertex   -1.529612e+00 -1.824095e+01 2.051466e+01
      vertex   -1.728984e+00 -1.805229e+01 2.059742e+01
    endloop
  endfacet
  facet normal -7.093034e-01 -6.930213e-01 -1.288803e-01
    outer loop
      vertex   -1.728984e+00 -1.805229e+01 2.059742e+01
      vertex   -1.529612e+00 -1.824095e+01 2.051466e+01
      vertex   -1.529644e+00 -1.825049e+01 2.056613e+01
    endloop
  endfacet
  facet normal -7.093227e-01 -6.988128e-01 -9.231413e-02
    outer loop
      vertex   -1.728984e+00 -1.805229e+01 2.059742e+01
      vertex   -1.529644e+00 -1.825049e+01 2.056613e+01
      vertex   -1.729002e+00 -1.805775e+01 2.063895e+01
    endloop
  endfacet
  facet normal -7.093224e-01 -6.988135e-01 -9.231155e-02
    outer loop
      vertex   -1.729002e+00 -1.805775e+01 2.063895e+01
      vertex   -1.529644e+00 -1.825049e+01 2.056613e+01
      vertex   -1.529667e+00 -1.825732e+01 2.061804e+01
    endloop
  endfacet
  facet normal -7.093354e-01 -7.026833e-01 -5.549233e-02
    outer loop
      vertex   -1.729002e+00 -1.805775e+01 2.063895e+01
      vertex   -1.529667e+00 -1.825732e+01 2.061804e+01
      vertex   -1.729013e+00 -1.806104e+01 2.068070e+01
    endloop
  endfacet
  facet normal -7.093347e-01 -7.026846e-01 -5.548611e-02
    outer loop
      vertex   -1.729013e+00 -1.806104e+01 2.068070e+01
      vertex   -1.529667e+00 -1.825732e+01 2.061804e+01
      vertex   -1.529681e+00 -1.826143e+01 2.067023e+01
    endloop
  endfacet
  facet normal -7.093411e-01 -7.046223e-01 -1.851103e-02
    outer loop
      vertex   -1.729013e+00 -1.806104e+01 2.068070e+01
      vertex   -1.529681e+00 -1.826143e+01 2.067023e+01
      vertex   -1.729017e+00 -1.806214e+01 2.072257e+01
    endloop
  endfacet
  facet normal -7.093413e-01 -7.046220e-01 -1.851268e-02
    outer loop
      vertex   -1.729017e+00 -1.806214e+01 2.072257e+01
      vertex   -1.529681e+00 -1.826143e+01 2.067023e+01
      vertex   -1.529685e+00 -1.826280e+01 2.072257e+01
    endloop
  endfacet
  facet normal -7.071024e-01 2.360458e-03 -7.071072e-01
    outer loop
      vertex   -1.514094e+00 -1.359227e+01 1.972257e+01
      vertex   -1.526347e+00 -1.726281e+01 1.972257e+01
      vertex   -1.714370e+00 -1.367444e+01 1.992257e+01
    endloop
  endfacet
  facet normal -7.071024e-01 2.360458e-03 -7.071072e-01
    outer loop
      vertex   -1.714370e+00 -1.367444e+01 1.992257e+01
      vertex   -1.526347e+00 -1.726281e+01 1.972257e+01
      vertex   -1.726346e+00 -1.726214e+01 1.992257e+01
    endloop
  endfacet
  facet normal -7.087718e-01 -4.976369e-01 -5.000001e-01
    outer loop
      vertex   -1.790398e+00 -3.644975e+01 1.992257e+01
      vertex   -1.590676e+00 -3.653326e+01 1.972257e+01
      vertex   -1.791775e+00 -3.686203e+01 2.033485e+01
    endloop
  endfacet
  facet normal -7.087718e-01 -4.976369e-01 -5.000001e-01
    outer loop
      vertex   -1.791775e+00 -3.686203e+01 2.033485e+01
      vertex   -1.590676e+00 -3.653326e+01 1.972257e+01
      vertex   -1.592443e+00 -3.706270e+01 2.025201e+01
    endloop
  endfacet
  facet normal -7.054336e-01 5.023578e-01 -5.000001e-01
    outer loop
      vertex   -1.512327e+00 -1.306283e+01 2.025201e+01
      vertex   -1.514094e+00 -1.359227e+01 1.972257e+01
      vertex   -1.712993e+00 -1.326216e+01 2.033485e+01
    endloop
  endfacet
  facet normal -7.054336e-01 5.023578e-01 -5.000001e-01
    outer loop
      vertex   -1.712993e+00 -1.326216e+01 2.033485e+01
      vertex   -1.514094e+00 -1.359227e+01 1.972257e+01
      vertex   -1.714370e+00 -1.367444e+01 1.992257e+01
    endloop
  endfacet
  facet normal -7.094629e-01 -7.047428e-01 6.446048e-17
    outer loop
      vertex   -1.791775e+00 -3.686203e+01 2.033485e+01
      vertex   -1.592443e+00 -3.706270e+01 2.025201e+01
      vertex   -1.791775e+00 -3.686203e+01 3.011029e+01
    endloop
  endfacet
  facet normal -7.094629e-01 -7.047428e-01 7.980251e-17
    outer loop
      vertex   -1.791775e+00 -3.686203e+01 3.011029e+01
      vertex   -1.592443e+00 -3.706270e+01 2.025201e+01
      vertex   -1.592443e+00 -3.706270e+01 3.019313e+01
    endloop
  endfacet
  facet normal -7.047420e-01 7.094637e-01 7.870545e-17
    outer loop
      vertex   -1.512327e+00 -1.306283e+01 3.019313e+01
      vertex   -1.512327e+00 -1.306283e+01 2.025201e+01
      vertex   -1.712993e+00 -1.326216e+01 3.011029e+01
    endloop
  endfacet
  facet normal -7.047420e-01 7.094637e-01 6.403155e-17
    outer loop
      vertex   -1.712993e+00 -1.326216e+01 3.011029e+01
      vertex   -1.512327e+00 -1.306283e+01 2.025201e+01
      vertex   -1.712993e+00 -1.326216e+01 2.033485e+01
    endloop
  endfacet
  facet normal -7.087718e-01 -4.976369e-01 5.000001e-01
    outer loop
      vertex   -1.768700e+00 -2.994979e+01 3.702257e+01
      vertex   -1.791775e+00 -3.686203e+01 3.011029e+01
      vertex   -1.568978e+00 -3.003330e+01 3.722257e+01
    endloop
  endfacet
  facet normal -7.087718e-01 -4.976369e-01 5.000001e-01
    outer loop
      vertex   -1.568978e+00 -3.003330e+01 3.722257e+01
      vertex   -1.791775e+00 -3.686203e+01 3.011029e+01
      vertex   -1.592443e+00 -3.706270e+01 3.019313e+01
    endloop
  endfacet
  facet normal -7.054336e-01 5.023578e-01 5.000001e-01
    outer loop
      vertex   -1.512327e+00 -1.306283e+01 3.019313e+01
      vertex   -1.712993e+00 -1.326216e+01 3.011029e+01
      vertex   -1.535792e+00 -2.009223e+01 3.722257e+01
    endloop
  endfacet
  facet normal -7.054336e-01 5.023578e-01 5.000001e-01
    outer loop
      vertex   -1.535792e+00 -2.009223e+01 3.722257e+01
      vertex   -1.712993e+00 -1.326216e+01 3.011029e+01
      vertex   -1.736068e+00 -2.017440e+01 3.702257e+01
    endloop
  endfacet
  facet normal -7.071024e-01 2.360458e-03 7.071072e-01
    outer loop
      vertex   -1.568978e+00 -3.003330e+01 3.722257e+01
      vertex   -1.535792e+00 -2.009223e+01 3.722257e+01
      vertex   -1.768700e+00 -2.994979e+01 3.702257e+01
    endloop
  endfacet
  facet normal -7.071024e-01 2.360458e-03 7.071072e-01
    outer loop
      vertex   -1.768700e+00 -2.994979e+01 3.702257e+01
      vertex   -1.535792e+00 -2.009223e+01 3.722257e+01
      vertex   -1.736068e+00 -2.017440e+01 3.702257e+01
    endloop
  endfacet
  facet normal 0.000000e+00 -0.000000e+00 -1.000000e+00
    outer loop
      vertex   -1.578423e+00 -3.286272e+01 1.972257e+01
      vertex   -5.784287e-01 -3.286606e+01 1.972257e+01
      vertex   -1.590676e+00 -3.653326e+01 1.972257e+01
    endloop
  endfacet
  facet normal 0.000000e+00 0.000000e+00 -1.000000e+00
    outer loop
      vertex   -1.590676e+00 -3.653326e+01 1.972257e+01
      vertex   -5.784287e-01 -3.286606e+01 1.972257e+01
      vertex   -5.201193e-01 -3.653684e+01 1.972257e+01
    endloop
  endfacet
  facet normal 0.000000e+00 0.000000e+00 -1.000000e+00
    outer loop
      vertex   -5.201193e-01 -3.653684e+01 1.972257e+01
      vertex   -5.784287e-01 -3.286606e+01 1.972257e+01
      vertex   1.192307e-01 -3.356839e+01 1.972257e+01
    endloop
  endfacet
  facet normal 0.000000e+00 0.000000e+00 -1.000000e+00
    outer loop
      vertex   -5.201193e-01 -3.653684e+01 1.972257e+01
      vertex   1.192307e-01 -3.356839e+01 1.972257e+01
      vertex   2.192302e-01 -3.356873e+01 1.972257e+01
    endloop
  endfacet
  facet normal 0.000000e+00 -0.000000e+00 -1.000000e+00
    outer loop
      vertex   1.924896e+00 -3.187441e+01 1.972257e+01
      vertex   2.203530e+00 -3.827538e+01 1.972257e+01
      vertex   2.192302e-01 -3.356873e+01 1.972257e+01
    endloop
  endfacet
  facet normal 0.000000e+00 0.000000e+00 -1.000000e+00
    outer loop
      vertex   2.192302e-01 -3.356873e+01 1.972257e+01
      vertex   2.203530e+00 -3.827538e+01 1.972257e+01
      vertex   1.203535e+00 -3.827204e+01 1.972257e+01
    endloop
  endfacet
  facet normal 0.000000e+00 -0.000000e+00 -1.000000e+00
    outer loop
      vertex   2.192302e-01 -3.356873e+01 1.972257e+01
      vertex   1.203535e+00 -3.827204e+01 1.972257e+01
      vertex   -5.201193e-01 -3.653684e+01 1.972257e+01
    endloop
  endfacet
  facet normal 0.000000e+00 0.000000e+00 -1.000000e+00
    outer loop
      vertex   1.924896e+00 -3.187441e+01 1.972257e+01
      vertex   2.224894e+00 -3.187541e+01 1.972257e+01
      vertex   2.203530e+00 -3.827538e+01 1.972257e+01
    endloop
  endfacet
  facet normal -9.999944e-01 3.338194e-03 -5.181376e-17
    outer loop
      vertex   -1.790398e+00 -3.644975e+01 1.992257e+01
      vertex   -1.791775e+00 -3.686203e+01 2.033485e+01
      vertex   -1.778422e+00 -3.286205e+01 1.992257e+01
    endloop
  endfacet
  facet normal -9.999944e-01 3.338194e-03 -9.445837e-18
    outer loop
      vertex   -1.778422e+00 -3.286205e+01 1.992257e+01
      vertex   -1.791775e+00 -3.686203e+01 2.033485e+01
      vertex   -1.775751e+00 -3.206206e+01 2.072257e+01
    endloop
  endfacet
  facet normal -9.999944e-01 3.338194e-03 -3.787304e-15
    outer loop
      vertex   -1.778422e+00 -3.286205e+01 1.992257e+01
      vertex   -1.775751e+00 -3.206206e+01 2.072257e+01
      vertex   -1.775755e+00 -3.206315e+01 2.068070e+01
    endloop
  endfacet
  facet normal -9.999944e-01 3.338194e-03 1.480289e-16
    outer loop
      vertex   -1.775751e+00 -3.206206e+01 2.072257e+01
      vertex   -1.791775e+00 -3.686203e+01 2.033485e+01
      vertex   -1.775751e+00 -3.206206e+01 2.522257e+01
    endloop
  endfacet
  facet normal -9.999944e-01 3.338194e-03 9.099134e-17
    outer loop
      vertex   -1.775751e+00 -3.206206e+01 2.522257e+01
      vertex   -1.791775e+00 -3.686203e+01 2.033485e+01
      vertex   -1.791775e+00 -3.686203e+01 3.011029e+01
    endloop
  endfacet
  facet normal -9.999944e-01 3.338194e-03 3.556837e-16
    outer loop
      vertex   -1.775751e+00 -3.206206e+01 2.522257e+01
      vertex   -1.791775e+00 -3.686203e+01 3.011029e+01
      vertex   -1.775719e+00 -3.205247e+01 2.558892e+01
    endloop
  endfacet
  facet normal -9.999944e-01 3.338194e-03 -6.555156e-17
    outer loop
      vertex   -1.775719e+00 -3.205247e+01 2.558892e+01
      vertex   -1.791775e+00 -3.686203e+01 3.011029e+01
      vertex   -1.775623e+00 -3.202371e+01 2.595427e+01
    endloop
  endfacet
  facet normal -9.999944e-01 3.338194e-03 3.066488e-17
    outer loop
      vertex   -1.775623e+00 -3.202371e+01 2.595427e+01
      vertex   -1.791775e+00 -3.686203e+01 3.011029e+01
      vertex   -1.775464e+00 -3.197588e+01 2.631761e+01
    endloop
  endfacet
  facet normal -9.999944e-01 3.338194e-03 2.500723e-16
    outer loop
      vertex   -1.775464e+00 -3.197588e+01 2.631761e+01
      vertex   -1.791775e+00 -3.686203e+01 3.011029e+01
      vertex   -1.775241e+00 -3.190909e+01 2.667795e+01
    endloop
  endfacet
  facet normal -9.999944e-01 3.338194e-03 -9.219713e-17
    outer loop
      vertex   -1.775241e+00 -3.190909e+01 2.667795e+01
      vertex   -1.791775e+00 -3.686203e+01 3.011029e+01
      vertex   -1.774955e+00 -3.182354e+01 2.703430e+01
    endloop
  endfacet
  facet normal -9.999944e-01 3.338194e-03 -4.287627e-16
    outer loop
      vertex   -1.774955e+00 -3.182354e+01 2.703430e+01
      vertex   -1.791775e+00 -3.686203e+01 3.011029e+01
      vertex   -1.774608e+00 -3.171946e+01 2.738569e+01
    endloop
  endfacet
  facet normal -9.999944e-01 3.338194e-03 9.348194e-16
    outer loop
      vertex   -1.774608e+00 -3.171946e+01 2.738569e+01
      vertex   -1.791775e+00 -3.686203e+01 3.011029e+01
      vertex   -1.774199e+00 -3.159712e+01 2.773114e+01
    endloop
  endfacet
  facet normal -9.999944e-01 3.338194e-03 -7.732324e-17
    outer loop
      vertex   -1.774199e+00 -3.159712e+01 2.773114e+01
      vertex   -1.791775e+00 -3.686203e+01 3.011029e+01
      vertex   -1.773731e+00 -3.145688e+01 2.806973e+01
    endloop
  endfacet
  facet normal -9.999944e-01 3.338194e-03 5.319715e-16
    outer loop
      vertex   -1.773731e+00 -3.145688e+01 2.806973e+01
      vertex   -1.791775e+00 -3.686203e+01 3.011029e+01
      vertex   -1.773205e+00 -3.129911e+01 2.840050e+01
    endloop
  endfacet
  facet normal -9.999944e-01 3.338194e-03 -8.061742e-16
    outer loop
      vertex   -1.773205e+00 -3.129911e+01 2.840050e+01
      vertex   -1.791775e+00 -3.686203e+01 3.011029e+01
      vertex   -1.772621e+00 -3.112424e+01 2.872257e+01
    endloop
  endfacet
  facet normal -9.999944e-01 3.338194e-03 2.984309e-16
    outer loop
      vertex   -1.772621e+00 -3.112424e+01 2.872257e+01
      vertex   -1.791775e+00 -3.686203e+01 3.011029e+01
      vertex   -1.771982e+00 -3.093276e+01 2.903504e+01
    endloop
  endfacet
  facet normal -9.999944e-01 3.338194e-03 3.995501e-16
    outer loop
      vertex   -1.771982e+00 -3.093276e+01 2.903504e+01
      vertex   -1.791775e+00 -3.686203e+01 3.011029e+01
      vertex   -1.771289e+00 -3.072518e+01 2.933707e+01
    endloop
  endfacet
  facet normal -9.999944e-01 3.338194e-03 -7.356203e-17
    outer loop
      vertex   -1.771289e+00 -3.072518e+01 2.933707e+01
      vertex   -1.791775e+00 -3.686203e+01 3.011029e+01
      vertex   -1.770544e+00 -3.050209e+01 2.962781e+01
    endloop
  endfacet
  facet normal -9.999944e-01 3.338194e-03 5.331488e-16
    outer loop
      vertex   -1.770544e+00 -3.050209e+01 2.962781e+01
      vertex   -1.791775e+00 -3.686203e+01 3.011029e+01
      vertex   -1.769749e+00 -3.026408e+01 2.990648e+01
    endloop
  endfacet
  facet normal -9.999944e-01 3.338194e-03 -4.702612e-16
    outer loop
      vertex   -1.769749e+00 -3.026408e+01 2.990648e+01
      vertex   -1.791775e+00 -3.686203e+01 3.011029e+01
      vertex   -1.768907e+00 -3.001182e+01 3.017232e+01
    endloop
  endfacet
  facet normal -9.999944e-01 3.338194e-03 6.617973e-16
    outer loop
      vertex   -1.768907e+00 -3.001182e+01 3.017232e+01
      vertex   -1.791775e+00 -3.686203e+01 3.011029e+01
      vertex   -1.768020e+00 -2.974599e+01 3.042458e+01
    endloop
  endfacet
  facet normal -9.999944e-01 3.338194e-03 5.652586e-16
    outer loop
      vertex   -1.768020e+00 -2.974599e+01 3.042458e+01
      vertex   -1.791775e+00 -3.686203e+01 3.011029e+01
      vertex   -1.767090e+00 -2.946732e+01 3.066259e+01
    endloop
  endfacet
  facet normal -9.999944e-01 3.338194e-03 8.443150e-17
    outer loop
      vertex   -1.767090e+00 -2.946732e+01 3.066259e+01
      vertex   -1.791775e+00 -3.686203e+01 3.011029e+01
      vertex   -1.768700e+00 -2.994979e+01 3.702257e+01
    endloop
  endfacet
  facet normal -9.999944e-01 3.338194e-03 7.673006e-17
    outer loop
      vertex   -1.767090e+00 -2.946732e+01 3.066259e+01
      vertex   -1.768700e+00 -2.994979e+01 3.702257e+01
      vertex   -1.766119e+00 -2.917657e+01 3.088569e+01
    endloop
  endfacet
  facet normal -9.999944e-01 3.338194e-03 8.316002e-17
    outer loop
      vertex   -1.766119e+00 -2.917657e+01 3.088569e+01
      vertex   -1.768700e+00 -2.994979e+01 3.702257e+01
      vertex   -1.765111e+00 -2.887455e+01 3.109326e+01
    endloop
  endfacet
  facet normal -9.999944e-01 3.338194e-03 1.235470e-16
    outer loop
      vertex   -1.765111e+00 -2.887455e+01 3.109326e+01
      vertex   -1.768700e+00 -2.994979e+01 3.702257e+01
      vertex   -1.764068e+00 -2.856208e+01 3.128475e+01
    endloop
  endfacet
  facet normal -9.999944e-01 3.338194e-03 1.025991e-16
    outer loop
      vertex   -1.764068e+00 -2.856208e+01 3.128475e+01
      vertex   -1.768700e+00 -2.994979e+01 3.702257e+01
      vertex   -1.762993e+00 -2.824001e+01 3.145961e+01
    endloop
  endfacet
  facet normal -9.999944e-01 3.338194e-03 7.765539e-18
    outer loop
      vertex   -1.762993e+00 -2.824001e+01 3.145961e+01
      vertex   -1.768700e+00 -2.994979e+01 3.702257e+01
      vertex   -1.761888e+00 -2.790924e+01 3.161739e+01
    endloop
  endfacet
  facet normal -9.999944e-01 3.338194e-03 9.581696e-17
    outer loop
      vertex   -1.761888e+00 -2.790924e+01 3.161739e+01
      vertex   -1.768700e+00 -2.994979e+01 3.702257e+01
      vertex   -1.760758e+00 -2.757066e+01 3.175763e+01
    endloop
  endfacet
  facet normal -9.999944e-01 3.338194e-03 -1.735740e-16
    outer loop
      vertex   -1.760758e+00 -2.757066e+01 3.175763e+01
      vertex   -1.768700e+00 -2.994979e+01 3.702257e+01
      vertex   -1.759605e+00 -2.722520e+01 3.187996e+01
    endloop
  endfacet
  facet normal -9.999944e-01 3.338194e-03 2.558416e-16
    outer loop
      vertex   -1.759605e+00 -2.722520e+01 3.187996e+01
      vertex   -1.768700e+00 -2.994979e+01 3.702257e+01
      vertex   -1.758432e+00 -2.687382e+01 3.198405e+01
    endloop
  endfacet
  facet normal -9.999944e-01 3.338194e-03 -3.289724e-17
    outer loop
      vertex   -1.758432e+00 -2.687382e+01 3.198405e+01
      vertex   -1.768700e+00 -2.994979e+01 3.702257e+01
      vertex   -1.757242e+00 -2.651747e+01 3.206960e+01
    endloop
  endfacet
  facet normal -9.999944e-01 3.338194e-03 6.458765e-16
    outer loop
      vertex   -1.757242e+00 -2.651747e+01 3.206960e+01
      vertex   -1.768700e+00 -2.994979e+01 3.702257e+01
      vertex   -1.756040e+00 -2.615713e+01 3.213639e+01
    endloop
  endfacet
  facet normal -9.999944e-01 3.338194e-03 -1.768337e-16
    outer loop
      vertex   -1.756040e+00 -2.615713e+01 3.213639e+01
      vertex   -1.768700e+00 -2.994979e+01 3.702257e+01
      vertex   -1.754827e+00 -2.579379e+01 3.218422e+01
    endloop
  endfacet
  facet normal -9.999944e-01 3.338194e-03 4.149963e-17
    outer loop
      vertex   -1.754827e+00 -2.579379e+01 3.218422e+01
      vertex   -1.768700e+00 -2.994979e+01 3.702257e+01
      vertex   -1.753607e+00 -2.542845e+01 3.221298e+01
    endloop
  endfacet
  facet normal -9.999944e-01 3.338194e-03 5.281177e-16
    outer loop
      vertex   -1.753607e+00 -2.542845e+01 3.221298e+01
      vertex   -1.768700e+00 -2.994979e+01 3.702257e+01
      vertex   -1.752384e+00 -2.506210e+01 3.222257e+01
    endloop
  endfacet
  facet normal -9.999944e-01 3.338194e-03 6.950716e-17
    outer loop
      vertex   -1.752384e+00 -2.506210e+01 3.222257e+01
      vertex   -1.768700e+00 -2.994979e+01 3.702257e+01
      vertex   -1.736068e+00 -2.017440e+01 3.702257e+01
    endloop
  endfacet
  facet normal -9.999944e-01 3.338194e-03 8.093699e-16
    outer loop
      vertex   -1.752384e+00 -2.506210e+01 3.222257e+01
      vertex   -1.736068e+00 -2.017440e+01 3.702257e+01
      vertex   -1.751161e+00 -2.469575e+01 3.221298e+01
    endloop
  endfacet
  facet normal -9.999944e-01 3.338194e-03 1.734954e-16
    outer loop
      vertex   -1.751161e+00 -2.469575e+01 3.221298e+01
      vertex   -1.736068e+00 -2.017440e+01 3.702257e+01
      vertex   -1.749942e+00 -2.433040e+01 3.218422e+01
    endloop
  endfacet
  facet normal -9.999944e-01 3.338194e-03 3.830138e-16
    outer loop
      vertex   -1.749942e+00 -2.433040e+01 3.218422e+01
      vertex   -1.736068e+00 -2.017440e+01 3.702257e+01
      vertex   -1.748729e+00 -2.396706e+01 3.213639e+01
    endloop
  endfacet
  facet normal -9.999944e-01 3.338194e-03 -4.471294e-16
    outer loop
      vertex   -1.748729e+00 -2.396706e+01 3.213639e+01
      vertex   -1.736068e+00 -2.017440e+01 3.702257e+01
      vertex   -1.747526e+00 -2.360672e+01 3.206960e+01
    endloop
  endfacet
  facet normal -9.999944e-01 3.338194e-03 2.249421e-16
    outer loop
      vertex   -1.747526e+00 -2.360672e+01 3.206960e+01
      vertex   -1.736068e+00 -2.017440e+01 3.702257e+01
      vertex   -1.746336e+00 -2.325037e+01 3.198405e+01
    endloop
  endfacet
  facet normal -9.999944e-01 3.338194e-03 -6.924311e-17
    outer loop
      vertex   -1.746336e+00 -2.325037e+01 3.198405e+01
      vertex   -1.736068e+00 -2.017440e+01 3.702257e+01
      vertex   -1.745163e+00 -2.289899e+01 3.187996e+01
    endloop
  endfacet
  facet normal -9.999944e-01 3.338194e-03 3.553329e-16
    outer loop
      vertex   -1.745163e+00 -2.289899e+01 3.187996e+01
      vertex   -1.736068e+00 -2.017440e+01 3.702257e+01
      vertex   -1.744010e+00 -2.255354e+01 3.175763e+01
    endloop
  endfacet
  facet normal -9.999944e-01 3.338194e-03 8.189983e-17
    outer loop
      vertex   -1.744010e+00 -2.255354e+01 3.175763e+01
      vertex   -1.736068e+00 -2.017440e+01 3.702257e+01
      vertex   -1.742880e+00 -2.221496e+01 3.161739e+01
    endloop
  endfacet
  facet normal -9.999944e-01 3.338194e-03 1.662623e-16
    outer loop
      vertex   -1.742880e+00 -2.221496e+01 3.161739e+01
      vertex   -1.736068e+00 -2.017440e+01 3.702257e+01
      vertex   -1.741776e+00 -2.188418e+01 3.145961e+01
    endloop
  endfacet
  facet normal -9.999944e-01 3.338194e-03 6.842215e-17
    outer loop
      vertex   -1.741776e+00 -2.188418e+01 3.145961e+01
      vertex   -1.736068e+00 -2.017440e+01 3.702257e+01
      vertex   -1.740700e+00 -2.156212e+01 3.128475e+01
    endloop
  endfacet
  facet normal -9.999944e-01 3.338194e-03 1.947432e-16
    outer loop
      vertex   -1.740700e+00 -2.156212e+01 3.128475e+01
      vertex   -1.736068e+00 -2.017440e+01 3.702257e+01
      vertex   -1.739657e+00 -2.124965e+01 3.109326e+01
    endloop
  endfacet
  facet normal -9.999944e-01 3.338194e-03 1.166780e-16
    outer loop
      vertex   -1.739657e+00 -2.124965e+01 3.109326e+01
      vertex   -1.736068e+00 -2.017440e+01 3.702257e+01
      vertex   -1.738649e+00 -2.094762e+01 3.088569e+01
    endloop
  endfacet
  facet normal -9.999944e-01 3.338194e-03 1.212217e-16
    outer loop
      vertex   -1.738649e+00 -2.094762e+01 3.088569e+01
      vertex   -1.736068e+00 -2.017440e+01 3.702257e+01
      vertex   -1.737679e+00 -2.065688e+01 3.066259e+01
    endloop
  endfacet
  facet normal -9.999944e-01 3.338194e-03 1.262096e-16
    outer loop
      vertex   -1.737679e+00 -2.065688e+01 3.066259e+01
      vertex   -1.736068e+00 -2.017440e+01 3.702257e+01
      vertex   -1.712993e+00 -1.326216e+01 3.011029e+01
    endloop
  endfacet
  facet normal -9.999944e-01 3.338194e-03 4.174605e-16
    outer loop
      vertex   -1.737679e+00 -2.065688e+01 3.066259e+01
      vertex   -1.712993e+00 -1.326216e+01 3.011029e+01
      vertex   -1.736748e+00 -2.037821e+01 3.042458e+01
    endloop
  endfacet
  facet normal -9.999944e-01 3.338194e-03 -6.629423e-16
    outer loop
      vertex   -1.736748e+00 -2.037821e+01 3.042458e+01
      vertex   -1.712993e+00 -1.326216e+01 3.011029e+01
      vertex   -1.735861e+00 -2.011238e+01 3.017232e+01
    endloop
  endfacet
  facet normal -9.999944e-01 3.338194e-03 4.694027e-16
    outer loop
      vertex   -1.735861e+00 -2.011238e+01 3.017232e+01
      vertex   -1.712993e+00 -1.326216e+01 3.011029e+01
      vertex   -1.735019e+00 -1.986011e+01 2.990648e+01
    endloop
  endfacet
  facet normal -9.999944e-01 3.338194e-03 2.009959e-16
    outer loop
      vertex   -1.735019e+00 -1.986011e+01 2.990648e+01
      vertex   -1.712993e+00 -1.326216e+01 3.011029e+01
      vertex   -1.734224e+00 -1.962211e+01 2.962781e+01
    endloop
  endfacet
  facet normal -9.999944e-01 3.338194e-03 -5.861151e-16
    outer loop
      vertex   -1.734224e+00 -1.962211e+01 2.962781e+01
      vertex   -1.712993e+00 -1.326216e+01 3.011029e+01
      vertex   -1.733479e+00 -1.939901e+01 2.933707e+01
    endloop
  endfacet
  facet normal -9.999944e-01 3.338194e-03 9.528455e-16
    outer loop
      vertex   -1.733479e+00 -1.939901e+01 2.933707e+01
      vertex   -1.712993e+00 -1.326216e+01 3.011029e+01
      vertex   -1.732787e+00 -1.919144e+01 2.903504e+01
    endloop
  endfacet
  facet normal -9.999944e-01 3.338194e-03 -2.575128e-16
    outer loop
      vertex   -1.732787e+00 -1.919144e+01 2.903504e+01
      vertex   -1.712993e+00 -1.326216e+01 3.011029e+01
      vertex   -1.732147e+00 -1.899995e+01 2.872257e+01
    endloop
  endfacet
  facet normal -9.999944e-01 3.338194e-03 2.333741e-16
    outer loop
      vertex   -1.732147e+00 -1.899995e+01 2.872257e+01
      vertex   -1.712993e+00 -1.326216e+01 3.011029e+01
      vertex   -1.731564e+00 -1.882509e+01 2.840050e+01
    endloop
  endfacet
  facet normal -9.999944e-01 3.338194e-03 6.951746e-17
    outer loop
      vertex   -1.731564e+00 -1.882509e+01 2.840050e+01
      vertex   -1.712993e+00 -1.326216e+01 3.011029e+01
      vertex   -1.731037e+00 -1.866731e+01 2.806973e+01
    endloop
  endfacet
  facet normal -9.999944e-01 3.338194e-03 1.064474e-16
    outer loop
      vertex   -1.731037e+00 -1.866731e+01 2.806973e+01
      vertex   -1.712993e+00 -1.326216e+01 3.011029e+01
      vertex   -1.730569e+00 -1.852707e+01 2.773114e+01
    endloop
  endfacet
  facet normal -9.999944e-01 3.338194e-03 1.988473e-16
    outer loop
      vertex   -1.730569e+00 -1.852707e+01 2.773114e+01
      vertex   -1.712993e+00 -1.326216e+01 3.011029e+01
      vertex   -1.730160e+00 -1.840474e+01 2.738569e+01
    endloop
  endfacet
  facet normal -9.999944e-01 3.338194e-03 4.727661e-16
    outer loop
      vertex   -1.730160e+00 -1.840474e+01 2.738569e+01
      vertex   -1.712993e+00 -1.326216e+01 3.011029e+01
      vertex   -1.729813e+00 -1.830065e+01 2.703430e+01
    endloop
  endfacet
  facet normal -9.999944e-01 3.338194e-03 -4.145550e-16
    outer loop
      vertex   -1.729813e+00 -1.830065e+01 2.703430e+01
      vertex   -1.712993e+00 -1.326216e+01 3.011029e+01
      vertex   -1.729527e+00 -1.821510e+01 2.667795e+01
    endloop
  endfacet
  facet normal -9.999944e-01 3.338194e-03 -2.281559e-16
    outer loop
      vertex   -1.729527e+00 -1.821510e+01 2.667795e+01
      vertex   -1.712993e+00 -1.326216e+01 3.011029e+01
      vertex   -1.729304e+00 -1.814832e+01 2.631761e+01
    endloop
  endfacet
  facet normal -9.999944e-01 3.338194e-03 5.399539e-16
    outer loop
      vertex   -1.729304e+00 -1.814832e+01 2.631761e+01
      vertex   -1.712993e+00 -1.326216e+01 3.011029e+01
      vertex   -1.729145e+00 -1.810048e+01 2.595427e+01
    endloop
  endfacet
  facet normal -9.999944e-01 3.338194e-03 -4.598668e-16
    outer loop
      vertex   -1.729145e+00 -1.810048e+01 2.595427e+01
      vertex   -1.712993e+00 -1.326216e+01 3.011029e+01
      vertex   -1.729049e+00 -1.807173e+01 2.558892e+01
    endloop
  endfacet
  facet normal -9.999944e-01 3.338194e-03 7.993561e-16
    outer loop
      vertex   -1.729049e+00 -1.807173e+01 2.558892e+01
      vertex   -1.712993e+00 -1.326216e+01 3.011029e+01
      vertex   -1.729017e+00 -1.806214e+01 2.522257e+01
    endloop
  endfacet
  facet normal -9.999944e-01 3.338194e-03 9.094714e-17
    outer loop
      vertex   -1.729017e+00 -1.806214e+01 2.522257e+01
      vertex   -1.712993e+00 -1.326216e+01 3.011029e+01
      vertex   -1.712993e+00 -1.326216e+01 2.033485e+01
    endloop
  endfacet
  facet normal -9.999944e-01 3.338194e-03 9.868594e-17
    outer loop
      vertex   -1.729017e+00 -1.806214e+01 2.522257e+01
      vertex   -1.712993e+00 -1.326216e+01 2.033485e+01
      vertex   -1.729017e+00 -1.806214e+01 2.072257e+01
    endloop
  endfacet
  facet normal -9.999944e-01 3.338194e-03 1.084916e-16
    outer loop
      vertex   -1.729017e+00 -1.806214e+01 2.072257e+01
      vertex   -1.712993e+00 -1.326216e+01 2.033485e+01
      vertex   -1.726346e+00 -1.726214e+01 1.992257e+01
    endloop
  endfacet
  facet normal -9.999944e-01 3.338194e-03 -1.664474e-15
    outer loop
      vertex   -1.729017e+00 -1.806214e+01 2.072257e+01
      vertex   -1.726346e+00 -1.726214e+01 1.992257e+01
      vertex   -1.729013e+00 -1.806104e+01 2.068070e+01
    endloop
  endfacet
  facet normal -9.999944e-01 3.338194e-03 -1.095599e-16
    outer loop
      vertex   -1.729013e+00 -1.806104e+01 2.068070e+01
      vertex   -1.726346e+00 -1.726214e+01 1.992257e+01
      vertex   -1.729002e+00 -1.805775e+01 2.063895e+01
    endloop
  endfacet
  facet normal -9.999944e-01 3.338194e-03 -4.946230e-15
    outer loop
      vertex   -1.729002e+00 -1.805775e+01 2.063895e+01
      vertex   -1.726346e+00 -1.726214e+01 1.992257e+01
      vertex   -1.728984e+00 -1.805229e+01 2.059742e+01
    endloop
  endfacet
  facet normal -9.999944e-01 3.338194e-03 4.813424e-15
    outer loop
      vertex   -1.728984e+00 -1.805229e+01 2.059742e+01
      vertex   -1.726346e+00 -1.726214e+01 1.992257e+01
      vertex   -1.728958e+00 -1.804465e+01 2.055624e+01
    endloop
  endfacet
  facet normal -9.999944e-01 3.338194e-03 3.399441e-15
    outer loop
      vertex   -1.728958e+00 -1.804465e+01 2.055624e+01
      vertex   -1.726346e+00 -1.726214e+01 1.992257e+01
      vertex   -1.728926e+00 -1.803488e+01 2.051551e+01
    endloop
  endfacet
  facet normal -9.999944e-01 3.338194e-03 -3.240227e-15
    outer loop
      vertex   -1.728926e+00 -1.803488e+01 2.051551e+01
      vertex   -1.726346e+00 -1.726214e+01 1.992257e+01
      vertex   -1.728886e+00 -1.802298e+01 2.047536e+01
    endloop
  endfacet
  facet normal -9.999944e-01 3.338194e-03 8.432120e-16
    outer loop
      vertex   -1.728886e+00 -1.802298e+01 2.047536e+01
      vertex   -1.726346e+00 -1.726214e+01 1.992257e+01
      vertex   -1.728839e+00 -1.800900e+01 2.043587e+01
    endloop
  endfacet
  facet normal -9.999944e-01 3.338194e-03 6.847456e-16
    outer loop
      vertex   -1.728839e+00 -1.800900e+01 2.043587e+01
      vertex   -1.726346e+00 -1.726214e+01 1.992257e+01
      vertex   -1.728786e+00 -1.799297e+01 2.039718e+01
    endloop
  endfacet
  facet normal -9.999944e-01 3.338194e-03 6.301198e-16
    outer loop
      vertex   -1.728786e+00 -1.799297e+01 2.039718e+01
      vertex   -1.726346e+00 -1.726214e+01 1.992257e+01
      vertex   -1.728726e+00 -1.797494e+01 2.035938e+01
    endloop
  endfacet
  facet normal -9.999944e-01 3.338194e-03 2.390516e-15
    outer loop
      vertex   -1.728726e+00 -1.797494e+01 2.035938e+01
      vertex   -1.726346e+00 -1.726214e+01 1.992257e+01
      vertex   -1.728659e+00 -1.795496e+01 2.032257e+01
    endloop
  endfacet
  facet normal -9.999944e-01 3.338194e-03 -1.074927e-15
    outer loop
      vertex   -1.728659e+00 -1.795496e+01 2.032257e+01
      vertex   -1.726346e+00 -1.726214e+01 1.992257e+01
      vertex   -1.728586e+00 -1.793307e+01 2.028686e+01
    endloop
  endfacet
  facet normal -9.999944e-01 3.338194e-03 7.793371e-16
    outer loop
      vertex   -1.728586e+00 -1.793307e+01 2.028686e+01
      vertex   -1.726346e+00 -1.726214e+01 1.992257e+01
      vertex   -1.728507e+00 -1.790935e+01 2.025234e+01
    endloop
  endfacet
  facet normal -9.999944e-01 3.338194e-03 -8.174611e-15
    outer loop
      vertex   -1.728507e+00 -1.790935e+01 2.025234e+01
      vertex   -1.726346e+00 -1.726214e+01 1.992257e+01
      vertex   -1.728422e+00 -1.788385e+01 2.021911e+01
    endloop
  endfacet
  facet normal -9.999944e-01 3.338194e-03 6.884396e-15
    outer loop
      vertex   -1.728422e+00 -1.788385e+01 2.021911e+01
      vertex   -1.726346e+00 -1.726214e+01 1.992257e+01
      vertex   -1.728331e+00 -1.785665e+01 2.018726e+01
    endloop
  endfacet
  facet normal -9.999944e-01 3.338194e-03 -2.243941e-15
    outer loop
      vertex   -1.728331e+00 -1.785665e+01 2.018726e+01
      vertex   -1.726346e+00 -1.726214e+01 1.992257e+01
      vertex   -1.728235e+00 -1.782782e+01 2.015688e+01
    endloop
  endfacet
  facet normal -9.999944e-01 3.338194e-03 7.904564e-15
    outer loop
      vertex   -1.728235e+00 -1.782782e+01 2.015688e+01
      vertex   -1.726346e+00 -1.726214e+01 1.992257e+01
      vertex   -1.728133e+00 -1.779744e+01 2.012805e+01
    endloop
  endfacet
  facet normal -9.999944e-01 3.338194e-03 -4.793238e-15
    outer loop
      vertex   -1.728133e+00 -1.779744e+01 2.012805e+01
      vertex   -1.726346e+00 -1.726214e+01 1.992257e+01
      vertex   -1.728027e+00 -1.776559e+01 2.010085e+01
    endloop
  endfacet
  facet normal -9.999944e-01 3.338194e-03 -1.316070e-14
    outer loop
      vertex   -1.728027e+00 -1.776559e+01 2.010085e+01
      vertex   -1.726346e+00 -1.726214e+01 1.992257e+01
      vertex   -1.727916e+00 -1.773237e+01 2.007536e+01
    endloop
  endfacet
  facet normal -9.999944e-01 3.338194e-03 1.022365e-14
    outer loop
      vertex   -1.727916e+00 -1.773237e+01 2.007536e+01
      vertex   -1.726346e+00 -1.726214e+01 1.992257e+01
      vertex   -1.727801e+00 -1.769785e+01 2.005163e+01
    endloop
  endfacet
  facet normal -9.999944e-01 3.338194e-03 6.722225e-16
    outer loop
      vertex   -1.727801e+00 -1.769785e+01 2.005163e+01
      vertex   -1.726346e+00 -1.726214e+01 1.992257e+01
      vertex   -1.727681e+00 -1.766214e+01 2.002975e+01
    endloop
  endfacet
  facet normal -9.999944e-01 3.338194e-03 -3.545847e-15
    outer loop
      vertex   -1.727681e+00 -1.766214e+01 2.002975e+01
      vertex   -1.726346e+00 -1.726214e+01 1.992257e+01
      vertex   -1.727559e+00 -1.762533e+01 2.000976e+01
    endloop
  endfacet
  facet normal -9.999944e-01 3.338194e-03 1.461364e-14
    outer loop
      vertex   -1.727559e+00 -1.762533e+01 2.000976e+01
      vertex   -1.726346e+00 -1.726214e+01 1.992257e+01
      vertex   -1.727432e+00 -1.758753e+01 1.999173e+01
    endloop
  endfacet
  facet normal -9.999944e-01 3.338194e-03 7.658943e-15
    outer loop
      vertex   -1.727432e+00 -1.758753e+01 1.999173e+01
      vertex   -1.726346e+00 -1.726214e+01 1.992257e+01
      vertex   -1.727303e+00 -1.754883e+01 1.997570e+01
    endloop
  endfacet
  facet normal -9.999944e-01 3.338194e-03 -4.341281e-14
    outer loop
      vertex   -1.727303e+00 -1.754883e+01 1.997570e+01
      vertex   -1.726346e+00 -1.726214e+01 1.992257e+01
      vertex   -1.727171e+00 -1.750935e+01 1.996172e+01
    endloop
  endfacet
  facet normal -9.999944e-01 3.338194e-03 2.872856e-14
    outer loop
      vertex   -1.727171e+00 -1.750935e+01 1.996172e+01
      vertex   -1.726346e+00 -1.726214e+01 1.992257e+01
      vertex   -1.727037e+00 -1.746920e+01 1.994983e+01
    endloop
  endfacet
  facet normal -9.999944e-01 3.338194e-03 -3.383315e-14
    outer loop
      vertex   -1.727037e+00 -1.746920e+01 1.994983e+01
      vertex   -1.726346e+00 -1.726214e+01 1.992257e+01
      vertex   -1.726901e+00 -1.742847e+01 1.994005e+01
    endloop
  endfacet
  facet normal -9.999944e-01 3.338194e-03 -2.492110e-14
    outer loop
      vertex   -1.726901e+00 -1.742847e+01 1.994005e+01
      vertex   -1.726346e+00 -1.726214e+01 1.992257e+01
      vertex   -1.726764e+00 -1.738729e+01 1.993242e+01
    endloop
  endfacet
  facet normal -9.999944e-01 3.338194e-03 1.125889e-13
    outer loop
      vertex   -1.726764e+00 -1.738729e+01 1.993242e+01
      vertex   -1.726346e+00 -1.726214e+01 1.992257e+01
      vertex   -1.726625e+00 -1.734576e+01 1.992695e+01
    endloop
  endfacet
  facet normal -9.999944e-01 3.338194e-03 -1.373157e-13
    outer loop
      vertex   -1.726625e+00 -1.734576e+01 1.992695e+01
      vertex   -1.726346e+00 -1.726214e+01 1.992257e+01
      vertex   -1.726486e+00 -1.730401e+01 1.992367e+01
    endloop
  endfacet
  facet normal -9.999944e-01 3.338194e-03 4.819805e-16
    outer loop
      vertex   -1.712993e+00 -1.326216e+01 2.033485e+01
      vertex   -1.714370e+00 -1.367444e+01 1.992257e+01
      vertex   -1.726346e+00 -1.726214e+01 1.992257e+01
    endloop
  endfacet
  facet normal -9.999944e-01 3.338194e-03 -5.661199e-15
    outer loop
      vertex   -1.775755e+00 -3.206315e+01 2.068070e+01
      vertex   -1.775766e+00 -3.206644e+01 2.063895e+01
      vertex   -1.778422e+00 -3.286205e+01 1.992257e+01
    endloop
  endfacet
  facet normal -9.999944e-01 3.338194e-03 4.868868e-15
    outer loop
      vertex   -1.778422e+00 -3.286205e+01 1.992257e+01
      vertex   -1.775766e+00 -3.206644e+01 2.063895e+01
      vertex   -1.775784e+00 -3.207191e+01 2.059742e+01
    endloop
  endfacet
  facet normal -9.999944e-01 3.338194e-03 -5.282703e-15
    outer loop
      vertex   -1.778422e+00 -3.286205e+01 1.992257e+01
      vertex   -1.775784e+00 -3.207191e+01 2.059742e+01
      vertex   -1.775810e+00 -3.207954e+01 2.055624e+01
    endloop
  endfacet
  facet normal -9.999944e-01 3.338194e-03 1.032435e-14
    outer loop
      vertex   -1.775810e+00 -3.207954e+01 2.055624e+01
      vertex   -1.775842e+00 -3.208932e+01 2.051551e+01
      vertex   -1.778422e+00 -3.286205e+01 1.992257e+01
    endloop
  endfacet
  facet normal -9.999944e-01 3.338194e-03 -1.107802e-14
    outer loop
      vertex   -1.778422e+00 -3.286205e+01 1.992257e+01
      vertex   -1.775842e+00 -3.208932e+01 2.051551e+01
      vertex   -1.775882e+00 -3.210121e+01 2.047536e+01
    endloop
  endfacet
  facet normal -9.999944e-01 3.338194e-03 6.852570e-15
    outer loop
      vertex   -1.778422e+00 -3.286205e+01 1.992257e+01
      vertex   -1.775882e+00 -3.210121e+01 2.047536e+01
      vertex   -1.775929e+00 -3.211519e+01 2.043587e+01
    endloop
  endfacet
  facet normal -9.999944e-01 3.338194e-03 6.745870e-15
    outer loop
      vertex   -1.775929e+00 -3.211519e+01 2.043587e+01
      vertex   -1.775982e+00 -3.213122e+01 2.039718e+01
      vertex   -1.778422e+00 -3.286205e+01 1.992257e+01
    endloop
  endfacet
  facet normal -9.999944e-01 3.338194e-03 -9.140607e-15
    outer loop
      vertex   -1.778422e+00 -3.286205e+01 1.992257e+01
      vertex   -1.775982e+00 -3.213122e+01 2.039718e+01
      vertex   -1.776043e+00 -3.214925e+01 2.035938e+01
    endloop
  endfacet
  facet normal -9.999944e-01 3.338194e-03 -2.643191e-15
    outer loop
      vertex   -1.778422e+00 -3.286205e+01 1.992257e+01
      vertex   -1.776043e+00 -3.214925e+01 2.035938e+01
      vertex   -1.776109e+00 -3.216924e+01 2.032257e+01
    endloop
  endfacet
  facet normal -9.999944e-01 3.338194e-03 2.570998e-16
    outer loop
      vertex   -1.776109e+00 -3.216924e+01 2.032257e+01
      vertex   -1.776182e+00 -3.219112e+01 2.028686e+01
      vertex   -1.778422e+00 -3.286205e+01 1.992257e+01
    endloop
  endfacet
  facet normal -9.999944e-01 3.338194e-03 1.019610e-14
    outer loop
      vertex   -1.778422e+00 -3.286205e+01 1.992257e+01
      vertex   -1.776182e+00 -3.219112e+01 2.028686e+01
      vertex   -1.776261e+00 -3.221484e+01 2.025234e+01
    endloop
  endfacet
  facet normal -9.999944e-01 3.338194e-03 -3.360709e-15
    outer loop
      vertex   -1.778422e+00 -3.286205e+01 1.992257e+01
      vertex   -1.776261e+00 -3.221484e+01 2.025234e+01
      vertex   -1.776347e+00 -3.224034e+01 2.021911e+01
    endloop
  endfacet
  facet normal -9.999944e-01 3.338194e-03 -7.399165e-15
    outer loop
      vertex   -1.776347e+00 -3.224034e+01 2.021911e+01
      vertex   -1.776437e+00 -3.226754e+01 2.018726e+01
      vertex   -1.778422e+00 -3.286205e+01 1.992257e+01
    endloop
  endfacet
  facet normal -9.999944e-01 3.338194e-03 1.427769e-14
    outer loop
      vertex   -1.778422e+00 -3.286205e+01 1.992257e+01
      vertex   -1.776437e+00 -3.226754e+01 2.018726e+01
      vertex   -1.776534e+00 -3.229637e+01 2.015688e+01
    endloop
  endfacet
  facet normal -9.999944e-01 3.338194e-03 -7.174449e-15
    outer loop
      vertex   -1.778422e+00 -3.286205e+01 1.992257e+01
      vertex   -1.776534e+00 -3.229637e+01 2.015688e+01
      vertex   -1.776635e+00 -3.232675e+01 2.012805e+01
    endloop
  endfacet
  facet normal -9.999944e-01 3.338194e-03 4.840769e-15
    outer loop
      vertex   -1.776635e+00 -3.232675e+01 2.012805e+01
      vertex   -1.776741e+00 -3.235860e+01 2.010085e+01
      vertex   -1.778422e+00 -3.286205e+01 1.992257e+01
    endloop
  endfacet
  facet normal -9.999944e-01 3.338194e-03 -2.085414e-14
    outer loop
      vertex   -1.778422e+00 -3.286205e+01 1.992257e+01
      vertex   -1.776741e+00 -3.235860e+01 2.010085e+01
      vertex   -1.776852e+00 -3.239183e+01 2.007536e+01
    endloop
  endfacet
  facet normal -9.999944e-01 3.338194e-03 6.741093e-15
    outer loop
      vertex   -1.778422e+00 -3.286205e+01 1.992257e+01
      vertex   -1.776852e+00 -3.239183e+01 2.007536e+01
      vertex   -1.776967e+00 -3.242635e+01 2.005163e+01
    endloop
  endfacet
  facet normal -9.999944e-01 3.338194e-03 -3.244444e-15
    outer loop
      vertex   -1.776967e+00 -3.242635e+01 2.005163e+01
      vertex   -1.777087e+00 -3.246206e+01 2.002975e+01
      vertex   -1.778422e+00 -3.286205e+01 1.992257e+01
    endloop
  endfacet
  facet normal -9.999944e-01 3.338194e-03 2.229100e-14
    outer loop
      vertex   -1.778422e+00 -3.286205e+01 1.992257e+01
      vertex   -1.777087e+00 -3.246206e+01 2.002975e+01
      vertex   -1.777210e+00 -3.249886e+01 2.000976e+01
    endloop
  endfacet
  facet normal -9.999944e-01 3.338194e-03 -1.474549e-14
    outer loop
      vertex   -1.778422e+00 -3.286205e+01 1.992257e+01
      vertex   -1.777210e+00 -3.249886e+01 2.000976e+01
      vertex   -1.777336e+00 -3.253667e+01 1.999173e+01
    endloop
  endfacet
  facet normal -9.999944e-01 3.338194e-03 -6.318008e-15
    outer loop
      vertex   -1.777336e+00 -3.253667e+01 1.999173e+01
      vertex   -1.777465e+00 -3.257536e+01 1.997570e+01
      vertex   -1.778422e+00 -3.286205e+01 1.992257e+01
    endloop
  endfacet
  facet normal -9.999944e-01 3.338194e-03 1.187175e-14
    outer loop
      vertex   -1.778422e+00 -3.286205e+01 1.992257e+01
      vertex   -1.777465e+00 -3.257536e+01 1.997570e+01
      vertex   -1.777597e+00 -3.261484e+01 1.996172e+01
    endloop
  endfacet
  facet normal -9.999944e-01 3.338194e-03 -3.703140e-14
    outer loop
      vertex   -1.778422e+00 -3.286205e+01 1.992257e+01
      vertex   -1.777597e+00 -3.261484e+01 1.996172e+01
      vertex   -1.777731e+00 -3.265500e+01 1.994983e+01
    endloop
  endfacet
  facet normal -9.999944e-01 3.338194e-03 2.125495e-14
    outer loop
      vertex   -1.777731e+00 -3.265500e+01 1.994983e+01
      vertex   -1.777867e+00 -3.269573e+01 1.994005e+01
      vertex   -1.778422e+00 -3.286205e+01 1.992257e+01
    endloop
  endfacet
  facet normal -9.999944e-01 3.338194e-03 1.457741e-14
    outer loop
      vertex   -1.778422e+00 -3.286205e+01 1.992257e+01
      vertex   -1.777867e+00 -3.269573e+01 1.994005e+01
      vertex   -1.778004e+00 -3.273691e+01 1.993242e+01
    endloop
  endfacet
  facet normal -9.999944e-01 3.338194e-03 -4.871776e-14
    outer loop
      vertex   -1.778422e+00 -3.286205e+01 1.992257e+01
      vertex   -1.778004e+00 -3.273691e+01 1.993242e+01
      vertex   -1.778143e+00 -3.277843e+01 1.992695e+01
    endloop
  endfacet
  facet normal -9.999944e-01 3.338194e-03 1.373116e-13
    outer loop
      vertex   -1.778143e+00 -3.277843e+01 1.992695e+01
      vertex   -1.778282e+00 -3.282019e+01 1.992367e+01
      vertex   -1.778422e+00 -3.286205e+01 1.992257e+01
    endloop
  endfacet
  facet normal -7.523776e-01 -6.585046e-01 -1.730885e-02
    outer loop
      vertex   -1.529685e+00 -1.826280e+01 2.072257e+01
      vertex   -1.529681e+00 -1.826143e+01 2.067023e+01
      vertex   -1.529383e+00 -1.826250e+01 2.069803e+01
    endloop
  endfacet
  facet normal -3.765316e-02 -9.985659e-01 -3.805829e-02
    outer loop
      vertex   -1.529383e+00 -1.826250e+01 2.069803e+01
      vertex   -1.529681e+00 -1.826143e+01 2.067023e+01
      vertex   -1.528477e+00 -1.826160e+01 2.067350e+01
    endloop
  endfacet
  facet normal 2.140524e-02 -9.979818e-01 -5.978341e-02
    outer loop
      vertex   -1.528477e+00 -1.826160e+01 2.067350e+01
      vertex   -1.529681e+00 -1.826143e+01 2.067023e+01
      vertex   -1.526967e+00 -1.826010e+01 2.064900e+01
    endloop
  endfacet
  facet normal -1.244511e-01 -9.891648e-01 -7.787784e-02
    outer loop
      vertex   -1.526967e+00 -1.826010e+01 2.064900e+01
      vertex   -1.529681e+00 -1.826143e+01 2.067023e+01
      vertex   -1.529667e+00 -1.825732e+01 2.061804e+01
    endloop
  endfacet
  facet normal -2.224047e-02 -9.959252e-01 -8.739769e-02
    outer loop
      vertex   -1.526967e+00 -1.826010e+01 2.064900e+01
      vertex   -1.529667e+00 -1.825732e+01 2.061804e+01
      vertex   -1.524854e+00 -1.825800e+01 2.062455e+01
    endloop
  endfacet
  facet normal 7.317587e-03 -9.940097e-01 -1.090468e-01
    outer loop
      vertex   -1.524854e+00 -1.825800e+01 2.062455e+01
      vertex   -1.529667e+00 -1.825732e+01 2.061804e+01
      vertex   -1.522140e+00 -1.825531e+01 2.060016e+01
    endloop
  endfacet
  facet normal -4.439820e-02 -9.904648e-01 -1.304157e-01
    outer loop
      vertex   -1.522140e+00 -1.825531e+01 2.060016e+01
      vertex   -1.529667e+00 -1.825732e+01 2.061804e+01
      vertex   -1.529644e+00 -1.825049e+01 2.056613e+01
    endloop
  endfacet
  facet normal -1.719333e-02 -9.905017e-01 -1.364213e-01
    outer loop
      vertex   -1.522140e+00 -1.825531e+01 2.060016e+01
      vertex   -1.529644e+00 -1.825049e+01 2.056613e+01
      vertex   -1.518826e+00 -1.825202e+01 2.057584e+01
    endloop
  endfacet
  facet normal 2.546809e-03 -9.874442e-01 -1.579479e-01
    outer loop
      vertex   -1.518826e+00 -1.825202e+01 2.057584e+01
      vertex   -1.529644e+00 -1.825049e+01 2.056613e+01
      vertex   -1.514914e+00 -1.824813e+01 2.055161e+01
    endloop
  endfacet
  facet normal -2.208231e-02 -9.830133e-01 -1.822009e-01
    outer loop
      vertex   -1.514914e+00 -1.824813e+01 2.055161e+01
      vertex   -1.529644e+00 -1.825049e+01 2.056613e+01
      vertex   -1.529612e+00 -1.824095e+01 2.051466e+01
    endloop
  endfacet
  facet normal -1.466676e-02 -9.826152e-01 -1.850734e-01
    outer loop
      vertex   -1.514914e+00 -1.824813e+01 2.055161e+01
      vertex   -1.529612e+00 -1.824095e+01 2.051466e+01
      vertex   -1.510407e+00 -1.824365e+01 2.052748e+01
    endloop
  endfacet
  facet normal 1.614677e-04 -9.784653e-01 -2.064112e-01
    outer loop
      vertex   -1.510407e+00 -1.824365e+01 2.052748e+01
      vertex   -1.529612e+00 -1.824095e+01 2.051466e+01
      vertex   -1.505307e+00 -1.823859e+01 2.050347e+01
    endloop
  endfacet
  facet normal -1.288037e-02 -9.722873e-01 -2.334341e-01
    outer loop
      vertex   -1.505307e+00 -1.823859e+01 2.050347e+01
      vertex   -1.529612e+00 -1.824095e+01 2.051466e+01
      vertex   -1.529572e+00 -1.822873e+01 2.046375e+01
    endloop
  endfacet
  facet normal -1.314508e-02 -9.723206e-01 -2.332807e-01
    outer loop
      vertex   -1.505307e+00 -1.823859e+01 2.050347e+01
      vertex   -1.529572e+00 -1.822873e+01 2.046375e+01
      vertex   -1.499617e+00 -1.823293e+01 2.047959e+01
    endloop
  endfacet
  facet normal -1.257691e-03 -9.671043e-01 -2.543772e-01
    outer loop
      vertex   -1.499617e+00 -1.823293e+01 2.047959e+01
      vertex   -1.529572e+00 -1.822873e+01 2.046375e+01
      vertex   -1.493341e+00 -1.822670e+01 2.045586e+01
    endloop
  endfacet
  facet normal -7.136004e-03 -9.601022e-01 -2.795582e-01
    outer loop
      vertex   -1.493341e+00 -1.822670e+01 2.045586e+01
      vertex   -1.529572e+00 -1.822873e+01 2.046375e+01
      vertex   -1.486482e+00 -1.821989e+01 2.043228e+01
    endloop
  endfacet
  facet normal -1.066457e-02 -9.587610e-01 -2.840134e-01
    outer loop
      vertex   -1.486482e+00 -1.821989e+01 2.043228e+01
      vertex   -1.529572e+00 -1.822873e+01 2.046375e+01
      vertex   -1.529522e+00 -1.821386e+01 2.041355e+01
    endloop
  endfacet
  facet normal -2.199528e-03 -9.533896e-01 -3.017342e-01
    outer loop
      vertex   -1.486482e+00 -1.821989e+01 2.043228e+01
      vertex   -1.529522e+00 -1.821386e+01 2.041355e+01
      vertex   -1.479045e+00 -1.821250e+01 2.040889e+01
    endloop
  endfacet
  facet normal -4.634425e-03 -9.454391e-01 -3.257660e-01
    outer loop
      vertex   -1.479045e+00 -1.821250e+01 2.040889e+01
      vertex   -1.529522e+00 -1.821386e+01 2.041355e+01
      vertex   -1.471035e+00 -1.820454e+01 2.038568e+01
    endloop
  endfacet
  facet normal -8.916404e-03 -9.426009e-01 -3.338025e-01
    outer loop
      vertex   -1.471035e+00 -1.820454e+01 2.038568e+01
      vertex   -1.529522e+00 -1.821386e+01 2.041355e+01
      vertex   -1.529464e+00 -1.819638e+01 2.036420e+01
    endloop
  endfacet
  facet normal -2.850305e-03 -9.373720e-01 -3.483184e-01
    outer loop
      vertex   -1.471035e+00 -1.820454e+01 2.038568e+01
      vertex   -1.529464e+00 -1.819638e+01 2.036420e+01
      vertex   -1.462455e+00 -1.819602e+01 2.036267e+01
    endloop
  endfacet
  facet normal -3.425645e-03 -9.284522e-01 -3.714361e-01
    outer loop
      vertex   -1.462455e+00 -1.819602e+01 2.036267e+01
      vertex   -1.529464e+00 -1.819638e+01 2.036420e+01
      vertex   -1.453311e+00 -1.818694e+01 2.033989e+01
    endloop
  endfacet
  facet normal -7.584874e-03 -9.238519e-01 -3.826750e-01
    outer loop
      vertex   -1.453311e+00 -1.818694e+01 2.033989e+01
      vertex   -1.529464e+00 -1.819638e+01 2.036420e+01
      vertex   -1.529397e+00 -1.817635e+01 2.031583e+01
    endloop
  endfacet
  facet normal -3.315120e-03 -9.190716e-01 -3.940767e-01
    outer loop
      vertex   -1.453311e+00 -1.818694e+01 2.033989e+01
      vertex   -1.529397e+00 -1.817635e+01 2.031583e+01
      vertex   -1.443609e+00 -1.817730e+01 2.031733e+01
    endloop
  endfacet
  facet normal -2.817439e-03 -9.091991e-01 -4.163522e-01
    outer loop
      vertex   -1.443609e+00 -1.817730e+01 2.031733e+01
      vertex   -1.529397e+00 -1.817635e+01 2.031583e+01
      vertex   -1.433355e+00 -1.816711e+01 2.029501e+01
    endloop
  endfacet
  facet normal -6.523497e-03 -9.025641e-01 -4.305061e-01
    outer loop
      vertex   -1.433355e+00 -1.816711e+01 2.029501e+01
      vertex   -1.529397e+00 -1.817635e+01 2.031583e+01
      vertex   -1.529322e+00 -1.815381e+01 2.026858e+01
    endloop
  endfacet
  facet normal -3.663199e-03 -8.985446e-01 -4.388669e-01
    outer loop
      vertex   -1.433355e+00 -1.816711e+01 2.029501e+01
      vertex   -1.529322e+00 -1.815381e+01 2.026858e+01
      vertex   -1.422554e+00 -1.815638e+01 2.027296e+01
    endloop
  endfacet
  facet normal -2.520601e-03 -8.877263e-01 -4.603646e-01
    outer loop
      vertex   -1.422554e+00 -1.815638e+01 2.027296e+01
      vertex   -1.529322e+00 -1.815381e+01 2.026858e+01
      vertex   -1.411213e+00 -1.814512e+01 2.025117e+01
    endloop
  endfacet
  facet normal -5.653283e-03 -8.787970e-01 -4.771623e-01
    outer loop
      vertex   -1.411213e+00 -1.814512e+01 2.025117e+01
      vertex   -1.529322e+00 -1.815381e+01 2.026858e+01
      vertex   -1.529238e+00 -1.812883e+01 2.022257e+01
    endloop
  endfacet
  facet normal -3.923515e-03 -8.758274e-01 -4.826085e-01
    outer loop
      vertex   -1.411213e+00 -1.814512e+01 2.025117e+01
      vertex   -1.529238e+00 -1.812883e+01 2.022257e+01
      vertex   -1.399339e+00 -1.813332e+01 2.022967e+01
    endloop
  endfacet
  facet normal -2.386049e-03 -8.641035e-01 -5.033086e-01
    outer loop
      vertex   -1.399339e+00 -1.813332e+01 2.022967e+01
      vertex   -1.529238e+00 -1.812883e+01 2.022257e+01
      vertex   -1.386940e+00 -1.812101e+01 2.020847e+01
    endloop
  endfacet
  facet normal -4.918352e-03 -8.526281e-01 -5.224952e-01
    outer loop
      vertex   -1.386940e+00 -1.812101e+01 2.020847e+01
      vertex   -1.529238e+00 -1.812883e+01 2.022257e+01
      vertex   -1.529147e+00 -1.810147e+01 2.017793e+01
    endloop
  endfacet
  facet normal -4.119357e-03 -8.509889e-01 -5.251675e-01
    outer loop
      vertex   -1.386940e+00 -1.812101e+01 2.020847e+01
      vertex   -1.529147e+00 -1.810147e+01 2.017793e+01
      vertex   -1.374022e+00 -1.810818e+01 2.018757e+01
    endloop
  endfacet
  facet normal -2.334432e-03 -8.383617e-01 -5.451093e-01
    outer loop
      vertex   -1.374022e+00 -1.810818e+01 2.018757e+01
      vertex   -1.529147e+00 -1.810147e+01 2.017793e+01
      vertex   -1.360593e+00 -1.809484e+01 2.016700e+01
    endloop
  endfacet
  facet normal -4.276630e-03 -8.241152e-01 -5.664060e-01
    outer loop
      vertex   -1.360593e+00 -1.809484e+01 2.016700e+01
      vertex   -1.529147e+00 -1.810147e+01 2.017793e+01
      vertex   -1.529048e+00 -1.807182e+01 2.013478e+01
    endloop
  endfacet
  facet normal -1.722633e-03 -8.179174e-01 -5.753331e-01
    outer loop
      vertex   -1.360593e+00 -1.809484e+01 2.016700e+01
      vertex   -1.529048e+00 -1.807182e+01 2.013478e+01
      vertex   -1.332237e+00 -1.806667e+01 2.012687e+01
    endloop
  endfacet
  facet normal -3.709842e-03 -7.933484e-01 -6.087566e-01
    outer loop
      vertex   -1.332237e+00 -1.806667e+01 2.012687e+01
      vertex   -1.529048e+00 -1.807182e+01 2.013478e+01
      vertex   -1.528941e+00 -1.803995e+01 2.009325e+01
    endloop
  endfacet
  facet normal -2.006962e-03 -7.885794e-01 -6.149296e-01
    outer loop
      vertex   -1.332237e+00 -1.806667e+01 2.012687e+01
      vertex   -1.528941e+00 -1.803995e+01 2.009325e+01
      vertex   -1.301939e+00 -1.803657e+01 2.008818e+01
    endloop
  endfacet
  facet normal -3.197730e-03 -7.603971e-01 -6.494506e-01
    outer loop
      vertex   -1.301939e+00 -1.803657e+01 2.008818e+01
      vertex   -1.528941e+00 -1.803995e+01 2.009325e+01
      vertex   -1.528828e+00 -1.800595e+01 2.005344e+01
    endloop
  endfacet
  facet normal -2.236332e-03 -7.573312e-01 -6.530272e-01
    outer loop
      vertex   -1.301939e+00 -1.803657e+01 2.008818e+01
      vertex   -1.528828e+00 -1.800595e+01 2.005344e+01
      vertex   -1.269773e+00 -1.800462e+01 2.005101e+01
    endloop
  endfacet
  facet normal -2.731413e-03 -7.253669e-01 -6.883570e-01
    outer loop
      vertex   -1.269773e+00 -1.800462e+01 2.005101e+01
      vertex   -1.528828e+00 -1.800595e+01 2.005344e+01
      vertex   -1.528708e+00 -1.796991e+01 2.001546e+01
    endloop
  endfacet
  facet normal -2.417670e-03 -7.242409e-01 -6.895428e-01
    outer loop
      vertex   -1.269773e+00 -1.800462e+01 2.005101e+01
      vertex   -1.528708e+00 -1.796991e+01 2.001546e+01
      vertex   -1.235816e+00 -1.797089e+01 2.001546e+01
    endloop
  endfacet
  facet normal -2.301827e-03 -6.895390e-01 -7.242449e-01
    outer loop
      vertex   -1.235816e+00 -1.797089e+01 2.001546e+01
      vertex   -1.528708e+00 -1.796991e+01 2.001546e+01
      vertex   -1.200150e+00 -1.793546e+01 1.998162e+01
    endloop
  endfacet
  facet normal -2.542308e-03 -6.883526e-01 -7.253718e-01
    outer loop
      vertex   -1.200150e+00 -1.793546e+01 1.998162e+01
      vertex   -1.528708e+00 -1.796991e+01 2.001546e+01
      vertex   -1.528581e+00 -1.793194e+01 1.997942e+01
    endloop
  endfacet
  facet normal -1.954157e-03 -6.532986e-01 -7.570978e-01
    outer loop
      vertex   -1.200150e+00 -1.793546e+01 1.998162e+01
      vertex   -1.528581e+00 -1.793194e+01 1.997942e+01
      vertex   -1.162860e+00 -1.789842e+01 1.994956e+01
    endloop
  endfacet
  facet normal -2.578064e-03 -6.494404e-01 -7.604081e-01
    outer loop
      vertex   -1.162860e+00 -1.789842e+01 1.994956e+01
      vertex   -1.528581e+00 -1.793194e+01 1.997942e+01
      vertex   -1.528448e+00 -1.789213e+01 1.994542e+01
    endloop
  endfacet
  facet normal -1.679079e-03 -6.154595e-01 -7.881667e-01
    outer loop
      vertex   -1.162860e+00 -1.789842e+01 1.994956e+01
      vertex   -1.528448e+00 -1.789213e+01 1.994542e+01
      vertex   -1.124037e+00 -1.785985e+01 1.991936e+01
    endloop
  endfacet
  facet normal -2.548073e-03 -6.087575e-01 -7.933523e-01
    outer loop
      vertex   -1.124037e+00 -1.785985e+01 1.991936e+01
      vertex   -1.528448e+00 -1.789213e+01 1.994542e+01
      vertex   -1.528309e+00 -1.785059e+01 1.991355e+01
    endloop
  endfacet
  facet normal -1.455251e-03 -5.761235e-01 -8.173613e-01
    outer loop
      vertex   -1.124037e+00 -1.785985e+01 1.991936e+01
      vertex   -1.528309e+00 -1.785059e+01 1.991355e+01
      vertex   -1.083775e+00 -1.781986e+01 1.989110e+01
    endloop
  endfacet
  facet normal -2.468993e-03 -5.664015e-01 -8.241258e-01
    outer loop
      vertex   -1.083775e+00 -1.781986e+01 1.989110e+01
      vertex   -1.528309e+00 -1.785059e+01 1.991355e+01
      vertex   -1.528165e+00 -1.780744e+01 1.988390e+01
    endloop
  endfacet
  facet normal -1.269751e-03 -5.353632e-01 -8.446210e-01
    outer loop
      vertex   -1.083775e+00 -1.781986e+01 1.989110e+01
      vertex   -1.528165e+00 -1.780744e+01 1.988390e+01
      vertex   -1.042169e+00 -1.777853e+01 1.986484e+01
    endloop
  endfacet
  facet normal -2.350065e-03 -5.224912e-01 -8.526414e-01
    outer loop
      vertex   -1.042169e+00 -1.777853e+01 1.986484e+01
      vertex   -1.528165e+00 -1.780744e+01 1.988390e+01
      vertex   -1.528016e+00 -1.776281e+01 1.985654e+01
    endloop
  endfacet
  facet normal -1.111441e-03 -4.933047e-01 -8.698559e-01
    outer loop
      vertex   -1.042169e+00 -1.777853e+01 1.986484e+01
      vertex   -1.528016e+00 -1.776281e+01 1.985654e+01
      vertex   -9.993206e-01 -1.773597e+01 1.984065e+01
    endloop
  endfacet
  facet normal -2.200850e-03 -4.771522e-01 -8.788179e-01
    outer loop
      vertex   -9.993206e-01 -1.773597e+01 1.984065e+01
      vertex   -1.528016e+00 -1.776281e+01 1.985654e+01
      vertex   -1.527863e+00 -1.771680e+01 1.983156e+01
    endloop
  endfacet
  facet normal -9.731350e-04 -4.500310e-01 -8.930124e-01
    outer loop
      vertex   -9.993206e-01 -1.773597e+01 1.984065e+01
      vertex   -1.527863e+00 -1.771680e+01 1.983156e+01
      vertex   -9.553328e-01 -1.769227e+01 1.981858e+01
    endloop
  endfacet
  facet normal -2.026262e-03 -4.305117e-01 -9.025827e-01
    outer loop
      vertex   -9.553328e-01 -1.769227e+01 1.981858e+01
      vertex   -1.527863e+00 -1.771680e+01 1.983156e+01
      vertex   -1.527705e+00 -1.766954e+01 1.980902e+01
    endloop
  endfacet
  facet normal -8.486985e-04 -4.056668e-01 -9.140206e-01
    outer loop
      vertex   -9.553328e-01 -1.769227e+01 1.981858e+01
      vertex   -1.527705e+00 -1.766954e+01 1.980902e+01
      vertex   -9.103116e-01 -1.764755e+01 1.979869e+01
    endloop
  endfacet
  facet normal -1.832745e-03 -3.826749e-01 -9.238813e-01
    outer loop
      vertex   -9.103116e-01 -1.764755e+01 1.979869e+01
      vertex   -1.527705e+00 -1.766954e+01 1.980902e+01
      vertex   -1.527544e+00 -1.762117e+01 1.978899e+01
    endloop
  endfacet
  facet normal -7.358257e-04 -3.602995e-01 -9.328364e-01
    outer loop
      vertex   -9.103116e-01 -1.764755e+01 1.979869e+01
      vertex   -1.527544e+00 -1.762117e+01 1.978899e+01
      vertex   -8.643654e-01 -1.760191e+01 1.978102e+01
    endloop
  endfacet
  facet normal -1.623191e-03 -3.338044e-01 -9.426410e-01
    outer loop
      vertex   -8.643654e-01 -1.760191e+01 1.978102e+01
      vertex   -1.527544e+00 -1.762117e+01 1.978899e+01
      vertex   -1.527379e+00 -1.757182e+01 1.977151e+01
    endloop
  endfacet
  facet normal -6.298724e-04 -3.140534e-01 -9.494051e-01
    outer loop
      vertex   -8.643654e-01 -1.760191e+01 1.978102e+01
      vertex   -1.527379e+00 -1.757182e+01 1.977151e+01
      vertex   -8.176050e-01 -1.755546e+01 1.976563e+01
    endloop
  endfacet
  facet normal -1.400550e-03 -2.840099e-01 -9.588203e-01
    outer loop
      vertex   -8.176050e-01 -1.755546e+01 1.976563e+01
      vertex   -1.527379e+00 -1.757182e+01 1.977151e+01
      vertex   -1.527211e+00 -1.752163e+01 1.975664e+01
    endloop
  endfacet
  facet normal -5.304664e-04 -2.670528e-01 -9.636818e-01
    outer loop
      vertex   -8.176050e-01 -1.755546e+01 1.976563e+01
      vertex   -1.527211e+00 -1.752163e+01 1.975664e+01
      vertex   -7.701428e-01 -1.750831e+01 1.975254e+01
    endloop
  endfacet
  facet normal -1.168513e-03 -2.334444e-01 -9.723695e-01
    outer loop
      vertex   -7.701428e-01 -1.750831e+01 1.975254e+01
      vertex   -1.527211e+00 -1.752163e+01 1.975664e+01
      vertex   -1.527041e+00 -1.747072e+01 1.974442e+01
    endloop
  endfacet
  facet normal -4.350809e-04 -2.193841e-01 -9.756385e-01
    outer loop
      vertex   -7.701428e-01 -1.750831e+01 1.975254e+01
      vertex   -1.527041e+00 -1.747072e+01 1.974442e+01
      vertex   -7.220933e-01 -1.746058e+01 1.974178e+01
    endloop
  endfacet
  facet normal -9.277218e-04 -1.822382e-01 -9.832540e-01
    outer loop
      vertex   -7.220933e-01 -1.746058e+01 1.974178e+01
      vertex   -1.527041e+00 -1.747072e+01 1.974442e+01
      vertex   -1.526869e+00 -1.741924e+01 1.973488e+01
    endloop
  endfacet
  facet normal -3.425608e-04 -1.711790e-01 -9.852399e-01
    outer loop
      vertex   -7.220933e-01 -1.746058e+01 1.974178e+01
      vertex   -1.526869e+00 -1.741924e+01 1.973488e+01
      vertex   -6.735723e-01 -1.741239e+01 1.973339e+01
    endloop
  endfacet
  facet normal -6.799896e-04 -1.305244e-01 -9.914449e-01
    outer loop
      vertex   -6.735723e-01 -1.741239e+01 1.973339e+01
      vertex   -1.526869e+00 -1.741924e+01 1.973488e+01
      vertex   -1.526696e+00 -1.736734e+01 1.972805e+01
    endloop
  endfacet
  facet normal -2.536421e-04 -1.225710e-01 -9.924597e-01
    outer loop
      vertex   -6.735723e-01 -1.741239e+01 1.973339e+01
      vertex   -1.526696e+00 -1.736734e+01 1.972805e+01
      vertex   -6.246967e-01 -1.736384e+01 1.972738e+01
    endloop
  endfacet
  facet normal -4.281070e-04 -7.845543e-02 -9.969175e-01
    outer loop
      vertex   -6.246967e-01 -1.736384e+01 1.972738e+01
      vertex   -1.526696e+00 -1.736734e+01 1.972805e+01
      vertex   -1.526522e+00 -1.731514e+01 1.972394e+01
    endloop
  endfacet
  facet normal -1.667608e-04 -7.364099e-02 -9.972848e-01
    outer loop
      vertex   -6.246967e-01 -1.736384e+01 1.972738e+01
      vertex   -1.526522e+00 -1.731514e+01 1.972394e+01
      vertex   -5.755840e-01 -1.731505e+01 1.972377e+01
    endloop
  endfacet
  facet normal -1.718582e-04 -2.617572e-02 -9.996573e-01
    outer loop
      vertex   -5.755840e-01 -1.731505e+01 1.972377e+01
      vertex   -1.526522e+00 -1.731514e+01 1.972394e+01
      vertex   -1.526347e+00 -1.726281e+01 1.972257e+01
    endloop
  endfacet
  facet normal -8.191926e-05 -2.453986e-02 -9.996988e-01
    outer loop
      vertex   -5.755840e-01 -1.731505e+01 1.972377e+01
      vertex   -1.526347e+00 -1.726281e+01 1.972257e+01
      vertex   -5.263528e-01 -1.726615e+01 1.972257e+01
    endloop
  endfacet
  facet normal 8.191926e-05 2.453986e-02 -9.996988e-01
    outer loop
      vertex   -5.784287e-01 -3.286606e+01 1.972257e+01
      vertex   -1.578423e+00 -3.286272e+01 1.972257e+01
      vertex   -6.273323e-01 -3.281683e+01 1.972377e+01
    endloop
  endfacet
  facet normal 2.903890e-06 2.617628e-02 -9.996573e-01
    outer loop
      vertex   -6.273323e-01 -3.281683e+01 1.972377e+01
      vertex   -1.578423e+00 -3.286272e+01 1.972257e+01
      vertex   -1.578248e+00 -3.281039e+01 1.972394e+01
    endloop
  endfacet
  facet normal 3.248959e-04 7.364046e-02 -9.972848e-01
    outer loop
      vertex   -6.273323e-01 -3.281683e+01 1.972377e+01
      vertex   -1.578248e+00 -3.281039e+01 1.972394e+01
      vertex   -6.761181e-01 -3.276772e+01 1.972738e+01
    endloop
  endfacet
  facet normal 9.569844e-05 7.845654e-02 -9.969175e-01
    outer loop
      vertex   -6.761181e-01 -3.276772e+01 1.972738e+01
      vertex   -1.578248e+00 -3.281039e+01 1.972394e+01
      vertex   -1.578074e+00 -3.275819e+01 1.972805e+01
    endloop
  endfacet
  facet normal 5.646907e-04 1.225700e-01 -9.924597e-01
    outer loop
      vertex   -6.761181e-01 -3.276772e+01 1.972738e+01
      vertex   -1.578074e+00 -3.275819e+01 1.972805e+01
      vertex   -7.246685e-01 -3.271884e+01 1.973339e+01
    endloop
  endfacet
  facet normal 1.914518e-04 1.305260e-01 -9.914449e-01
    outer loop
      vertex   -7.246685e-01 -3.271884e+01 1.973339e+01
      vertex   -1.578074e+00 -3.275819e+01 1.972805e+01
      vertex   -1.577901e+00 -3.270629e+01 1.973488e+01
    endloop
  endfacet
  facet normal 8.002976e-04 1.711775e-01 -9.852399e-01
    outer loop
      vertex   -7.246685e-01 -3.271884e+01 1.973339e+01
      vertex   -1.577901e+00 -3.270629e+01 1.973488e+01
      vertex   -7.728666e-01 -3.267032e+01 1.974178e+01
    endloop
  endfacet
  facet normal 2.889847e-04 1.822403e-01 -9.832540e-01
    outer loop
      vertex   -7.728666e-01 -3.267032e+01 1.974178e+01
      vertex   -1.577901e+00 -3.270629e+01 1.973488e+01
      vertex   -1.577729e+00 -3.265481e+01 1.974442e+01
    endloop
  endfacet
  facet normal 1.029614e-03 2.193821e-01 -9.756385e-01
    outer loop
      vertex   -7.728666e-01 -3.267032e+01 1.974178e+01
      vertex   -1.577729e+00 -3.265481e+01 1.974442e+01
      vertex   -8.205964e-01 -3.262227e+01 1.975254e+01
    endloop
  endfacet
  facet normal 3.900700e-04 2.334470e-01 -9.723695e-01
    outer loop
      vertex   -8.205964e-01 -3.262227e+01 1.975254e+01
      vertex   -1.577729e+00 -3.265481e+01 1.974442e+01
      vertex   -1.577559e+00 -3.260390e+01 1.975664e+01
    endloop
  endfacet
  facet normal 1.252483e-03 2.670504e-01 -9.636818e-01
    outer loop
      vertex   -8.205964e-01 -3.262227e+01 1.975254e+01
      vertex   -1.577559e+00 -3.260390e+01 1.975664e+01
      vertex   -8.677427e-01 -3.257481e+01 1.976563e+01
    endloop
  endfacet
  facet normal 4.956307e-04 2.840129e-01 -9.588203e-01
    outer loop
      vertex   -8.677427e-01 -3.257481e+01 1.976563e+01
      vertex   -1.577559e+00 -3.260390e+01 1.975664e+01
      vertex   -1.577391e+00 -3.255371e+01 1.977151e+01
    endloop
  endfacet
  facet normal 1.466872e-03 3.140506e-01 -9.494051e-01
    outer loop
      vertex   -8.677427e-01 -3.257481e+01 1.976563e+01
      vertex   -1.577391e+00 -3.255371e+01 1.977151e+01
      vertex   -9.141920e-01 -3.252805e+01 1.978102e+01
    endloop
  endfacet
  facet normal 6.054406e-04 3.338078e-01 -9.426410e-01
    outer loop
      vertex   -9.141920e-01 -3.252805e+01 1.978102e+01
      vertex   -1.577391e+00 -3.255371e+01 1.977151e+01
      vertex   -1.577227e+00 -3.250436e+01 1.978899e+01
    endloop
  endfacet
  facet normal 1.669676e-03 3.602964e-01 -9.328364e-01
    outer loop
      vertex   -9.141920e-01 -3.252805e+01 1.978102e+01
      vertex   -1.577227e+00 -3.250436e+01 1.978899e+01
      vertex   -9.598325e-01 -3.248210e+01 1.979869e+01
    endloop
  endfacet
  facet normal 7.221668e-04 3.826786e-01 -9.238813e-01
    outer loop
      vertex   -9.598325e-01 -3.248210e+01 1.979869e+01
      vertex   -1.577227e+00 -3.250436e+01 1.978899e+01
      vertex   -1.577065e+00 -3.245599e+01 1.980902e+01
    endloop
  endfacet
  facet normal 1.859694e-03 4.056634e-01 -9.140206e-01
    outer loop
      vertex   -9.598325e-01 -3.248210e+01 1.979869e+01
      vertex   -1.577065e+00 -3.245599e+01 1.980902e+01
      vertex   -1.004554e+00 -3.243708e+01 1.981858e+01
    endloop
  endfacet
  facet normal 8.480299e-04 4.305156e-01 -9.025827e-01
    outer loop
      vertex   -1.004554e+00 -3.243708e+01 1.981858e+01
      vertex   -1.577065e+00 -3.245599e+01 1.980902e+01
      vertex   -1.576908e+00 -3.240873e+01 1.983156e+01
    endloop
  endfacet
  facet normal 2.031451e-03 4.500275e-01 -8.930124e-01
    outer loop
      vertex   -1.004554e+00 -3.243708e+01 1.981858e+01
      vertex   -1.576908e+00 -3.240873e+01 1.983156e+01
      vertex   -1.048249e+00 -3.239309e+01 1.984065e+01
    endloop
  endfacet
  facet normal 9.848343e-04 4.771563e-01 -8.788179e-01
    outer loop
      vertex   -1.048249e+00 -3.239309e+01 1.984065e+01
      vertex   -1.576908e+00 -3.240873e+01 1.983156e+01
      vertex   -1.576754e+00 -3.236272e+01 1.985654e+01
    endloop
  endfacet
  facet normal 2.182059e-03 4.933011e-01 -8.698559e-01
    outer loop
      vertex   -1.048249e+00 -3.239309e+01 1.984065e+01
      vertex   -1.576754e+00 -3.236272e+01 1.985654e+01
      vertex   -1.090812e+00 -3.235024e+01 1.986484e+01
    endloop
  endfacet
  facet normal 1.138322e-03 5.224953e-01 -8.526414e-01
    outer loop
      vertex   -1.090812e+00 -3.235024e+01 1.986484e+01
      vertex   -1.576754e+00 -3.236272e+01 1.985654e+01
      vertex   -1.576605e+00 -3.231809e+01 1.988390e+01
    endloop
  endfacet
  facet normal 2.304549e-03 5.353597e-01 -8.446210e-01
    outer loop
      vertex   -1.090812e+00 -3.235024e+01 1.986484e+01
      vertex   -1.576605e+00 -3.231809e+01 1.988390e+01
      vertex   -1.132141e+00 -3.230864e+01 1.989110e+01
    endloop
  endfacet
  facet normal 1.312557e-03 5.664053e-01 -8.241258e-01
    outer loop
      vertex   -1.132141e+00 -3.230864e+01 1.989110e+01
      vertex   -1.576605e+00 -3.231809e+01 1.988390e+01
      vertex   -1.576461e+00 -3.227494e+01 1.991355e+01
    endloop
  endfacet
  facet normal 2.391183e-03 5.761204e-01 -8.173613e-01
    outer loop
      vertex   -1.132141e+00 -3.230864e+01 1.989110e+01
      vertex   -1.576461e+00 -3.227494e+01 1.991355e+01
      vertex   -1.172136e+00 -3.226838e+01 1.991936e+01
    endloop
  endfacet
  facet normal 1.516262e-03 6.087609e-01 -7.933523e-01
    outer loop
      vertex   -1.172136e+00 -3.226838e+01 1.991936e+01
      vertex   -1.576461e+00 -3.227494e+01 1.991355e+01
      vertex   -1.576322e+00 -3.223340e+01 1.994542e+01
    endloop
  endfacet
  facet normal 2.429982e-03 6.154570e-01 -7.881667e-01
    outer loop
      vertex   -1.172136e+00 -3.226838e+01 1.991936e+01
      vertex   -1.576322e+00 -3.223340e+01 1.994542e+01
      vertex   -1.210701e+00 -3.222955e+01 1.994956e+01
    endloop
  endfacet
  facet normal 1.757886e-03 6.494432e-01 -7.604081e-01
    outer loop
      vertex   -1.210701e+00 -3.222955e+01 1.994956e+01
      vertex   -1.576322e+00 -3.223340e+01 1.994542e+01
      vertex   -1.576189e+00 -3.219359e+01 1.997942e+01
    endloop
  endfacet
  facet normal 2.407536e-03 6.532971e-01 -7.570978e-01
    outer loop
      vertex   -1.210701e+00 -3.222955e+01 1.994956e+01
      vertex   -1.576189e+00 -3.219359e+01 1.997942e+01
      vertex   -1.247742e+00 -3.219226e+01 1.998162e+01
    endloop
  endfacet
  facet normal 2.053431e-03 6.883542e-01 -7.253718e-01
    outer loop
      vertex   -1.247742e+00 -3.219226e+01 1.998162e+01
      vertex   -1.576189e+00 -3.219359e+01 1.997942e+01
      vertex   -1.576063e+00 -3.215562e+01 2.001546e+01
    endloop
  endfacet
  facet normal 2.301827e-03 6.895390e-01 -7.242449e-01
    outer loop
      vertex   -1.247742e+00 -3.219226e+01 1.998162e+01
      vertex   -1.576063e+00 -3.215562e+01 2.001546e+01
      vertex   -1.283171e+00 -3.215660e+01 2.001546e+01
    endloop
  endfacet
  facet normal 2.417670e-03 7.242409e-01 -6.895428e-01
    outer loop
      vertex   -1.283171e+00 -3.215660e+01 2.001546e+01
      vertex   -1.576063e+00 -3.215562e+01 2.001546e+01
      vertex   -1.316902e+00 -3.212264e+01 2.005101e+01
    endloop
  endfacet
  facet normal 2.111451e-03 7.253690e-01 -6.883570e-01
    outer loop
      vertex   -1.316902e+00 -3.212264e+01 2.005101e+01
      vertex   -1.576063e+00 -3.215562e+01 2.001546e+01
      vertex   -1.575942e+00 -3.211958e+01 2.005344e+01
    endloop
  endfacet
  facet normal 2.819926e-03 7.573292e-01 -6.530272e-01
    outer loop
      vertex   -1.316902e+00 -3.212264e+01 2.005101e+01
      vertex   -1.575942e+00 -3.211958e+01 2.005344e+01
      vertex   -1.348854e+00 -3.209047e+01 2.008818e+01
    endloop
  endfacet
  facet normal 1.879018e-03 7.604015e-01 -6.494506e-01
    outer loop
      vertex   -1.348854e+00 -3.209047e+01 2.008818e+01
      vertex   -1.575942e+00 -3.211958e+01 2.005344e+01
      vertex   -1.575829e+00 -3.208558e+01 2.009325e+01
    endloop
  endfacet
  facet normal 3.257915e-03 7.885753e-01 -6.149296e-01
    outer loop
      vertex   -1.348854e+00 -3.209047e+01 2.008818e+01
      vertex   -1.575829e+00 -3.208558e+01 2.009325e+01
      vertex   -1.378951e+00 -3.206018e+01 2.012687e+01
    endloop
  endfacet
  facet normal 1.586912e-03 7.933555e-01 -6.087566e-01
    outer loop
      vertex   -1.378951e+00 -3.206018e+01 2.012687e+01
      vertex   -1.575829e+00 -3.208558e+01 2.009325e+01
      vertex   -1.575722e+00 -3.205371e+01 2.013478e+01
    endloop
  endfacet
  facet normal 3.738108e-03 8.179107e-01 -5.753331e-01
    outer loop
      vertex   -1.378951e+00 -3.206018e+01 2.012687e+01
      vertex   -1.575722e+00 -3.205371e+01 2.013478e+01
      vertex   -1.407118e+00 -3.203182e+01 2.016700e+01
    endloop
  endfacet
  facet normal 1.225547e-03 8.241254e-01 -5.664060e-01
    outer loop
      vertex   -1.407118e+00 -3.203182e+01 2.016700e+01
      vertex   -1.575722e+00 -3.205371e+01 2.013478e+01
      vertex   -1.575623e+00 -3.202406e+01 2.017793e+01
    endloop
  endfacet
  facet normal 3.262816e-03 8.383586e-01 -5.451093e-01
    outer loop
      vertex   -1.407118e+00 -3.203182e+01 2.016700e+01
      vertex   -1.575623e+00 -3.202406e+01 2.017793e+01
      vertex   -1.420457e+00 -3.201839e+01 2.018757e+01
    endloop
  endfacet
  facet normal 1.562234e-03 8.509974e-01 -5.251675e-01
    outer loop
      vertex   -1.420457e+00 -3.201839e+01 2.018757e+01
      vertex   -1.575623e+00 -3.202406e+01 2.017793e+01
      vertex   -1.433289e+00 -3.200547e+01 2.020847e+01
    endloop
  endfacet
  facet normal 7.742005e-04 8.526419e-01 -5.224952e-01
    outer loop
      vertex   -1.433289e+00 -3.200547e+01 2.020847e+01
      vertex   -1.575623e+00 -3.202406e+01 2.017793e+01
      vertex   -1.575532e+00 -3.199670e+01 2.022257e+01
    endloop
  endfacet
  facet normal 3.383061e-03 8.641001e-01 -5.033086e-01
    outer loop
      vertex   -1.433289e+00 -3.200547e+01 2.020847e+01
      vertex   -1.575532e+00 -3.199670e+01 2.022257e+01
      vertex   -1.445606e+00 -3.199307e+01 2.022967e+01
    endloop
  endfacet
  facet normal 1.923902e-03 8.758341e-01 -4.826085e-01
    outer loop
      vertex   -1.445606e+00 -3.199307e+01 2.022967e+01
      vertex   -1.575532e+00 -3.199670e+01 2.022257e+01
      vertex   -1.457401e+00 -3.198120e+01 2.025117e+01
    endloop
  endfacet
  facet normal 2.139993e-04 8.788152e-01 -4.771623e-01
    outer loop
      vertex   -1.457401e+00 -3.198120e+01 2.025117e+01
      vertex   -1.575532e+00 -3.199670e+01 2.022257e+01
      vertex   -1.575449e+00 -3.197172e+01 2.026858e+01
    endloop
  endfacet
  facet normal 3.406227e-03 8.877234e-01 -4.603646e-01
    outer loop
      vertex   -1.457401e+00 -3.198120e+01 2.025117e+01
      vertex   -1.575449e+00 -3.197172e+01 2.026858e+01
      vertex   -1.468666e+00 -3.196986e+01 2.027296e+01
    endloop
  endfacet
  facet normal 2.335881e-03 8.985490e-01 -4.388669e-01
    outer loop
      vertex   -1.468666e+00 -3.196986e+01 2.027296e+01
      vertex   -1.575449e+00 -3.197172e+01 2.026858e+01
      vertex   -1.479395e+00 -3.195906e+01 2.029501e+01
    endloop
  endfacet
  facet normal -4.975176e-04 9.025875e-01 -4.305061e-01
    outer loop
      vertex   -1.479395e+00 -3.195906e+01 2.029501e+01
      vertex   -1.575449e+00 -3.197172e+01 2.026858e+01
      vertex   -1.575373e+00 -3.194918e+01 2.031583e+01
    endloop
  endfacet
  facet normal 3.252755e-03 9.091976e-01 -4.163522e-01
    outer loop
      vertex   -1.479395e+00 -3.195906e+01 2.029501e+01
      vertex   -1.575373e+00 -3.194918e+01 2.031583e+01
      vertex   -1.489582e+00 -3.194880e+01 2.031733e+01
    endloop
  endfacet
  facet normal 2.820997e-03 9.190732e-01 -3.940767e-01
    outer loop
      vertex   -1.489582e+00 -3.194880e+01 2.031733e+01
      vertex   -1.575373e+00 -3.194918e+01 2.031583e+01
      vertex   -1.499219e+00 -3.193910e+01 2.033989e+01
    endloop
  endfacet
  facet normal -1.416746e-03 9.238819e-01 -3.826750e-01
    outer loop
      vertex   -1.499219e+00 -3.193910e+01 2.033989e+01
      vertex   -1.575373e+00 -3.194918e+01 2.031583e+01
      vertex   -1.575307e+00 -3.192915e+01 2.036420e+01
    endloop
  endfacet
  facet normal 2.773104e-03 9.284544e-01 -3.714361e-01
    outer loop
      vertex   -1.499219e+00 -3.193910e+01 2.033989e+01
      vertex   -1.575307e+00 -3.192915e+01 2.036420e+01
      vertex   -1.508302e+00 -3.192996e+01 2.036267e+01
    endloop
  endfacet
  facet normal 3.407982e-03 9.373701e-01 -3.483184e-01
    outer loop
      vertex   -1.508302e+00 -3.192996e+01 2.036267e+01
      vertex   -1.575307e+00 -3.192915e+01 2.036420e+01
      vertex   -1.516824e+00 -3.192138e+01 2.038568e+01
    endloop
  endfacet
  facet normal -2.623072e-03 9.426394e-01 -3.338025e-01
    outer loop
      vertex   -1.516824e+00 -3.192138e+01 2.038568e+01
      vertex   -1.575307e+00 -3.192915e+01 2.036420e+01
      vertex   -1.575248e+00 -3.191167e+01 2.041355e+01
    endloop
  endfacet
  facet normal 1.677761e-03 9.454489e-01 -3.257660e-01
    outer loop
      vertex   -1.516824e+00 -3.192138e+01 2.038568e+01
      vertex   -1.575248e+00 -3.191167e+01 2.041355e+01
      vertex   -1.524782e+00 -3.191337e+01 2.040889e+01
    endloop
  endfacet
  facet normal 4.165683e-03 9.533830e-01 -3.017342e-01
    outer loop
      vertex   -1.524782e+00 -3.191337e+01 2.040889e+01
      vertex   -1.575248e+00 -3.191167e+01 2.041355e+01
      vertex   -1.532169e+00 -3.190593e+01 2.043228e+01
    endloop
  endfacet
  facet normal -4.263310e-03 9.588108e-01 -2.840134e-01
    outer loop
      vertex   -1.532169e+00 -3.190593e+01 2.043228e+01
      vertex   -1.575248e+00 -3.191167e+01 2.041355e+01
      vertex   -1.575199e+00 -3.189680e+01 2.046375e+01
    endloop
  endfacet
  facet normal -7.258664e-04 9.601285e-01 -2.795582e-01
    outer loop
      vertex   -1.532169e+00 -3.190593e+01 2.043228e+01
      vertex   -1.575199e+00 -3.189680e+01 2.046375e+01
      vertex   -1.538982e+00 -3.189907e+01 2.045586e+01
    endloop
  endfacet
  facet normal 5.199064e-03 9.670911e-01 -2.543772e-01
    outer loop
      vertex   -1.538982e+00 -3.189907e+01 2.045586e+01
      vertex   -1.575199e+00 -3.189680e+01 2.046375e+01
      vertex   -1.545216e+00 -3.189280e+01 2.047959e+01
    endloop
  endfacet
  facet normal -6.653237e-03 9.723867e-01 -2.332807e-01
    outer loop
      vertex   -1.545216e+00 -3.189280e+01 2.047959e+01
      vertex   -1.575199e+00 -3.189680e+01 2.046375e+01
      vertex   -1.550868e+00 -3.188711e+01 2.050347e+01
    endloop
  endfacet
  facet normal -6.388755e-03 9.723516e-01 -2.334341e-01
    outer loop
      vertex   -1.550868e+00 -3.188711e+01 2.050347e+01
      vertex   -1.575199e+00 -3.189680e+01 2.046375e+01
      vertex   -1.575158e+00 -3.188458e+01 2.051466e+01
    endloop
  endfacet
  facet normal 6.694041e-03 9.784424e-01 -2.064112e-01
    outer loop
      vertex   -1.550868e+00 -3.188711e+01 2.050347e+01
      vertex   -1.575158e+00 -3.188458e+01 2.051466e+01
      vertex   -1.555934e+00 -3.188201e+01 2.052748e+01
    endloop
  endfacet
  facet normal -8.106152e-03 9.826913e-01 -1.850734e-01
    outer loop
      vertex   -1.555934e+00 -3.188201e+01 2.052748e+01
      vertex   -1.575158e+00 -3.188458e+01 2.051466e+01
      vertex   -1.560412e+00 -3.187750e+01 2.055161e+01
    endloop
  endfacet
  facet normal -1.551888e-02 9.831389e-01 -1.822009e-01
    outer loop
      vertex   -1.560412e+00 -3.187750e+01 2.055161e+01
      vertex   -1.575158e+00 -3.188458e+01 2.051466e+01
      vertex   -1.575126e+00 -3.187504e+01 2.056613e+01
    endloop
  endfacet
  facet normal 9.139275e-03 9.874051e-01 -1.579479e-01
    outer loop
      vertex   -1.560412e+00 -3.187750e+01 2.055161e+01
      vertex   -1.575126e+00 -3.187504e+01 2.056613e+01
      vertex   -1.564298e+00 -3.187359e+01 2.057584e+01
    endloop
  endfacet
  facet normal -1.058001e-02 9.905944e-01 -1.364213e-01
    outer loop
      vertex   -1.564298e+00 -3.187359e+01 2.057584e+01
      vertex   -1.575126e+00 -3.187504e+01 2.056613e+01
      vertex   -1.567590e+00 -3.187027e+01 2.060016e+01
    endloop
  endfacet
  facet normal -3.778452e-02 9.907392e-01 -1.304157e-01
    outer loop
      vertex   -1.567590e+00 -3.187027e+01 2.060016e+01
      vertex   -1.575126e+00 -3.187504e+01 2.056613e+01
      vertex   -1.575103e+00 -3.186821e+01 2.061804e+01
    endloop
  endfacet
  facet normal 1.395378e-02 9.939387e-01 -1.090468e-01
    outer loop
      vertex   -1.567590e+00 -3.187027e+01 2.060016e+01
      vertex   -1.575103e+00 -3.186821e+01 2.061804e+01
      vertex   -1.570286e+00 -3.186756e+01 2.062455e+01
    endloop
  endfacet
  facet normal -1.559083e-02 9.960515e-01 -8.739769e-02
    outer loop
      vertex   -1.570286e+00 -3.186756e+01 2.062455e+01
      vertex   -1.575103e+00 -3.186821e+01 2.061804e+01
      vertex   -1.572384e+00 -3.186545e+01 2.064900e+01
    endloop
  endfacet
  facet normal -1.178443e-01 9.899736e-01 -7.787784e-02
    outer loop
      vertex   -1.572384e+00 -3.186545e+01 2.064900e+01
      vertex   -1.575103e+00 -3.186821e+01 2.061804e+01
      vertex   -1.575089e+00 -3.186410e+01 2.067023e+01
    endloop
  endfacet
  facet normal 2.806764e-02 9.978167e-01 -5.978341e-02
    outer loop
      vertex   -1.572384e+00 -3.186545e+01 2.064900e+01
      vertex   -1.575089e+00 -3.186410e+01 2.067023e+01
      vertex   -1.573884e+00 -3.186394e+01 2.067350e+01
    endloop
  endfacet
  facet normal -3.098555e-02 9.987950e-01 -3.805829e-02
    outer loop
      vertex   -1.573884e+00 -3.186394e+01 2.067350e+01
      vertex   -1.575089e+00 -3.186410e+01 2.067023e+01
      vertex   -1.574785e+00 -3.186303e+01 2.069803e+01
    endloop
  endfacet
  facet normal -7.479644e-01 6.635131e-01 -1.730885e-02
    outer loop
      vertex   -1.574785e+00 -3.186303e+01 2.069803e+01
      vertex   -1.575089e+00 -3.186410e+01 2.067023e+01
      vertex   -1.575085e+00 -3.186273e+01 2.072257e+01
    endloop
  endfacet
  facet normal 7.094632e-01 7.047425e-01 -7.160567e-17
    outer loop
      vertex   1.192307e-01 -3.356839e+01 1.972257e+01
      vertex   -5.784287e-01 -3.286606e+01 1.972257e+01
      vertex   1.192307e-01 -3.356839e+01 2.522257e+01
    endloop
  endfacet
  facet normal 7.094654e-01 7.047402e-01 -5.706849e-07
    outer loop
      vertex   1.192307e-01 -3.356839e+01 2.522257e+01
      vertex   -5.784287e-01 -3.286606e+01 1.972257e+01
      vertex   -6.273323e-01 -3.281683e+01 1.972377e+01
    endloop
  endfacet
  facet normal 7.094616e-01 7.047441e-01 4.768353e-07
    outer loop
      vertex   1.192307e-01 -3.356839e+01 2.522257e+01
      vertex   -6.273323e-01 -3.281683e+01 1.972377e+01
      vertex   -6.761181e-01 -3.276772e+01 1.972738e+01
    endloop
  endfacet
  facet normal 7.094658e-01 7.047398e-01 -7.584998e-07
    outer loop
      vertex   -6.761181e-01 -3.276772e+01 1.972738e+01
      vertex   -7.246685e-01 -3.271884e+01 1.973339e+01
      vertex   1.192307e-01 -3.356839e+01 2.522257e+01
    endloop
  endfacet
  facet normal 7.094603e-01 7.047454e-01 9.436396e-07
    outer loop
      vertex   1.192307e-01 -3.356839e+01 2.522257e+01
      vertex   -7.246685e-01 -3.271884e+01 1.973339e+01
      vertex   -7.728666e-01 -3.267032e+01 1.974178e+01
    endloop
  endfacet
  facet normal 7.094654e-01 7.047403e-01 -7.182567e-07
    outer loop
      vertex   1.192307e-01 -3.356839e+01 2.522257e+01
      vertex   -7.728666e-01 -3.267032e+01 1.974178e+01
      vertex   -8.205964e-01 -3.262227e+01 1.975254e+01
    endloop
  endfacet
  facet normal 7.094608e-01 7.047449e-01 8.915565e-07
    outer loop
      vertex   -8.205964e-01 -3.262227e+01 1.975254e+01
      vertex   -8.677427e-01 -3.257481e+01 1.976563e+01
      vertex   1.192307e-01 -3.356839e+01 2.522257e+01
    endloop
  endfacet
  facet normal 7.094667e-01 7.047390e-01 -1.270519e-06
    outer loop
      vertex   1.192307e-01 -3.356839e+01 2.522257e+01
      vertex   -8.677427e-01 -3.257481e+01 1.976563e+01
      vertex   -9.141920e-01 -3.252805e+01 1.978102e+01
    endloop
  endfacet
  facet normal 7.094625e-01 7.047432e-01 3.528910e-07
    outer loop
      vertex   1.192307e-01 -3.356839e+01 2.522257e+01
      vertex   -9.141920e-01 -3.252805e+01 1.978102e+01
      vertex   -9.598325e-01 -3.248210e+01 1.979869e+01
    endloop
  endfacet
  facet normal 7.094616e-01 7.047441e-01 7.006093e-07
    outer loop
      vertex   -9.598325e-01 -3.248210e+01 1.979869e+01
      vertex   -1.004554e+00 -3.243708e+01 1.981858e+01
      vertex   1.192307e-01 -3.356839e+01 2.522257e+01
    endloop
  endfacet
  facet normal 7.094642e-01 7.047415e-01 -3.798051e-07
    outer loop
      vertex   1.192307e-01 -3.356839e+01 2.522257e+01
      vertex   -1.004554e+00 -3.243708e+01 1.981858e+01
      vertex   -1.048249e+00 -3.239309e+01 1.984065e+01
    endloop
  endfacet
  facet normal 7.094633e-01 7.047424e-01 -2.614369e-09
    outer loop
      vertex   1.192307e-01 -3.356839e+01 2.522257e+01
      vertex   -1.048249e+00 -3.239309e+01 1.984065e+01
      vertex   -1.090812e+00 -3.235024e+01 1.986484e+01
    endloop
  endfacet
  facet normal 7.094633e-01 7.047424e-01 -2.245849e-09
    outer loop
      vertex   1.192307e-01 -3.356839e+01 2.522257e+01
      vertex   -1.090812e+00 -3.235024e+01 1.986484e+01
      vertex   -1.550868e+00 -3.188711e+01 2.050347e+01
    endloop
  endfacet
  facet normal 7.094670e-01 7.047386e-01 5.418761e-06
    outer loop
      vertex   -1.550868e+00 -3.188711e+01 2.050347e+01
      vertex   -1.090812e+00 -3.235024e+01 1.986484e+01
      vertex   -1.132141e+00 -3.230864e+01 1.989110e+01
    endloop
  endfacet
  facet normal 7.094574e-01 7.047483e-01 -7.833033e-06
    outer loop
      vertex   -1.550868e+00 -3.188711e+01 2.050347e+01
      vertex   -1.132141e+00 -3.230864e+01 1.989110e+01
      vertex   -1.172136e+00 -3.226838e+01 1.991936e+01
    endloop
  endfacet
  facet normal 7.094698e-01 7.047358e-01 8.343484e-06
    outer loop
      vertex   -1.172136e+00 -3.226838e+01 1.991936e+01
      vertex   -1.210701e+00 -3.222955e+01 1.994956e+01
      vertex   -1.550868e+00 -3.188711e+01 2.050347e+01
    endloop
  endfacet
  facet normal 7.094636e-01 7.047421e-01 6.496751e-07
    outer loop
      vertex   -1.550868e+00 -3.188711e+01 2.050347e+01
      vertex   -1.210701e+00 -3.222955e+01 1.994956e+01
      vertex   -1.247742e+00 -3.219226e+01 1.998162e+01
    endloop
  endfacet
  facet normal 7.094610e-01 7.047447e-01 -2.379113e-06
    outer loop
      vertex   -1.550868e+00 -3.188711e+01 2.050347e+01
      vertex   -1.247742e+00 -3.219226e+01 1.998162e+01
      vertex   -1.283171e+00 -3.215660e+01 2.001546e+01
    endloop
  endfacet
  facet normal 7.094665e-01 7.047392e-01 3.658537e-06
    outer loop
      vertex   -1.283171e+00 -3.215660e+01 2.001546e+01
      vertex   -1.316902e+00 -3.212264e+01 2.005101e+01
      vertex   -1.550868e+00 -3.188711e+01 2.050347e+01
    endloop
  endfacet
  facet normal 7.094606e-01 7.047451e-01 -2.488113e-06
    outer loop
      vertex   -1.550868e+00 -3.188711e+01 2.050347e+01
      vertex   -1.316902e+00 -3.212264e+01 2.005101e+01
      vertex   -1.348854e+00 -3.209047e+01 2.008818e+01
    endloop
  endfacet
  facet normal 7.094636e-01 7.047420e-01 5.418463e-07
    outer loop
      vertex   -1.550868e+00 -3.188711e+01 2.050347e+01
      vertex   -1.348854e+00 -3.209047e+01 2.008818e+01
      vertex   -1.378951e+00 -3.206018e+01 2.012687e+01
    endloop
  endfacet
  facet normal 7.094680e-01 7.047376e-01 4.547380e-06
    outer loop
      vertex   -1.378951e+00 -3.206018e+01 2.012687e+01
      vertex   -1.407118e+00 -3.203182e+01 2.016700e+01
      vertex   -1.550868e+00 -3.188711e+01 2.050347e+01
    endloop
  endfacet
  facet normal 7.094552e-01 7.047505e-01 -6.446187e-06
    outer loop
      vertex   -1.550868e+00 -3.188711e+01 2.050347e+01
      vertex   -1.407118e+00 -3.203182e+01 2.016700e+01
      vertex   -1.420457e+00 -3.201839e+01 2.018757e+01
    endloop
  endfacet
  facet normal 7.094739e-01 7.047317e-01 9.087481e-06
    outer loop
      vertex   -1.550868e+00 -3.188711e+01 2.050347e+01
      vertex   -1.420457e+00 -3.201839e+01 2.018757e+01
      vertex   -1.433289e+00 -3.200547e+01 2.020847e+01
    endloop
  endfacet
  facet normal 7.094432e-01 7.047626e-01 -1.556280e-05
    outer loop
      vertex   -1.433289e+00 -3.200547e+01 2.020847e+01
      vertex   -1.445606e+00 -3.199307e+01 2.022967e+01
      vertex   -1.550868e+00 -3.188711e+01 2.050347e+01
    endloop
  endfacet
  facet normal 7.094514e-01 7.047543e-01 -9.184409e-06
    outer loop
      vertex   -1.550868e+00 -3.188711e+01 2.050347e+01
      vertex   -1.445606e+00 -3.199307e+01 2.022967e+01
      vertex   -1.457401e+00 -3.198120e+01 2.025117e+01
    endloop
  endfacet
  facet normal 7.095015e-01 7.047039e-01 2.814819e-05
    outer loop
      vertex   -1.550868e+00 -3.188711e+01 2.050347e+01
      vertex   -1.457401e+00 -3.198120e+01 2.025117e+01
      vertex   -1.468666e+00 -3.196986e+01 2.027296e+01
    endloop
  endfacet
  facet normal 7.094222e-01 7.047837e-01 -2.875386e-05
    outer loop
      vertex   -1.468666e+00 -3.196986e+01 2.027296e+01
      vertex   -1.479395e+00 -3.195906e+01 2.029501e+01
      vertex   -1.550868e+00 -3.188711e+01 2.050347e+01
    endloop
  endfacet
  facet normal 7.094615e-01 7.047442e-01 -1.624498e-06
    outer loop
      vertex   -1.550868e+00 -3.188711e+01 2.050347e+01
      vertex   -1.479395e+00 -3.195906e+01 2.029501e+01
      vertex   -1.489582e+00 -3.194880e+01 2.031733e+01
    endloop
  endfacet
  facet normal 7.094610e-01 7.047447e-01 -1.974686e-06
    outer loop
      vertex   -1.550868e+00 -3.188711e+01 2.050347e+01
      vertex   -1.489582e+00 -3.194880e+01 2.031733e+01
      vertex   -1.499219e+00 -3.193910e+01 2.033989e+01
    endloop
  endfacet
  facet normal 7.094824e-01 7.047232e-01 1.161982e-05
    outer loop
      vertex   -1.499219e+00 -3.193910e+01 2.033989e+01
      vertex   -1.508302e+00 -3.192996e+01 2.036267e+01
      vertex   -1.550868e+00 -3.188711e+01 2.050347e+01
    endloop
  endfacet
  facet normal 7.094366e-01 7.047693e-01 -1.626046e-05
    outer loop
      vertex   -1.550868e+00 -3.188711e+01 2.050347e+01
      vertex   -1.508302e+00 -3.192996e+01 2.036267e+01
      vertex   -1.516824e+00 -3.192138e+01 2.038568e+01
    endloop
  endfacet
  facet normal 7.094567e-01 7.047490e-01 -4.556839e-06
    outer loop
      vertex   -1.550868e+00 -3.188711e+01 2.050347e+01
      vertex   -1.516824e+00 -3.192138e+01 2.038568e+01
      vertex   -1.524782e+00 -3.191337e+01 2.040889e+01
    endloop
  endfacet
  facet normal 7.095418e-01 7.046633e-01 4.272007e-05
    outer loop
      vertex   -1.524782e+00 -3.191337e+01 2.040889e+01
      vertex   -1.532169e+00 -3.190593e+01 2.043228e+01
      vertex   -1.550868e+00 -3.188711e+01 2.050347e+01
    endloop
  endfacet
  facet normal 7.093507e-01 7.048557e-01 -5.835509e-05
    outer loop
      vertex   -1.550868e+00 -3.188711e+01 2.050347e+01
      vertex   -1.532169e+00 -3.190593e+01 2.043228e+01
      vertex   -1.538982e+00 -3.189907e+01 2.045586e+01
    endloop
  endfacet
  facet normal 7.093958e-01 7.048103e-01 -3.568185e-05
    outer loop
      vertex   -1.550868e+00 -3.188711e+01 2.050347e+01
      vertex   -1.538982e+00 -3.189907e+01 2.045586e+01
      vertex   -1.545216e+00 -3.189280e+01 2.047959e+01
    endloop
  endfacet
  facet normal 7.094602e-01 7.047455e-01 2.198121e-06
    outer loop
      vertex   -1.550868e+00 -3.188711e+01 2.050347e+01
      vertex   -1.555934e+00 -3.188201e+01 2.052748e+01
      vertex   1.192307e-01 -3.356839e+01 2.522257e+01
    endloop
  endfacet
  facet normal 7.094633e-01 7.047424e-01 -7.294361e-09
    outer loop
      vertex   1.192307e-01 -3.356839e+01 2.522257e+01
      vertex   -1.555934e+00 -3.188201e+01 2.052748e+01
      vertex   -1.560412e+00 -3.187750e+01 2.055161e+01
    endloop
  endfacet
  facet normal 7.094699e-01 7.047357e-01 -4.818175e-06
    outer loop
      vertex   1.192307e-01 -3.356839e+01 2.522257e+01
      vertex   -1.560412e+00 -3.187750e+01 2.055161e+01
      vertex   -1.564298e+00 -3.187359e+01 2.057584e+01
    endloop
  endfacet
  facet normal 7.094633e-01 7.047424e-01 4.008977e-09
    outer loop
      vertex   -1.564298e+00 -3.187359e+01 2.057584e+01
      vertex   -1.567590e+00 -3.187027e+01 2.060016e+01
      vertex   1.192307e-01 -3.356839e+01 2.522257e+01
    endloop
  endfacet
  facet normal 7.094597e-01 7.047460e-01 2.655713e-06
    outer loop
      vertex   1.192307e-01 -3.356839e+01 2.522257e+01
      vertex   -1.567590e+00 -3.187027e+01 2.060016e+01
      vertex   -1.570286e+00 -3.186756e+01 2.062455e+01
    endloop
  endfacet
  facet normal 7.094633e-01 7.047424e-01 -6.508171e-10
    outer loop
      vertex   1.192307e-01 -3.356839e+01 2.522257e+01
      vertex   -1.570286e+00 -3.186756e+01 2.062455e+01
      vertex   -1.572384e+00 -3.186545e+01 2.064900e+01
    endloop
  endfacet
  facet normal 7.094593e-01 7.047464e-01 2.951762e-06
    outer loop
      vertex   -1.572384e+00 -3.186545e+01 2.064900e+01
      vertex   -1.573884e+00 -3.186394e+01 2.067350e+01
      vertex   1.192307e-01 -3.356839e+01 2.522257e+01
    endloop
  endfacet
  facet normal 7.094716e-01 7.047340e-01 -6.258584e-06
    outer loop
      vertex   1.192307e-01 -3.356839e+01 2.522257e+01
      vertex   -1.573884e+00 -3.186394e+01 2.067350e+01
      vertex   -1.574785e+00 -3.186303e+01 2.069803e+01
    endloop
  endfacet
  facet normal 7.094545e-01 7.047512e-01 6.652800e-06
    outer loop
      vertex   1.192307e-01 -3.356839e+01 2.522257e+01
      vertex   -1.574785e+00 -3.186303e+01 2.069803e+01
      vertex   -1.575085e+00 -3.186273e+01 2.072257e+01
    endloop
  endfacet
  facet normal 7.094633e-01 7.047424e-01 -7.001444e-17
    outer loop
      vertex   -1.575085e+00 -3.186273e+01 2.072257e+01
      vertex   -1.575085e+00 -3.186273e+01 2.522257e+01
      vertex   1.192307e-01 -3.356839e+01 2.522257e+01
    endloop
  endfacet
  facet normal -7.047420e-01 7.094636e-01 7.335195e-17
    outer loop
      vertex   2.192302e-01 -3.356873e+01 2.212257e+01
      vertex   4.198967e-01 -3.336940e+01 2.212257e+01
      vertex   2.192302e-01 -3.356873e+01 1.972257e+01
    endloop
  endfacet
  facet normal -7.047423e-01 7.094634e-01 4.880977e-08
    outer loop
      vertex   2.192302e-01 -3.356873e+01 1.972257e+01
      vertex   4.198967e-01 -3.336940e+01 2.212257e+01
      vertex   1.924896e+00 -3.187441e+01 1.972257e+01
    endloop
  endfacet
  facet normal -7.047424e-01 7.094633e-01 -3.945022e-08
    outer loop
      vertex   1.924896e+00 -3.187441e+01 1.972257e+01
      vertex   4.198967e-01 -3.336940e+01 2.212257e+01
      vertex   1.068498e+00 -3.272511e+01 2.276902e+01
    endloop
  endfacet
  facet normal -7.047425e-01 7.094632e-01 -8.501905e-08
    outer loop
      vertex   1.924896e+00 -3.187441e+01 1.972257e+01
      vertex   1.068498e+00 -3.272511e+01 2.276902e+01
      vertex   2.125562e+00 -3.167508e+01 2.221546e+01
    endloop
  endfacet
  facet normal -7.047424e-01 7.094633e-01 4.240358e-07
    outer loop
      vertex   2.125562e+00 -3.167508e+01 2.221546e+01
      vertex   1.068498e+00 -3.272511e+01 2.276902e+01
      vertex   1.423229e+00 -3.237274e+01 2.291546e+01
    endloop
  endfacet
  facet normal -7.047430e-01 7.094627e-01 1.364951e-16
    outer loop
      vertex   2.125562e+00 -3.167508e+01 2.221546e+01
      vertex   2.125562e+00 -3.167508e+01 1.992257e+01
      vertex   1.924896e+00 -3.187441e+01 1.972257e+01
    endloop
  endfacet
  facet normal -7.094630e-01 -7.047427e-01 8.204813e-17
    outer loop
      vertex   2.759795e-01 -1.656882e+01 2.212257e+01
      vertex   2.759795e-01 -1.656882e+01 1.972257e+01
      vertex   4.753107e-01 -1.676949e+01 2.212257e+01
    endloop
  endfacet
  facet normal -7.094633e-01 -7.047424e-01 4.880977e-08
    outer loop
      vertex   4.753107e-01 -1.676949e+01 2.212257e+01
      vertex   2.759795e-01 -1.656882e+01 1.972257e+01
      vertex   1.970295e+00 -1.827449e+01 1.972257e+01
    endloop
  endfacet
  facet normal -7.094633e-01 -7.047424e-01 -3.945023e-08
    outer loop
      vertex   4.753107e-01 -1.676949e+01 2.212257e+01
      vertex   1.970295e+00 -1.827449e+01 1.972257e+01
      vertex   1.119596e+00 -1.741809e+01 2.276902e+01
    endloop
  endfacet
  facet normal -7.094634e-01 -7.047423e-01 -8.501905e-08
    outer loop
      vertex   1.119596e+00 -1.741809e+01 2.276902e+01
      vertex   1.970295e+00 -1.827449e+01 1.972257e+01
      vertex   2.169626e+00 -1.847515e+01 2.221546e+01
    endloop
  endfacet
  facet normal -7.094633e-01 -7.047424e-01 4.240358e-07
    outer loop
      vertex   1.119596e+00 -1.741809e+01 2.276902e+01
      vertex   2.169626e+00 -1.847515e+01 2.221546e+01
      vertex   1.471967e+00 -1.777282e+01 2.291546e+01
    endloop
  endfacet
  facet normal -7.094639e-01 -7.047417e-01 -1.323684e-18
    outer loop
      vertex   1.970295e+00 -1.827449e+01 1.972257e+01
      vertex   2.169626e+00 -1.847515e+01 1.992257e+01
      vertex   2.169626e+00 -1.847515e+01 2.221546e+01
    endloop
  endfacet
  facet normal -0.000000e+00 0.000000e+00 1.000000e+00
    outer loop
      vertex   2.192302e-01 -3.356873e+01 2.212257e+01
      vertex   2.088818e-01 -3.666871e+01 2.212257e+01
      vertex   4.198967e-01 -3.336940e+01 2.212257e+01
    endloop
  endfacet
  facet normal 0.000000e+00 0.000000e+00 1.000000e+00
    outer loop
      vertex   4.198967e-01 -3.336940e+01 2.212257e+01
      vertex   2.088818e-01 -3.666871e+01 2.212257e+01
      vertex   4.062101e-01 -3.746937e+01 2.212257e+01
    endloop
  endfacet
  facet normal 0.000000e+00 0.000000e+00 1.000000e+00
    outer loop
      vertex   4.062101e-01 -3.746937e+01 2.212257e+01
      vertex   2.088818e-01 -3.666871e+01 2.212257e+01
      vertex   -9.211804e-02 -3.696771e+01 2.212257e+01
    endloop
  endfacet
  facet normal -7.071028e-01 2.360459e-03 7.071068e-01
    outer loop
      vertex   4.889973e-01 -1.266951e+01 2.212257e+01
      vertex   4.753107e-01 -1.676949e+01 2.212257e+01
      vertex   1.149771e+00 -1.201313e+01 2.278115e+01
    endloop
  endfacet
  facet normal -7.071028e-01 2.360435e-03 7.071069e-01
    outer loop
      vertex   1.149771e+00 -1.201313e+01 2.278115e+01
      vertex   4.753107e-01 -1.676949e+01 2.212257e+01
      vertex   1.119596e+00 -1.741809e+01 2.276902e+01
    endloop
  endfacet
  facet normal -7.071030e-01 2.360437e-03 7.071067e-01
    outer loop
      vertex   1.149771e+00 -1.201313e+01 2.278115e+01
      vertex   1.119596e+00 -1.741809e+01 2.276902e+01
      vertex   1.472658e+00 -1.756571e+01 2.312257e+01
    endloop
  endfacet
  facet normal -7.071028e-01 2.360459e-03 7.071068e-01
    outer loop
      vertex   1.472658e+00 -1.756571e+01 2.312257e+01
      vertex   1.491662e+00 -1.187285e+01 2.312257e+01
      vertex   1.149771e+00 -1.201313e+01 2.278115e+01
    endloop
  endfacet
  facet normal -7.087720e-01 -4.976370e-01 4.999997e-01
    outer loop
      vertex   1.119596e+00 -1.741809e+01 2.276902e+01
      vertex   1.471967e+00 -1.777282e+01 2.291546e+01
      vertex   1.472658e+00 -1.756571e+01 2.312257e+01
    endloop
  endfacet
  facet normal -2.360461e-03 -7.071032e-01 7.071064e-01
    outer loop
      vertex   1.472658e+00 -1.756571e+01 2.312257e+01
      vertex   1.471967e+00 -1.777282e+01 2.291546e+01
      vertex   2.272654e+00 -1.756839e+01 2.312257e+01
    endloop
  endfacet
  facet normal -2.360676e-03 -7.071028e-01 7.071068e-01
    outer loop
      vertex   2.272654e+00 -1.756839e+01 2.312257e+01
      vertex   1.471967e+00 -1.777282e+01 2.291546e+01
      vertex   2.169626e+00 -1.847515e+01 2.221546e+01
    endloop
  endfacet
  facet normal -2.360459e-03 -7.071028e-01 7.071068e-01
    outer loop
      vertex   2.272654e+00 -1.756839e+01 2.312257e+01
      vertex   2.169626e+00 -1.847515e+01 2.221546e+01
      vertex   2.269626e+00 -1.847549e+01 2.221546e+01
    endloop
  endfacet
  facet normal -3.338194e-03 -9.999944e-01 -0.000000e+00
    outer loop
      vertex   2.169626e+00 -1.847515e+01 2.221546e+01
      vertex   2.169626e+00 -1.847515e+01 1.992257e+01
      vertex   2.269626e+00 -1.847549e+01 2.221546e+01
    endloop
  endfacet
  facet normal -3.338194e-03 -9.999944e-01 6.465437e-19
    outer loop
      vertex   2.269626e+00 -1.847549e+01 2.221546e+01
      vertex   2.169626e+00 -1.847515e+01 1.992257e+01
      vertex   2.269626e+00 -1.847549e+01 1.992257e+01
    endloop
  endfacet
  facet normal -2.360456e-03 -7.071020e-01 -7.071076e-01
    outer loop
      vertex   1.970295e+00 -1.827449e+01 1.972257e+01
      vertex   2.270293e+00 -1.827549e+01 1.972257e+01
      vertex   2.169626e+00 -1.847515e+01 1.992257e+01
    endloop
  endfacet
  facet normal -2.360456e-03 -7.071020e-01 -7.071076e-01
    outer loop
      vertex   2.169626e+00 -1.847515e+01 1.992257e+01
      vertex   2.270293e+00 -1.827549e+01 1.972257e+01
      vertex   2.269626e+00 -1.847549e+01 1.992257e+01
    endloop
  endfacet
  facet normal 3.338194e-03 9.999944e-01 -3.474505e-19
    outer loop
      vertex   2.192302e-01 -3.356873e+01 1.972257e+01
      vertex   1.192307e-01 -3.356839e+01 1.972257e+01
      vertex   2.192302e-01 -3.356873e+01 2.212257e+01
    endloop
  endfacet
  facet normal 3.338194e-03 9.999944e-01 -3.329065e-19
    outer loop
      vertex   2.192302e-01 -3.356873e+01 2.212257e+01
      vertex   1.192307e-01 -3.356839e+01 1.972257e+01
      vertex   1.192307e-01 -3.356839e+01 2.522257e+01
    endloop
  endfacet
  facet normal 3.338194e-03 9.999944e-01 -3.287704e-19
    outer loop
      vertex   2.192302e-01 -3.356873e+01 2.212257e+01
      vertex   1.192307e-01 -3.356839e+01 2.522257e+01
      vertex   2.192302e-01 -3.356873e+01 2.522257e+01
    endloop
  endfacet
  facet normal -3.338194e-03 -9.999944e-01 3.860562e-19
    outer loop
      vertex   2.759795e-01 -1.656882e+01 1.972257e+01
      vertex   2.759795e-01 -1.656882e+01 2.212257e+01
      vertex   1.759800e-01 -1.656849e+01 1.972257e+01
    endloop
  endfacet
  facet normal -3.338194e-03 -9.999944e-01 3.369218e-19
    outer loop
      vertex   1.759800e-01 -1.656849e+01 1.972257e+01
      vertex   2.759795e-01 -1.656882e+01 2.212257e+01
      vertex   1.759800e-01 -1.656849e+01 2.522257e+01
    endloop
  endfacet
  facet normal -3.338194e-03 -9.999944e-01 2.993190e-19
    outer loop
      vertex   1.759800e-01 -1.656849e+01 2.522257e+01
      vertex   2.759795e-01 -1.656882e+01 2.212257e+01
      vertex   2.759795e-01 -1.656882e+01 2.522257e+01
    endloop
  endfacet
  facet normal 7.047424e-01 -7.094633e-01 -3.477427e-17
    outer loop
      vertex   -1.529685e+00 -1.826280e+01 2.522257e+01
      vertex   -1.529685e+00 -1.826280e+01 2.072257e+01
      vertex   1.759800e-01 -1.656849e+01 2.522257e+01
    endloop
  endfacet
  facet normal 7.047335e-01 -7.094721e-01 6.652801e-06
    outer loop
      vertex   1.759800e-01 -1.656849e+01 2.522257e+01
      vertex   -1.529685e+00 -1.826280e+01 2.072257e+01
      vertex   -1.529383e+00 -1.826250e+01 2.069803e+01
    endloop
  endfacet
  facet normal 7.047508e-01 -7.094550e-01 -6.258584e-06
    outer loop
      vertex   1.759800e-01 -1.656849e+01 2.522257e+01
      vertex   -1.529383e+00 -1.826250e+01 2.069803e+01
      vertex   -1.528477e+00 -1.826160e+01 2.067350e+01
    endloop
  endfacet
  facet normal 7.047384e-01 -7.094673e-01 2.951762e-06
    outer loop
      vertex   -1.528477e+00 -1.826160e+01 2.067350e+01
      vertex   -1.526967e+00 -1.826010e+01 2.064900e+01
      vertex   1.759800e-01 -1.656849e+01 2.522257e+01
    endloop
  endfacet
  facet normal 7.047424e-01 -7.094633e-01 -6.508674e-10
    outer loop
      vertex   1.759800e-01 -1.656849e+01 2.522257e+01
      vertex   -1.526967e+00 -1.826010e+01 2.064900e+01
      vertex   -1.524854e+00 -1.825800e+01 2.062455e+01
    endloop
  endfacet
  facet normal 7.047388e-01 -7.094669e-01 2.655713e-06
    outer loop
      vertex   1.759800e-01 -1.656849e+01 2.522257e+01
      vertex   -1.524854e+00 -1.825800e+01 2.062455e+01
      vertex   -1.522140e+00 -1.825531e+01 2.060016e+01
    endloop
  endfacet
  facet normal 7.047424e-01 -7.094633e-01 4.008947e-09
    outer loop
      vertex   -1.522140e+00 -1.825531e+01 2.060016e+01
      vertex   -1.518826e+00 -1.825202e+01 2.057584e+01
      vertex   1.759800e-01 -1.656849e+01 2.522257e+01
    endloop
  endfacet
  facet normal 7.047491e-01 -7.094567e-01 -4.818175e-06
    outer loop
      vertex   1.759800e-01 -1.656849e+01 2.522257e+01
      vertex   -1.518826e+00 -1.825202e+01 2.057584e+01
      vertex   -1.514914e+00 -1.824813e+01 2.055161e+01
    endloop
  endfacet
  facet normal 7.047424e-01 -7.094633e-01 -7.294372e-09
    outer loop
      vertex   1.759800e-01 -1.656849e+01 2.522257e+01
      vertex   -1.514914e+00 -1.824813e+01 2.055161e+01
      vertex   -1.510407e+00 -1.824365e+01 2.052748e+01
    endloop
  endfacet
  facet normal 7.047393e-01 -7.094664e-01 2.198121e-06
    outer loop
      vertex   -1.510407e+00 -1.824365e+01 2.052748e+01
      vertex   -1.505307e+00 -1.823859e+01 2.050347e+01
      vertex   1.759800e-01 -1.656849e+01 2.522257e+01
    endloop
  endfacet
  facet normal 7.047424e-01 -7.094633e-01 -2.245851e-09
    outer loop
      vertex   1.759800e-01 -1.656849e+01 2.522257e+01
      vertex   -1.505307e+00 -1.823859e+01 2.050347e+01
      vertex   -1.042169e+00 -1.777853e+01 1.986484e+01
    endloop
  endfacet
  facet normal 7.047424e-01 -7.094633e-01 -2.614353e-09
    outer loop
      vertex   1.759800e-01 -1.656849e+01 2.522257e+01
      vertex   -1.042169e+00 -1.777853e+01 1.986484e+01
      vertex   -9.993206e-01 -1.773597e+01 1.984065e+01
    endloop
  endfacet
  facet normal 7.046745e-01 -7.095308e-01 -3.568185e-05
    outer loop
      vertex   -1.499617e+00 -1.823293e+01 2.047959e+01
      vertex   -1.493341e+00 -1.822670e+01 2.045586e+01
      vertex   -1.505307e+00 -1.823859e+01 2.050347e+01
    endloop
  endfacet
  facet normal 7.046290e-01 -7.095759e-01 -5.835509e-05
    outer loop
      vertex   -1.505307e+00 -1.823859e+01 2.050347e+01
      vertex   -1.493341e+00 -1.822670e+01 2.045586e+01
      vertex   -1.486482e+00 -1.821989e+01 2.043228e+01
    endloop
  endfacet
  facet normal 7.048214e-01 -7.093848e-01 4.272007e-05
    outer loop
      vertex   -1.505307e+00 -1.823859e+01 2.050347e+01
      vertex   -1.486482e+00 -1.821989e+01 2.043228e+01
      vertex   -1.479045e+00 -1.821250e+01 2.040889e+01
    endloop
  endfacet
  facet normal 7.047357e-01 -7.094699e-01 -4.556839e-06
    outer loop
      vertex   -1.479045e+00 -1.821250e+01 2.040889e+01
      vertex   -1.471035e+00 -1.820454e+01 2.038568e+01
      vertex   -1.505307e+00 -1.823859e+01 2.050347e+01
    endloop
  endfacet
  facet normal 7.047155e-01 -7.094900e-01 -1.626046e-05
    outer loop
      vertex   -1.505307e+00 -1.823859e+01 2.050347e+01
      vertex   -1.471035e+00 -1.820454e+01 2.038568e+01
      vertex   -1.462455e+00 -1.819602e+01 2.036267e+01
    endloop
  endfacet
  facet normal 7.047616e-01 -7.094442e-01 1.161982e-05
    outer loop
      vertex   -1.505307e+00 -1.823859e+01 2.050347e+01
      vertex   -1.462455e+00 -1.819602e+01 2.036267e+01
      vertex   -1.453311e+00 -1.818694e+01 2.033989e+01
    endloop
  endfacet
  facet normal 7.047401e-01 -7.094656e-01 -1.974686e-06
    outer loop
      vertex   -1.453311e+00 -1.818694e+01 2.033989e+01
      vertex   -1.443609e+00 -1.817730e+01 2.031733e+01
      vertex   -1.505307e+00 -1.823859e+01 2.050347e+01
    endloop
  endfacet
  facet normal 7.047406e-01 -7.094651e-01 -1.624499e-06
    outer loop
      vertex   -1.505307e+00 -1.823859e+01 2.050347e+01
      vertex   -1.443609e+00 -1.817730e+01 2.031733e+01
      vertex   -1.433355e+00 -1.816711e+01 2.029501e+01
    endloop
  endfacet
  facet normal 7.047010e-01 -7.095044e-01 -2.875386e-05
    outer loop
      vertex   -1.505307e+00 -1.823859e+01 2.050347e+01
      vertex   -1.433355e+00 -1.816711e+01 2.029501e+01
      vertex   -1.422554e+00 -1.815638e+01 2.027296e+01
    endloop
  endfacet
  facet normal 7.047808e-01 -7.094251e-01 2.814819e-05
    outer loop
      vertex   -1.422554e+00 -1.815638e+01 2.027296e+01
      vertex   -1.411213e+00 -1.814512e+01 2.025117e+01
      vertex   -1.505307e+00 -1.823859e+01 2.050347e+01
    endloop
  endfacet
  facet normal 7.047304e-01 -7.094752e-01 -9.184409e-06
    outer loop
      vertex   -1.505307e+00 -1.823859e+01 2.050347e+01
      vertex   -1.411213e+00 -1.814512e+01 2.025117e+01
      vertex   -1.399339e+00 -1.813332e+01 2.022967e+01
    endloop
  endfacet
  facet normal 7.047221e-01 -7.094834e-01 -1.556280e-05
    outer loop
      vertex   -1.505307e+00 -1.823859e+01 2.050347e+01
      vertex   -1.399339e+00 -1.813332e+01 2.022967e+01
      vertex   -1.386940e+00 -1.812101e+01 2.020847e+01
    endloop
  endfacet
  facet normal 7.047531e-01 -7.094527e-01 9.087481e-06
    outer loop
      vertex   -1.386940e+00 -1.812101e+01 2.020847e+01
      vertex   -1.374022e+00 -1.810818e+01 2.018757e+01
      vertex   -1.505307e+00 -1.823859e+01 2.050347e+01
    endloop
  endfacet
  facet normal 7.047343e-01 -7.094714e-01 -6.446187e-06
    outer loop
      vertex   -1.505307e+00 -1.823859e+01 2.050347e+01
      vertex   -1.374022e+00 -1.810818e+01 2.018757e+01
      vertex   -1.360593e+00 -1.809484e+01 2.016700e+01
    endloop
  endfacet
  facet normal 7.047471e-01 -7.094586e-01 4.547380e-06
    outer loop
      vertex   -1.505307e+00 -1.823859e+01 2.050347e+01
      vertex   -1.360593e+00 -1.809484e+01 2.016700e+01
      vertex   -1.332237e+00 -1.806667e+01 2.012687e+01
    endloop
  endfacet
  facet normal 7.047427e-01 -7.094630e-01 5.418462e-07
    outer loop
      vertex   -1.332237e+00 -1.806667e+01 2.012687e+01
      vertex   -1.301939e+00 -1.803657e+01 2.008818e+01
      vertex   -1.505307e+00 -1.823859e+01 2.050347e+01
    endloop
  endfacet
  facet normal 7.047396e-01 -7.094660e-01 -2.488113e-06
    outer loop
      vertex   -1.505307e+00 -1.823859e+01 2.050347e+01
      vertex   -1.301939e+00 -1.803657e+01 2.008818e+01
      vertex   -1.269773e+00 -1.800462e+01 2.005101e+01
    endloop
  endfacet
  facet normal 7.047456e-01 -7.094601e-01 3.658537e-06
    outer loop
      vertex   -1.505307e+00 -1.823859e+01 2.050347e+01
      vertex   -1.269773e+00 -1.800462e+01 2.005101e+01
      vertex   -1.235816e+00 -1.797089e+01 2.001546e+01
    endloop
  endfacet
  facet normal 7.047401e-01 -7.094656e-01 -2.379113e-06
    outer loop
      vertex   -1.235816e+00 -1.797089e+01 2.001546e+01
      vertex   -1.200150e+00 -1.793546e+01 1.998162e+01
      vertex   -1.505307e+00 -1.823859e+01 2.050347e+01
    endloop
  endfacet
  facet normal 7.047427e-01 -7.094630e-01 6.496751e-07
    outer loop
      vertex   -1.505307e+00 -1.823859e+01 2.050347e+01
      vertex   -1.200150e+00 -1.793546e+01 1.998162e+01
      vertex   -1.162860e+00 -1.789842e+01 1.994956e+01
    endloop
  endfacet
  facet normal 7.047489e-01 -7.094568e-01 8.343484e-06
    outer loop
      vertex   -1.505307e+00 -1.823859e+01 2.050347e+01
      vertex   -1.162860e+00 -1.789842e+01 1.994956e+01
      vertex   -1.124037e+00 -1.785985e+01 1.991936e+01
    endloop
  endfacet
  facet normal 7.047365e-01 -7.094692e-01 -7.833033e-06
    outer loop
      vertex   -1.124037e+00 -1.785985e+01 1.991936e+01
      vertex   -1.083775e+00 -1.781986e+01 1.989110e+01
      vertex   -1.505307e+00 -1.823859e+01 2.050347e+01
    endloop
  endfacet
  facet normal 7.047461e-01 -7.094596e-01 5.418761e-06
    outer loop
      vertex   -1.505307e+00 -1.823859e+01 2.050347e+01
      vertex   -1.083775e+00 -1.781986e+01 1.989110e+01
      vertex   -1.042169e+00 -1.777853e+01 1.986484e+01
    endloop
  endfacet
  facet normal 7.047433e-01 -7.094624e-01 -3.798051e-07
    outer loop
      vertex   -9.993206e-01 -1.773597e+01 1.984065e+01
      vertex   -9.553328e-01 -1.769227e+01 1.981858e+01
      vertex   1.759800e-01 -1.656849e+01 2.522257e+01
    endloop
  endfacet
  facet normal 7.047407e-01 -7.094650e-01 7.006093e-07
    outer loop
      vertex   1.759800e-01 -1.656849e+01 2.522257e+01
      vertex   -9.553328e-01 -1.769227e+01 1.981858e+01
      vertex   -9.103116e-01 -1.764755e+01 1.979869e+01
    endloop
  endfacet
  facet normal 7.047415e-01 -7.094642e-01 3.528910e-07
    outer loop
      vertex   1.759800e-01 -1.656849e+01 2.522257e+01
      vertex   -9.103116e-01 -1.764755e+01 1.979869e+01
      vertex   -8.643654e-01 -1.760191e+01 1.978102e+01
    endloop
  endfacet
  facet normal 7.047458e-01 -7.094599e-01 -1.270519e-06
    outer loop
      vertex   -8.643654e-01 -1.760191e+01 1.978102e+01
      vertex   -8.176050e-01 -1.755546e+01 1.976563e+01
      vertex   1.759800e-01 -1.656849e+01 2.522257e+01
    endloop
  endfacet
  facet normal 7.047398e-01 -7.094658e-01 8.915565e-07
    outer loop
      vertex   1.759800e-01 -1.656849e+01 2.522257e+01
      vertex   -8.176050e-01 -1.755546e+01 1.976563e+01
      vertex   -7.701428e-01 -1.750831e+01 1.975254e+01
    endloop
  endfacet
  facet normal 7.047445e-01 -7.094612e-01 -7.182567e-07
    outer loop
      vertex   1.759800e-01 -1.656849e+01 2.522257e+01
      vertex   -7.701428e-01 -1.750831e+01 1.975254e+01
      vertex   -7.220933e-01 -1.746058e+01 1.974178e+01
    endloop
  endfacet
  facet normal 7.047394e-01 -7.094663e-01 9.436396e-07
    outer loop
      vertex   -7.220933e-01 -1.746058e+01 1.974178e+01
      vertex   -6.735723e-01 -1.741239e+01 1.973339e+01
      vertex   1.759800e-01 -1.656849e+01 2.522257e+01
    endloop
  endfacet
  facet normal 7.047449e-01 -7.094608e-01 -7.584998e-07
    outer loop
      vertex   1.759800e-01 -1.656849e+01 2.522257e+01
      vertex   -6.735723e-01 -1.741239e+01 1.973339e+01
      vertex   -6.246967e-01 -1.736384e+01 1.972738e+01
    endloop
  endfacet
  facet normal 7.047407e-01 -7.094650e-01 4.768353e-07
    outer loop
      vertex   1.759800e-01 -1.656849e+01 2.522257e+01
      vertex   -6.246967e-01 -1.736384e+01 1.972738e+01
      vertex   -5.755840e-01 -1.731505e+01 1.972377e+01
    endloop
  endfacet
  facet normal 7.047445e-01 -7.094612e-01 -5.706849e-07
    outer loop
      vertex   -5.755840e-01 -1.731505e+01 1.972377e+01
      vertex   -5.263528e-01 -1.726615e+01 1.972257e+01
      vertex   1.759800e-01 -1.656849e+01 2.522257e+01
    endloop
  endfacet
  facet normal 7.047423e-01 -7.094634e-01 -7.112919e-17
    outer loop
      vertex   1.759800e-01 -1.656849e+01 2.522257e+01
      vertex   -5.263528e-01 -1.726615e+01 1.972257e+01
      vertex   1.759800e-01 -1.656849e+01 1.972257e+01
    endloop
  endfacet
  facet normal 9.999944e-01 -3.338194e-03 -1.018241e-16
    outer loop
      vertex   2.088818e-01 -3.666871e+01 2.212257e+01
      vertex   2.192691e-01 -3.355708e+01 2.566742e+01
      vertex   2.088818e-01 -3.666871e+01 3.002745e+01
    endloop
  endfacet
  facet normal 9.999944e-01 -3.338194e-03 -6.496637e-17
    outer loop
      vertex   2.088818e-01 -3.666871e+01 3.002745e+01
      vertex   2.192691e-01 -3.355708e+01 2.566742e+01
      vertex   2.193856e-01 -3.352216e+01 2.611106e+01
    endloop
  endfacet
  facet normal 9.999944e-01 -3.338194e-03 -1.241779e-16
    outer loop
      vertex   2.088818e-01 -3.666871e+01 3.002745e+01
      vertex   2.193856e-01 -3.352216e+01 2.611106e+01
      vertex   2.195795e-01 -3.346408e+01 2.655226e+01
    endloop
  endfacet
  facet normal 9.999944e-01 -3.338194e-03 -9.848698e-17
    outer loop
      vertex   2.192302e-01 -3.356873e+01 2.212257e+01
      vertex   2.192302e-01 -3.356873e+01 2.522257e+01
      vertex   2.088818e-01 -3.666871e+01 2.212257e+01
    endloop
  endfacet
  facet normal 9.999944e-01 -3.338194e-03 -9.245599e-17
    outer loop
      vertex   2.088818e-01 -3.666871e+01 2.212257e+01
      vertex   2.192302e-01 -3.356873e+01 2.522257e+01
      vertex   2.192691e-01 -3.355708e+01 2.566742e+01
    endloop
  endfacet
  facet normal 9.999944e-01 -3.338194e-03 -9.531189e-17
    outer loop
      vertex   2.195795e-01 -3.346408e+01 2.655226e+01
      vertex   2.198502e-01 -3.338298e+01 2.698982e+01
      vertex   2.088818e-01 -3.666871e+01 3.002745e+01
    endloop
  endfacet
  facet normal 9.999944e-01 -3.338194e-03 -6.655015e-17
    outer loop
      vertex   2.088818e-01 -3.666871e+01 3.002745e+01
      vertex   2.198502e-01 -3.338298e+01 2.698982e+01
      vertex   2.201970e-01 -3.327910e+01 2.742253e+01
    endloop
  endfacet
  facet normal 9.999944e-01 -3.338194e-03 -1.650492e-16
    outer loop
      vertex   2.088818e-01 -3.666871e+01 3.002745e+01
      vertex   2.201970e-01 -3.327910e+01 2.742253e+01
      vertex   2.206189e-01 -3.315271e+01 2.784921e+01
    endloop
  endfacet
  facet normal 9.999944e-01 -3.338194e-03 -7.356353e-17
    outer loop
      vertex   2.206189e-01 -3.315271e+01 2.784921e+01
      vertex   2.211148e-01 -3.300416e+01 2.826870e+01
      vertex   2.088818e-01 -3.666871e+01 3.002745e+01
    endloop
  endfacet
  facet normal 9.999944e-01 -3.338194e-03 -7.004159e-17
    outer loop
      vertex   2.088818e-01 -3.666871e+01 3.002745e+01
      vertex   2.211148e-01 -3.300416e+01 2.826870e+01
      vertex   2.216833e-01 -3.283387e+01 2.867983e+01
    endloop
  endfacet
  facet normal 9.999944e-01 -3.338194e-03 -9.391169e-17
    outer loop
      vertex   2.088818e-01 -3.666871e+01 3.002745e+01
      vertex   2.216833e-01 -3.283387e+01 2.867983e+01
      vertex   2.223228e-01 -3.264229e+01 2.908149e+01
    endloop
  endfacet
  facet normal 9.999944e-01 -3.338194e-03 -1.809382e-16
    outer loop
      vertex   2.223228e-01 -3.264229e+01 2.908149e+01
      vertex   2.230316e-01 -3.242995e+01 2.947257e+01
      vertex   2.088818e-01 -3.666871e+01 3.002745e+01
    endloop
  endfacet
  facet normal 9.999944e-01 -3.338194e-03 -1.067045e-16
    outer loop
      vertex   2.088818e-01 -3.666871e+01 3.002745e+01
      vertex   2.230316e-01 -3.242995e+01 2.947257e+01
      vertex   2.238078e-01 -3.219743e+01 2.985200e+01
    endloop
  endfacet
  facet normal 9.999944e-01 -3.338194e-03 -4.895152e-17
    outer loop
      vertex   2.088818e-01 -3.666871e+01 3.002745e+01
      vertex   2.238078e-01 -3.219743e+01 2.985200e+01
      vertex   2.246492e-01 -3.194538e+01 3.021874e+01
    endloop
  endfacet
  facet normal 9.999944e-01 -3.338194e-03 -1.141705e-16
    outer loop
      vertex   2.246492e-01 -3.194538e+01 3.021874e+01
      vertex   2.255536e-01 -3.167448e+01 3.057179e+01
      vertex   2.088818e-01 -3.666871e+01 3.002745e+01
    endloop
  endfacet
  facet normal 9.999944e-01 -3.338194e-03 -1.338857e-16
    outer loop
      vertex   2.088818e-01 -3.666871e+01 3.002745e+01
      vertex   2.255536e-01 -3.167448e+01 3.057179e+01
      vertex   2.265183e-01 -3.138547e+01 3.091018e+01
    endloop
  endfacet
  facet normal 9.999944e-01 -3.338194e-03 -8.475726e-17
    outer loop
      vertex   2.088818e-01 -3.666871e+01 3.002745e+01
      vertex   2.265183e-01 -3.138547e+01 3.091018e+01
      vertex   2.275409e-01 -3.107915e+01 3.123298e+01
    endloop
  endfacet
  facet normal 9.999944e-01 -3.338194e-03 -1.045840e-16
    outer loop
      vertex   2.275409e-01 -3.107915e+01 3.123298e+01
      vertex   2.286185e-01 -3.075635e+01 3.153930e+01
      vertex   2.088818e-01 -3.666871e+01 3.002745e+01
    endloop
  endfacet
  facet normal 9.999944e-01 -3.338194e-03 -2.189141e-17
    outer loop
      vertex   2.088818e-01 -3.666871e+01 3.002745e+01
      vertex   2.286185e-01 -3.075635e+01 3.153930e+01
      vertex   2.297481e-01 -3.041797e+01 3.182831e+01
    endloop
  endfacet
  facet normal 9.999944e-01 -3.338194e-03 -1.035173e-16
    outer loop
      vertex   2.088818e-01 -3.666871e+01 3.002745e+01
      vertex   2.297481e-01 -3.041797e+01 3.182831e+01
      vertex   2.315652e-01 -2.987362e+01 3.682257e+01
    endloop
  endfacet
  facet normal 9.999944e-01 -3.338194e-03 -9.258937e-17
    outer loop
      vertex   2.315652e-01 -2.987362e+01 3.682257e+01
      vertex   2.297481e-01 -3.041797e+01 3.182831e+01
      vertex   2.309266e-01 -3.006492e+01 3.209921e+01
    endloop
  endfacet
  facet normal 9.999944e-01 -3.338194e-03 -9.411183e-17
    outer loop
      vertex   2.315652e-01 -2.987362e+01 3.682257e+01
      vertex   2.309266e-01 -3.006492e+01 3.209921e+01
      vertex   2.321509e-01 -2.969818e+01 3.235127e+01
    endloop
  endfacet
  facet normal 9.999944e-01 -3.338194e-03 -9.119662e-17
    outer loop
      vertex   2.321509e-01 -2.969818e+01 3.235127e+01
      vertex   2.334175e-01 -2.931875e+01 3.258378e+01
      vertex   2.315652e-01 -2.987362e+01 3.682257e+01
    endloop
  endfacet
  facet normal 9.999944e-01 -3.338194e-03 -8.754956e-17
    outer loop
      vertex   2.315652e-01 -2.987362e+01 3.682257e+01
      vertex   2.334175e-01 -2.931875e+01 3.258378e+01
      vertex   2.347230e-01 -2.892767e+01 3.279612e+01
    endloop
  endfacet
  facet normal 9.999944e-01 -3.338194e-03 -1.074855e-16
    outer loop
      vertex   2.315652e-01 -2.987362e+01 3.682257e+01
      vertex   2.347230e-01 -2.892767e+01 3.279612e+01
      vertex   2.360638e-01 -2.852602e+01 3.298770e+01
    endloop
  endfacet
  facet normal 9.999944e-01 -3.338194e-03 -8.928351e-17
    outer loop
      vertex   2.360638e-01 -2.852602e+01 3.298770e+01
      vertex   2.374362e-01 -2.811488e+01 3.315800e+01
      vertex   2.315652e-01 -2.987362e+01 3.682257e+01
    endloop
  endfacet
  facet normal 9.999944e-01 -3.338194e-03 -8.718869e-17
    outer loop
      vertex   2.315652e-01 -2.987362e+01 3.682257e+01
      vertex   2.374362e-01 -2.811488e+01 3.315800e+01
      vertex   2.388366e-01 -2.769540e+01 3.330655e+01
    endloop
  endfacet
  facet normal 9.999944e-01 -3.338194e-03 -9.102717e-17
    outer loop
      vertex   2.315652e-01 -2.987362e+01 3.682257e+01
      vertex   2.388366e-01 -2.769540e+01 3.330655e+01
      vertex   2.402609e-01 -2.726872e+01 3.343294e+01
    endloop
  endfacet
  facet normal 9.999944e-01 -3.338194e-03 -1.133578e-16
    outer loop
      vertex   2.402609e-01 -2.726872e+01 3.343294e+01
      vertex   2.417054e-01 -2.683601e+01 3.353682e+01
      vertex   2.315652e-01 -2.987362e+01 3.682257e+01
    endloop
  endfacet
  facet normal 9.999944e-01 -3.338194e-03 -1.020997e-16
    outer loop
      vertex   2.315652e-01 -2.987362e+01 3.682257e+01
      vertex   2.417054e-01 -2.683601e+01 3.353682e+01
      vertex   2.431660e-01 -2.639846e+01 3.361792e+01
    endloop
  endfacet
  facet normal 9.999944e-01 -3.338194e-03 -1.353875e-16
    outer loop
      vertex   2.315652e-01 -2.987362e+01 3.682257e+01
      vertex   2.431660e-01 -2.639846e+01 3.361792e+01
      vertex   2.446389e-01 -2.595726e+01 3.367600e+01
    endloop
  endfacet
  facet normal 9.999944e-01 -3.338194e-03 -4.977772e-17
    outer loop
      vertex   2.446389e-01 -2.595726e+01 3.367600e+01
      vertex   2.461198e-01 -2.551363e+01 3.371092e+01
      vertex   2.315652e-01 -2.987362e+01 3.682257e+01
    endloop
  endfacet
  facet normal 9.999944e-01 -3.338194e-03 -1.760377e-16
    outer loop
      vertex   2.315652e-01 -2.987362e+01 3.682257e+01
      vertex   2.461198e-01 -2.551363e+01 3.371092e+01
      vertex   2.476048e-01 -2.506877e+01 3.372257e+01
    endloop
  endfacet
  facet normal 9.999944e-01 -3.338194e-03 -9.100859e-17
    outer loop
      vertex   2.315652e-01 -2.987362e+01 3.682257e+01
      vertex   2.476048e-01 -2.506877e+01 3.372257e+01
      vertex   2.636444e-01 -2.026392e+01 3.682257e+01
    endloop
  endfacet
  facet normal 9.999944e-01 -3.338194e-03 -1.449170e-16
    outer loop
      vertex   2.636444e-01 -2.026392e+01 3.682257e+01
      vertex   2.476048e-01 -2.506877e+01 3.372257e+01
      vertex   2.490898e-01 -2.462392e+01 3.371092e+01
    endloop
  endfacet
  facet normal 9.999944e-01 -3.338194e-03 -1.256663e-16
    outer loop
      vertex   2.636444e-01 -2.026392e+01 3.682257e+01
      vertex   2.490898e-01 -2.462392e+01 3.371092e+01
      vertex   2.505708e-01 -2.418029e+01 3.367600e+01
    endloop
  endfacet
  facet normal 9.999944e-01 -3.338194e-03 -1.366630e-16
    outer loop
      vertex   2.505708e-01 -2.418029e+01 3.367600e+01
      vertex   2.520436e-01 -2.373909e+01 3.361792e+01
      vertex   2.636444e-01 -2.026392e+01 3.682257e+01
    endloop
  endfacet
  facet normal 9.999944e-01 -3.338194e-03 -9.132288e-17
    outer loop
      vertex   2.636444e-01 -2.026392e+01 3.682257e+01
      vertex   2.520436e-01 -2.373909e+01 3.361792e+01
      vertex   2.535042e-01 -2.330153e+01 3.353682e+01
    endloop
  endfacet
  facet normal 9.999944e-01 -3.338194e-03 -1.008296e-16
    outer loop
      vertex   2.636444e-01 -2.026392e+01 3.682257e+01
      vertex   2.535042e-01 -2.330153e+01 3.353682e+01
      vertex   2.549487e-01 -2.286882e+01 3.343294e+01
    endloop
  endfacet
  facet normal 9.999944e-01 -3.338194e-03 -7.632980e-17
    outer loop
      vertex   2.549487e-01 -2.286882e+01 3.343294e+01
      vertex   2.563731e-01 -2.244214e+01 3.330655e+01
      vertex   2.636444e-01 -2.026392e+01 3.682257e+01
    endloop
  endfacet
  facet normal 9.999944e-01 -3.338194e-03 -1.086605e-16
    outer loop
      vertex   2.636444e-01 -2.026392e+01 3.682257e+01
      vertex   2.563731e-01 -2.244214e+01 3.330655e+01
      vertex   2.577734e-01 -2.202266e+01 3.315800e+01
    endloop
  endfacet
  facet normal 9.999944e-01 -3.338194e-03 -8.664236e-17
    outer loop
      vertex   2.636444e-01 -2.026392e+01 3.682257e+01
      vertex   2.577734e-01 -2.202266e+01 3.315800e+01
      vertex   2.591458e-01 -2.161153e+01 3.298770e+01
    endloop
  endfacet
  facet normal 9.999944e-01 -3.338194e-03 -1.010316e-16
    outer loop
      vertex   2.591458e-01 -2.161153e+01 3.298770e+01
      vertex   2.604866e-01 -2.120988e+01 3.279612e+01
      vertex   2.636444e-01 -2.026392e+01 3.682257e+01
    endloop
  endfacet
  facet normal 9.999944e-01 -3.338194e-03 -1.018734e-16
    outer loop
      vertex   2.636444e-01 -2.026392e+01 3.682257e+01
      vertex   2.604866e-01 -2.120988e+01 3.279612e+01
      vertex   2.617921e-01 -2.081880e+01 3.258378e+01
    endloop
  endfacet
  facet normal 9.999944e-01 -3.338194e-03 -9.694797e-17
    outer loop
      vertex   2.636444e-01 -2.026392e+01 3.682257e+01
      vertex   2.617921e-01 -2.081880e+01 3.258378e+01
      vertex   2.630587e-01 -2.043937e+01 3.235127e+01
    endloop
  endfacet
  facet normal 9.999944e-01 -3.338194e-03 -1.005990e-16
    outer loop
      vertex   2.630587e-01 -2.043937e+01 3.235127e+01
      vertex   2.642830e-01 -2.007263e+01 3.209921e+01
      vertex   2.636444e-01 -2.026392e+01 3.682257e+01
    endloop
  endfacet
  facet normal 9.999944e-01 -3.338194e-03 -1.056299e-16
    outer loop
      vertex   2.636444e-01 -2.026392e+01 3.682257e+01
      vertex   2.642830e-01 -2.007263e+01 3.209921e+01
      vertex   2.654616e-01 -1.971958e+01 3.182831e+01
    endloop
  endfacet
  facet normal 9.999944e-01 -3.338194e-03 -9.927021e-17
    outer loop
      vertex   2.636444e-01 -2.026392e+01 3.682257e+01
      vertex   2.654616e-01 -1.971958e+01 3.182831e+01
      vertex   2.863279e-01 -1.346884e+01 3.002745e+01
    endloop
  endfacet
  facet normal 9.999944e-01 -3.338194e-03 -1.058690e-16
    outer loop
      vertex   2.863279e-01 -1.346884e+01 3.002745e+01
      vertex   2.654616e-01 -1.971958e+01 3.182831e+01
      vertex   2.665912e-01 -1.938120e+01 3.153930e+01
    endloop
  endfacet
  facet normal 9.999944e-01 -3.338194e-03 -1.876991e-16
    outer loop
      vertex   2.863279e-01 -1.346884e+01 3.002745e+01
      vertex   2.665912e-01 -1.938120e+01 3.153930e+01
      vertex   2.676687e-01 -1.905840e+01 3.123298e+01
    endloop
  endfacet
  facet normal 9.999944e-01 -3.338194e-03 2.390831e-17
    outer loop
      vertex   2.676687e-01 -1.905840e+01 3.123298e+01
      vertex   2.686913e-01 -1.875208e+01 3.091018e+01
      vertex   2.863279e-01 -1.346884e+01 3.002745e+01
    endloop
  endfacet
  facet normal 9.999944e-01 -3.338194e-03 -2.639356e-17
    outer loop
      vertex   2.863279e-01 -1.346884e+01 3.002745e+01
      vertex   2.686913e-01 -1.875208e+01 3.091018e+01
      vertex   2.696561e-01 -1.846307e+01 3.057179e+01
    endloop
  endfacet
  facet normal 9.999944e-01 -3.338194e-03 -2.377152e-16
    outer loop
      vertex   2.863279e-01 -1.346884e+01 3.002745e+01
      vertex   2.696561e-01 -1.846307e+01 3.057179e+01
      vertex   2.705604e-01 -1.819217e+01 3.021874e+01
    endloop
  endfacet
  facet normal 9.999944e-01 -3.338194e-03 7.186856e-18
    outer loop
      vertex   2.705604e-01 -1.819217e+01 3.021874e+01
      vertex   2.714018e-01 -1.794011e+01 2.985200e+01
      vertex   2.863279e-01 -1.346884e+01 3.002745e+01
    endloop
  endfacet
  facet normal 9.999944e-01 -3.338194e-03 -7.932940e-17
    outer loop
      vertex   2.863279e-01 -1.346884e+01 3.002745e+01
      vertex   2.714018e-01 -1.794011e+01 2.985200e+01
      vertex   2.721780e-01 -1.770760e+01 2.947257e+01
    endloop
  endfacet
  facet normal 9.999944e-01 -3.338194e-03 -1.174560e-16
    outer loop
      vertex   2.863279e-01 -1.346884e+01 3.002745e+01
      vertex   2.721780e-01 -1.770760e+01 2.947257e+01
      vertex   2.728868e-01 -1.749526e+01 2.908149e+01
    endloop
  endfacet
  facet normal 9.999944e-01 -3.338194e-03 -7.458091e-17
    outer loop
      vertex   2.728868e-01 -1.749526e+01 2.908149e+01
      vertex   2.735263e-01 -1.730368e+01 2.867983e+01
      vertex   2.863279e-01 -1.346884e+01 3.002745e+01
    endloop
  endfacet
  facet normal 9.999944e-01 -3.338194e-03 -1.619177e-16
    outer loop
      vertex   2.863279e-01 -1.346884e+01 3.002745e+01
      vertex   2.735263e-01 -1.730368e+01 2.867983e+01
      vertex   2.740948e-01 -1.713338e+01 2.826870e+01
    endloop
  endfacet
  facet normal 9.999944e-01 -3.338194e-03 -6.750478e-17
    outer loop
      vertex   2.863279e-01 -1.346884e+01 3.002745e+01
      vertex   2.740948e-01 -1.713338e+01 2.826870e+01
      vertex   2.745907e-01 -1.698484e+01 2.784921e+01
    endloop
  endfacet
  facet normal 9.999944e-01 -3.338194e-03 -1.381108e-16
    outer loop
      vertex   2.745907e-01 -1.698484e+01 2.784921e+01
      vertex   2.750126e-01 -1.685845e+01 2.742253e+01
      vertex   2.863279e-01 -1.346884e+01 3.002745e+01
    endloop
  endfacet
  facet normal 9.999944e-01 -3.338194e-03 -9.484813e-17
    outer loop
      vertex   2.863279e-01 -1.346884e+01 3.002745e+01
      vertex   2.750126e-01 -1.685845e+01 2.742253e+01
      vertex   2.753594e-01 -1.675457e+01 2.698982e+01
    endloop
  endfacet
  facet normal 9.999944e-01 -3.338194e-03 -1.985237e-17
    outer loop
      vertex   2.863279e-01 -1.346884e+01 3.002745e+01
      vertex   2.753594e-01 -1.675457e+01 2.698982e+01
      vertex   2.756301e-01 -1.667347e+01 2.655226e+01
    endloop
  endfacet
  facet normal 9.999944e-01 -3.338194e-03 -1.730008e-16
    outer loop
      vertex   2.756301e-01 -1.667347e+01 2.655226e+01
      vertex   2.758240e-01 -1.661539e+01 2.611106e+01
      vertex   2.863279e-01 -1.346884e+01 3.002745e+01
    endloop
  endfacet
  facet normal 9.999944e-01 -3.338194e-03 -6.799719e-17
    outer loop
      vertex   2.863279e-01 -1.346884e+01 3.002745e+01
      vertex   2.758240e-01 -1.661539e+01 2.611106e+01
      vertex   2.759406e-01 -1.658047e+01 2.566742e+01
    endloop
  endfacet
  facet normal 9.999944e-01 -3.338194e-03 -9.831295e-17
    outer loop
      vertex   2.863279e-01 -1.346884e+01 3.002745e+01
      vertex   2.759406e-01 -1.658047e+01 2.566742e+01
      vertex   2.863279e-01 -1.346884e+01 2.212257e+01
    endloop
  endfacet
  facet normal 9.999944e-01 -3.338194e-03 -1.866690e-16
    outer loop
      vertex   2.863279e-01 -1.346884e+01 2.212257e+01
      vertex   2.759406e-01 -1.658047e+01 2.566742e+01
      vertex   2.759795e-01 -1.656882e+01 2.522257e+01
    endloop
  endfacet
  facet normal 9.999944e-01 -3.338194e-03 -8.980429e-17
    outer loop
      vertex   2.863279e-01 -1.346884e+01 2.212257e+01
      vertex   2.759795e-01 -1.656882e+01 2.522257e+01
      vertex   2.759795e-01 -1.656882e+01 2.212257e+01
    endloop
  endfacet
  facet normal -7.094630e-01 -7.047427e-01 2.535398e-07
    outer loop
      vertex   1.402866e+00 -3.847270e+01 1.992257e+01
      vertex   4.062101e-01 -3.746937e+01 2.212257e+01
      vertex   1.203535e+00 -3.827204e+01 1.972257e+01
    endloop
  endfacet
  facet normal -7.094633e-01 -7.047423e-01 2.770372e-08
    outer loop
      vertex   1.203535e+00 -3.827204e+01 1.972257e+01
      vertex   4.062101e-01 -3.746937e+01 2.212257e+01
      vertex   -9.211804e-02 -3.696771e+01 2.015201e+01
    endloop
  endfacet
  facet normal -7.094632e-01 -7.047425e-01 7.370780e-07
    outer loop
      vertex   1.203535e+00 -3.827204e+01 1.972257e+01
      vertex   -9.211804e-02 -3.696771e+01 2.015201e+01
      vertex   -5.201193e-01 -3.653684e+01 1.972257e+01
    endloop
  endfacet
  facet normal -7.094630e-01 -7.047427e-01 5.251081e-17
    outer loop
      vertex   1.402866e+00 -3.847270e+01 2.292257e+01
      vertex   1.062587e+00 -3.813015e+01 2.278115e+01
      vertex   1.402866e+00 -3.847270e+01 1.992257e+01
    endloop
  endfacet
  facet normal -7.094634e-01 -7.047423e-01 -9.487375e-08
    outer loop
      vertex   1.402866e+00 -3.847270e+01 1.992257e+01
      vertex   1.062587e+00 -3.813015e+01 2.278115e+01
      vertex   4.062101e-01 -3.746937e+01 2.212257e+01
    endloop
  endfacet
  facet normal -7.094633e-01 -7.047424e-01 8.848749e-17
    outer loop
      vertex   4.062101e-01 -3.746937e+01 2.212257e+01
      vertex   -9.211804e-02 -3.696771e+01 2.212257e+01
      vertex   -9.211804e-02 -3.696771e+01 2.015201e+01
    endloop
  endfacet
  facet normal -7.087718e-01 -4.976372e-01 4.999998e-01
    outer loop
      vertex   1.062587e+00 -3.813015e+01 2.278115e+01
      vertex   1.402866e+00 -3.847270e+01 2.292257e+01
      vertex   1.403534e+00 -3.827271e+01 2.312257e+01
    endloop
  endfacet
  facet normal -7.071030e-01 2.360483e-03 7.071067e-01
    outer loop
      vertex   1.422538e+00 -3.257984e+01 2.312257e+01
      vertex   1.068498e+00 -3.272511e+01 2.276902e+01
      vertex   1.062587e+00 -3.813015e+01 2.278115e+01
    endloop
  endfacet
  facet normal -7.071028e-01 2.360483e-03 7.071069e-01
    outer loop
      vertex   1.062587e+00 -3.813015e+01 2.278115e+01
      vertex   1.068498e+00 -3.272511e+01 2.276902e+01
      vertex   4.198967e-01 -3.336940e+01 2.212257e+01
    endloop
  endfacet
  facet normal -7.071028e-01 2.360459e-03 7.071068e-01
    outer loop
      vertex   1.062587e+00 -3.813015e+01 2.278115e+01
      vertex   4.198967e-01 -3.336940e+01 2.212257e+01
      vertex   4.062101e-01 -3.746937e+01 2.212257e+01
    endloop
  endfacet
  facet normal -7.071028e-01 2.360459e-03 7.071068e-01
    outer loop
      vertex   1.062587e+00 -3.813015e+01 2.278115e+01
      vertex   1.403534e+00 -3.827271e+01 2.312257e+01
      vertex   1.422538e+00 -3.257984e+01 2.312257e+01
    endloop
  endfacet
  facet normal -7.054338e-01 5.023579e-01 4.999997e-01
    outer loop
      vertex   1.423229e+00 -3.237274e+01 2.291546e+01
      vertex   1.068498e+00 -3.272511e+01 2.276902e+01
      vertex   1.422538e+00 -3.257984e+01 2.312257e+01
    endloop
  endfacet
  facet normal 3.338194e-03 9.999944e-01 -6.465437e-19
    outer loop
      vertex   2.125562e+00 -3.167508e+01 1.992257e+01
      vertex   2.125562e+00 -3.167508e+01 2.221546e+01
      vertex   2.225562e+00 -3.167541e+01 1.992257e+01
    endloop
  endfacet
  facet normal 3.338194e-03 9.999944e-01 -0.000000e+00
    outer loop
      vertex   2.225562e+00 -3.167541e+01 1.992257e+01
      vertex   2.125562e+00 -3.167508e+01 2.221546e+01
      vertex   2.225562e+00 -3.167541e+01 2.221546e+01
    endloop
  endfacet
  facet normal 2.360459e-03 7.071028e-01 7.071068e-01
    outer loop
      vertex   2.225562e+00 -3.167541e+01 2.221546e+01
      vertex   2.125562e+00 -3.167508e+01 2.221546e+01
      vertex   2.222534e+00 -3.258252e+01 2.312257e+01
    endloop
  endfacet
  facet normal 2.360242e-03 7.071028e-01 7.071068e-01
    outer loop
      vertex   2.222534e+00 -3.258252e+01 2.312257e+01
      vertex   2.125562e+00 -3.167508e+01 2.221546e+01
      vertex   1.423229e+00 -3.237274e+01 2.291546e+01
    endloop
  endfacet
  facet normal 2.360461e-03 7.071032e-01 7.071064e-01
    outer loop
      vertex   2.222534e+00 -3.258252e+01 2.312257e+01
      vertex   1.423229e+00 -3.237274e+01 2.291546e+01
      vertex   1.422538e+00 -3.257984e+01 2.312257e+01
    endloop
  endfacet
  facet normal 0.000000e+00 0.000000e+00 1.000000e+00
    outer loop
      vertex   1.422538e+00 -3.257984e+01 2.312257e+01
      vertex   1.403534e+00 -3.827271e+01 2.312257e+01
      vertex   2.222534e+00 -3.258252e+01 2.312257e+01
    endloop
  endfacet
  facet normal 0.000000e+00 0.000000e+00 1.000000e+00
    outer loop
      vertex   2.222534e+00 -3.258252e+01 2.312257e+01
      vertex   1.403534e+00 -3.827271e+01 2.312257e+01
      vertex   2.203530e+00 -3.827538e+01 2.312257e+01
    endloop
  endfacet
  facet normal -2.360461e-03 -7.071033e-01 7.071064e-01
    outer loop
      vertex   1.403534e+00 -3.827271e+01 2.312257e+01
      vertex   1.402866e+00 -3.847270e+01 2.292257e+01
      vertex   2.203530e+00 -3.827538e+01 2.312257e+01
    endloop
  endfacet
  facet normal -2.360461e-03 -7.071033e-01 7.071064e-01
    outer loop
      vertex   2.203530e+00 -3.827538e+01 2.312257e+01
      vertex   1.402866e+00 -3.847270e+01 2.292257e+01
      vertex   2.202862e+00 -3.847538e+01 2.292257e+01
    endloop
  endfacet
  facet normal -3.338194e-03 -9.999944e-01 2.470759e-19
    outer loop
      vertex   1.402866e+00 -3.847270e+01 2.292257e+01
      vertex   1.402866e+00 -3.847270e+01 1.992257e+01
      vertex   2.202862e+00 -3.847538e+01 2.292257e+01
    endloop
  endfacet
  facet normal -3.338194e-03 -9.999944e-01 4.941519e-19
    outer loop
      vertex   2.202862e+00 -3.847538e+01 2.292257e+01
      vertex   1.402866e+00 -3.847270e+01 1.992257e+01
      vertex   2.202862e+00 -3.847538e+01 1.992257e+01
    endloop
  endfacet
  facet normal -2.360459e-03 -7.071028e-01 -7.071068e-01
    outer loop
      vertex   2.202862e+00 -3.847538e+01 1.992257e+01
      vertex   1.402866e+00 -3.847270e+01 1.992257e+01
      vertex   2.203530e+00 -3.827538e+01 1.972257e+01
    endloop
  endfacet
  facet normal -2.360459e-03 -7.071028e-01 -7.071068e-01
    outer loop
      vertex   2.203530e+00 -3.827538e+01 1.972257e+01
      vertex   1.402866e+00 -3.847270e+01 1.992257e+01
      vertex   1.203535e+00 -3.827204e+01 1.972257e+01
    endloop
  endfacet
  facet normal 2.360456e-03 7.071020e-01 -7.071076e-01
    outer loop
      vertex   1.924896e+00 -3.187441e+01 1.972257e+01
      vertex   2.125562e+00 -3.167508e+01 1.992257e+01
      vertex   2.224894e+00 -3.187541e+01 1.972257e+01
    endloop
  endfacet
  facet normal 2.360456e-03 7.071020e-01 -7.071076e-01
    outer loop
      vertex   2.224894e+00 -3.187541e+01 1.972257e+01
      vertex   2.125562e+00 -3.167508e+01 1.992257e+01
      vertex   2.225562e+00 -3.167541e+01 1.992257e+01
    endloop
  endfacet
  facet normal 9.999944e-01 -3.338194e-03 4.909251e-16
    outer loop
      vertex   2.203530e+00 -3.827538e+01 1.972257e+01
      vertex   2.224894e+00 -3.187541e+01 1.972257e+01
      vertex   2.202862e+00 -3.847538e+01 1.992257e+01
    endloop
  endfacet
  facet normal 9.999944e-01 -3.338194e-03 -3.055659e-16
    outer loop
      vertex   2.202862e+00 -3.847538e+01 1.992257e+01
      vertex   2.224894e+00 -3.187541e+01 1.972257e+01
      vertex   2.225562e+00 -3.167541e+01 1.992257e+01
    endloop
  endfacet
  facet normal 9.999944e-01 -3.338194e-03 -7.525409e-19
    outer loop
      vertex   2.202862e+00 -3.847538e+01 1.992257e+01
      vertex   2.225562e+00 -3.167541e+01 1.992257e+01
      vertex   2.225562e+00 -3.167541e+01 2.221546e+01
    endloop
  endfacet
  facet normal 9.999944e-01 -3.338194e-03 -1.480289e-16
    outer loop
      vertex   2.202862e+00 -3.847538e+01 1.992257e+01
      vertex   2.225562e+00 -3.167541e+01 2.221546e+01
      vertex   2.202862e+00 -3.847538e+01 2.292257e+01
    endloop
  endfacet
  facet normal 9.999944e-01 -3.338194e-03 -4.523763e-16
    outer loop
      vertex   2.202862e+00 -3.847538e+01 2.292257e+01
      vertex   2.225562e+00 -3.167541e+01 2.221546e+01
      vertex   2.222534e+00 -3.258252e+01 2.312257e+01
    endloop
  endfacet
  facet normal 9.999944e-01 -3.338194e-03 -4.861733e-16
    outer loop
      vertex   2.202862e+00 -3.847538e+01 2.292257e+01
      vertex   2.222534e+00 -3.258252e+01 2.312257e+01
      vertex   2.203530e+00 -3.827538e+01 2.312257e+01
    endloop
  endfacet
  facet normal -7.047421e-01 7.094636e-01 2.535398e-07
    outer loop
      vertex   1.291663e+00 -1.187219e+01 1.972257e+01
      vertex   4.889973e-01 -1.266951e+01 2.212257e+01
      vertex   1.492330e+00 -1.167285e+01 1.992257e+01
    endloop
  endfacet
  facet normal -7.047425e-01 7.094632e-01 -9.487375e-08
    outer loop
      vertex   1.492330e+00 -1.167285e+01 1.992257e+01
      vertex   4.889973e-01 -1.266951e+01 2.212257e+01
      vertex   1.149771e+00 -1.201313e+01 2.278115e+01
    endloop
  endfacet
  facet normal -7.047421e-01 7.094636e-01 1.564842e-16
    outer loop
      vertex   1.492330e+00 -1.167285e+01 1.992257e+01
      vertex   1.149771e+00 -1.201313e+01 2.278115e+01
      vertex   1.492330e+00 -1.167285e+01 2.292257e+01
    endloop
  endfacet
  facet normal -7.047423e-01 7.094634e-01 7.370780e-07
    outer loop
      vertex   -4.435374e-01 -1.359584e+01 1.972257e+01
      vertex   -1.266903e-02 -1.316784e+01 2.015201e+01
      vertex   1.291663e+00 -1.187219e+01 1.972257e+01
    endloop
  endfacet
  facet normal -7.047424e-01 7.094633e-01 2.770372e-08
    outer loop
      vertex   1.291663e+00 -1.187219e+01 1.972257e+01
      vertex   -1.266903e-02 -1.316784e+01 2.015201e+01
      vertex   4.889973e-01 -1.266951e+01 2.212257e+01
    endloop
  endfacet
  facet normal -7.047424e-01 7.094633e-01 7.444775e-17
    outer loop
      vertex   -1.266903e-02 -1.316784e+01 2.015201e+01
      vertex   -1.266903e-02 -1.316784e+01 2.212257e+01
      vertex   4.889973e-01 -1.266951e+01 2.212257e+01
    endloop
  endfacet
  facet normal 3.337050e-03 9.996517e-01 -2.617735e-02
    outer loop
      vertex   2.192302e-01 -3.356873e+01 2.522257e+01
      vertex   1.192307e-01 -3.356839e+01 2.522257e+01
      vertex   2.192691e-01 -3.355708e+01 2.566742e+01
    endloop
  endfacet
  facet normal 3.337050e-03 9.996517e-01 -2.617735e-02
    outer loop
      vertex   2.192691e-01 -3.355708e+01 2.566742e+01
      vertex   1.192307e-01 -3.356839e+01 2.522257e+01
      vertex   1.192696e-01 -3.355674e+01 2.566742e+01
    endloop
  endfacet
  facet normal 3.327903e-03 9.969118e-01 -7.845918e-02
    outer loop
      vertex   2.192691e-01 -3.355708e+01 2.566742e+01
      vertex   1.192696e-01 -3.355674e+01 2.566742e+01
      vertex   2.193856e-01 -3.352216e+01 2.611106e+01
    endloop
  endfacet
  facet normal 3.327903e-03 9.969118e-01 -7.845918e-02
    outer loop
      vertex   2.193856e-01 -3.352216e+01 2.611106e+01
      vertex   1.192696e-01 -3.355674e+01 2.566742e+01
      vertex   1.193862e-01 -3.352183e+01 2.611106e+01
    endloop
  endfacet
  facet normal 3.309635e-03 9.914393e-01 -1.305267e-01
    outer loop
      vertex   2.193856e-01 -3.352216e+01 2.611106e+01
      vertex   1.193862e-01 -3.352183e+01 2.611106e+01
      vertex   2.195795e-01 -3.346408e+01 2.655226e+01
    endloop
  endfacet
  facet normal 3.309635e-03 9.914393e-01 -1.305267e-01
    outer loop
      vertex   2.195795e-01 -3.346408e+01 2.655226e+01
      vertex   1.193862e-01 -3.352183e+01 2.611106e+01
      vertex   1.195801e-01 -3.346374e+01 2.655226e+01
    endloop
  endfacet
  facet normal 3.282296e-03 9.832497e-01 -1.822342e-01
    outer loop
      vertex   2.195795e-01 -3.346408e+01 2.655226e+01
      vertex   1.195801e-01 -3.346374e+01 2.655226e+01
      vertex   2.198502e-01 -3.338298e+01 2.698982e+01
    endloop
  endfacet
  facet normal 3.282296e-03 9.832497e-01 -1.822342e-01
    outer loop
      vertex   2.198502e-01 -3.338298e+01 2.698982e+01
      vertex   1.195801e-01 -3.346374e+01 2.655226e+01
      vertex   1.198508e-01 -3.338265e+01 2.698982e+01
    endloop
  endfacet
  facet normal 3.245958e-03 9.723642e-01 -2.334465e-01
    outer loop
      vertex   2.198502e-01 -3.338298e+01 2.698982e+01
      vertex   1.198508e-01 -3.338265e+01 2.698982e+01
      vertex   2.201970e-01 -3.327910e+01 2.742253e+01
    endloop
  endfacet
  facet normal 3.245958e-03 9.723642e-01 -2.334465e-01
    outer loop
      vertex   2.201970e-01 -3.327910e+01 2.742253e+01
      vertex   1.198508e-01 -3.338265e+01 2.698982e+01
      vertex   1.201976e-01 -3.327876e+01 2.742253e+01
    endloop
  endfacet
  facet normal 3.200727e-03 9.588147e-01 -2.840142e-01
    outer loop
      vertex   2.201970e-01 -3.327910e+01 2.742253e+01
      vertex   1.201976e-01 -3.327876e+01 2.742253e+01
      vertex   2.206189e-01 -3.315271e+01 2.784921e+01
    endloop
  endfacet
  facet normal 3.200727e-03 9.588147e-01 -2.840142e-01
    outer loop
      vertex   2.206189e-01 -3.315271e+01 2.784921e+01
      vertex   1.201976e-01 -3.327876e+01 2.742253e+01
      vertex   1.206195e-01 -3.315238e+01 2.784921e+01
    endloop
  endfacet
  facet normal 3.146719e-03 9.426360e-01 -3.338076e-01
    outer loop
      vertex   2.206189e-01 -3.315271e+01 2.784921e+01
      vertex   1.206195e-01 -3.315238e+01 2.784921e+01
      vertex   2.211148e-01 -3.300416e+01 2.826870e+01
    endloop
  endfacet
  facet normal 3.146719e-03 9.426360e-01 -3.338076e-01
    outer loop
      vertex   2.211148e-01 -3.300416e+01 2.826870e+01
      vertex   1.206195e-01 -3.315238e+01 2.784921e+01
      vertex   1.211154e-01 -3.300383e+01 2.826870e+01
    endloop
  endfacet
  facet normal 3.084089e-03 9.238745e-01 -3.826832e-01
    outer loop
      vertex   2.211148e-01 -3.300416e+01 2.826870e+01
      vertex   1.211154e-01 -3.300383e+01 2.826870e+01
      vertex   2.216833e-01 -3.283387e+01 2.867983e+01
    endloop
  endfacet
  facet normal 3.084089e-03 9.238745e-01 -3.826832e-01
    outer loop
      vertex   2.216833e-01 -3.283387e+01 2.867983e+01
      vertex   1.211154e-01 -3.300383e+01 2.826870e+01
      vertex   1.216838e-01 -3.283353e+01 2.867983e+01
    endloop
  endfacet
  facet normal 3.013005e-03 9.025803e-01 -4.305110e-01
    outer loop
      vertex   2.216833e-01 -3.283387e+01 2.867983e+01
      vertex   1.216838e-01 -3.283353e+01 2.867983e+01
      vertex   2.223228e-01 -3.264229e+01 2.908149e+01
    endloop
  endfacet
  facet normal 3.013005e-03 9.025803e-01 -4.305110e-01
    outer loop
      vertex   2.223228e-01 -3.264229e+01 2.908149e+01
      vertex   1.216838e-01 -3.283353e+01 2.867983e+01
      vertex   1.223234e-01 -3.264195e+01 2.908149e+01
    endloop
  endfacet
  facet normal 2.933662e-03 8.788124e-01 -4.771585e-01
    outer loop
      vertex   2.223228e-01 -3.264229e+01 2.908149e+01
      vertex   1.223234e-01 -3.264195e+01 2.908149e+01
      vertex   2.230316e-01 -3.242995e+01 2.947257e+01
    endloop
  endfacet
  facet normal 2.933662e-03 8.788124e-01 -4.771585e-01
    outer loop
      vertex   2.230316e-01 -3.242995e+01 2.947257e+01
      vertex   1.223234e-01 -3.264195e+01 2.908149e+01
      vertex   1.230322e-01 -3.242962e+01 2.947257e+01
    endloop
  endfacet
  facet normal 2.846277e-03 8.526352e-01 -5.224989e-01
    outer loop
      vertex   2.230316e-01 -3.242995e+01 2.947257e+01
      vertex   1.230322e-01 -3.242962e+01 2.947257e+01
      vertex   2.238078e-01 -3.219743e+01 2.985200e+01
    endloop
  endfacet
  facet normal 2.846277e-03 8.526352e-01 -5.224989e-01
    outer loop
      vertex   2.238078e-01 -3.219743e+01 2.985200e+01
      vertex   1.230322e-01 -3.242962e+01 2.947257e+01
      vertex   1.238084e-01 -3.219710e+01 2.985200e+01
    endloop
  endfacet
  facet normal 2.751094e-03 8.241220e-01 -5.664057e-01
    outer loop
      vertex   2.238078e-01 -3.219743e+01 2.985200e+01
      vertex   1.238084e-01 -3.219710e+01 2.985200e+01
      vertex   2.246492e-01 -3.194538e+01 3.021874e+01
    endloop
  endfacet
  facet normal 2.751094e-03 8.241220e-01 -5.664057e-01
    outer loop
      vertex   2.246492e-01 -3.194538e+01 3.021874e+01
      vertex   1.238084e-01 -3.219710e+01 2.985200e+01
      vertex   1.246498e-01 -3.194505e+01 3.021874e+01
    endloop
  endfacet
  facet normal 2.648365e-03 7.933483e-01 -6.087622e-01
    outer loop
      vertex   2.246492e-01 -3.194538e+01 3.021874e+01
      vertex   1.246498e-01 -3.194505e+01 3.021874e+01
      vertex   2.255536e-01 -3.167448e+01 3.057179e+01
    endloop
  endfacet
  facet normal 2.648365e-03 7.933483e-01 -6.087622e-01
    outer loop
      vertex   2.255536e-01 -3.167448e+01 3.057179e+01
      vertex   1.246498e-01 -3.194505e+01 3.021874e+01
      vertex   1.255541e-01 -3.167414e+01 3.057179e+01
    endloop
  endfacet
  facet normal 2.538383e-03 7.604020e-01 -6.494477e-01
    outer loop
      vertex   2.255536e-01 -3.167448e+01 3.057179e+01
      vertex   1.255541e-01 -3.167414e+01 3.057179e+01
      vertex   2.265183e-01 -3.138547e+01 3.091018e+01
    endloop
  endfacet
  facet normal 2.538383e-03 7.604020e-01 -6.494477e-01
    outer loop
      vertex   2.265183e-01 -3.138547e+01 3.091018e+01
      vertex   1.255541e-01 -3.167414e+01 3.057179e+01
      vertex   1.265189e-01 -3.138514e+01 3.091018e+01
    endloop
  endfacet
  facet normal 2.421439e-03 7.253700e-01 -6.883550e-01
    outer loop
      vertex   2.265183e-01 -3.138547e+01 3.091018e+01
      vertex   1.265189e-01 -3.138514e+01 3.091018e+01
      vertex   2.275409e-01 -3.107915e+01 3.123298e+01
    endloop
  endfacet
  facet normal 2.421439e-03 7.253700e-01 -6.883550e-01
    outer loop
      vertex   2.275409e-01 -3.107915e+01 3.123298e+01
      vertex   1.265189e-01 -3.138514e+01 3.091018e+01
      vertex   1.275415e-01 -3.107881e+01 3.123298e+01
    endloop
  endfacet
  facet normal 2.297862e-03 6.883511e-01 -7.253740e-01
    outer loop
      vertex   2.275409e-01 -3.107915e+01 3.123298e+01
      vertex   1.275415e-01 -3.107881e+01 3.123298e+01
      vertex   2.286185e-01 -3.075635e+01 3.153930e+01
    endloop
  endfacet
  facet normal 2.297862e-03 6.883511e-01 -7.253740e-01
    outer loop
      vertex   2.286185e-01 -3.075635e+01 3.153930e+01
      vertex   1.275415e-01 -3.107881e+01 3.123298e+01
      vertex   1.286190e-01 -3.075602e+01 3.153930e+01
    endloop
  endfacet
  facet normal 2.167982e-03 6.494441e-01 -7.604062e-01
    outer loop
      vertex   2.286185e-01 -3.075635e+01 3.153930e+01
      vertex   1.286190e-01 -3.075602e+01 3.153930e+01
      vertex   2.297481e-01 -3.041797e+01 3.182831e+01
    endloop
  endfacet
  facet normal 2.167982e-03 6.494441e-01 -7.604062e-01
    outer loop
      vertex   2.297481e-01 -3.041797e+01 3.182831e+01
      vertex   1.286190e-01 -3.075602e+01 3.153930e+01
      vertex   1.297486e-01 -3.041763e+01 3.182831e+01
    endloop
  endfacet
  facet normal 2.032166e-03 6.087588e-01 -7.933527e-01
    outer loop
      vertex   2.297481e-01 -3.041797e+01 3.182831e+01
      vertex   1.297486e-01 -3.041763e+01 3.182831e+01
      vertex   2.309266e-01 -3.006492e+01 3.209921e+01
    endloop
  endfacet
  facet normal 2.032166e-03 6.087588e-01 -7.933527e-01
    outer loop
      vertex   2.309266e-01 -3.006492e+01 3.209921e+01
      vertex   1.297486e-01 -3.041763e+01 3.182831e+01
      vertex   1.309272e-01 -3.006459e+01 3.209921e+01
    endloop
  endfacet
  facet normal 1.890772e-03 5.664025e-01 -8.241266e-01
    outer loop
      vertex   2.309266e-01 -3.006492e+01 3.209921e+01
      vertex   1.309272e-01 -3.006459e+01 3.209921e+01
      vertex   2.321509e-01 -2.969818e+01 3.235127e+01
    endloop
  endfacet
  facet normal 1.890772e-03 5.664025e-01 -8.241266e-01
    outer loop
      vertex   2.321509e-01 -2.969818e+01 3.235127e+01
      vertex   1.309272e-01 -3.006459e+01 3.209921e+01
      vertex   1.321514e-01 -2.969785e+01 3.235127e+01
    endloop
  endfacet
  facet normal 1.744203e-03 5.224960e-01 -8.526399e-01
    outer loop
      vertex   2.321509e-01 -2.969818e+01 3.235127e+01
      vertex   1.321514e-01 -2.969785e+01 3.235127e+01
      vertex   2.334175e-01 -2.931875e+01 3.258378e+01
    endloop
  endfacet
  facet normal 1.744203e-03 5.224960e-01 -8.526399e-01
    outer loop
      vertex   2.334175e-01 -2.931875e+01 3.258378e+01
      vertex   1.321514e-01 -2.969785e+01 3.235127e+01
      vertex   1.334180e-01 -2.931842e+01 3.258378e+01
    endloop
  endfacet
  facet normal 1.592847e-03 4.771558e-01 -8.788173e-01
    outer loop
      vertex   2.334175e-01 -2.931875e+01 3.258378e+01
      vertex   1.334180e-01 -2.931842e+01 3.258378e+01
      vertex   2.347230e-01 -2.892767e+01 3.279612e+01
    endloop
  endfacet
  facet normal 1.592847e-03 4.771558e-01 -8.788173e-01
    outer loop
      vertex   2.347230e-01 -2.892767e+01 3.279612e+01
      vertex   1.334180e-01 -2.931842e+01 3.258378e+01
      vertex   1.347235e-01 -2.892734e+01 3.279612e+01
    endloop
  endfacet
  facet normal 1.437129e-03 4.305086e-01 -9.025853e-01
    outer loop
      vertex   2.347230e-01 -2.892767e+01 3.279612e+01
      vertex   1.347235e-01 -2.892734e+01 3.279612e+01
      vertex   2.360638e-01 -2.852602e+01 3.298770e+01
    endloop
  endfacet
  facet normal 1.437129e-03 4.305086e-01 -9.025853e-01
    outer loop
      vertex   2.360638e-01 -2.852602e+01 3.298770e+01
      vertex   1.347235e-01 -2.892734e+01 3.279612e+01
      vertex   1.360644e-01 -2.852568e+01 3.298770e+01
    endloop
  endfacet
  facet normal 1.277471e-03 3.826810e-01 -9.238796e-01
    outer loop
      vertex   2.360638e-01 -2.852602e+01 3.298770e+01
      vertex   1.360644e-01 -2.852568e+01 3.298770e+01
      vertex   2.374362e-01 -2.811488e+01 3.315800e+01
    endloop
  endfacet
  facet normal 1.277471e-03 3.826810e-01 -9.238796e-01
    outer loop
      vertex   2.374362e-01 -2.811488e+01 3.315800e+01
      vertex   1.360644e-01 -2.852568e+01 3.298770e+01
      vertex   1.374368e-01 -2.811455e+01 3.315800e+01
    endloop
  endfacet
  facet normal 1.114314e-03 3.338058e-01 -9.426412e-01
    outer loop
      vertex   2.374362e-01 -2.811488e+01 3.315800e+01
      vertex   1.374368e-01 -2.811455e+01 3.315800e+01
      vertex   2.388366e-01 -2.769540e+01 3.330655e+01
    endloop
  endfacet
  facet normal 1.114314e-03 3.338058e-01 -9.426412e-01
    outer loop
      vertex   2.388366e-01 -2.769540e+01 3.330655e+01
      vertex   1.374368e-01 -2.811455e+01 3.315800e+01
      vertex   1.388371e-01 -2.769507e+01 3.330655e+01
    endloop
  endfacet
  facet normal 9.480944e-04 2.840126e-01 -9.588201e-01
    outer loop
      vertex   2.388366e-01 -2.769540e+01 3.330655e+01
      vertex   1.388371e-01 -2.769507e+01 3.330655e+01
      vertex   2.402609e-01 -2.726872e+01 3.343294e+01
    endloop
  endfacet
  facet normal 9.480944e-04 2.840126e-01 -9.588201e-01
    outer loop
      vertex   2.402609e-01 -2.726872e+01 3.343294e+01
      vertex   1.388371e-01 -2.769507e+01 3.330655e+01
      vertex   1.402615e-01 -2.726839e+01 3.343294e+01
    endloop
  endfacet
  facet normal 7.792898e-04 2.334452e-01 -9.723696e-01
    outer loop
      vertex   2.402609e-01 -2.726872e+01 3.343294e+01
      vertex   1.402615e-01 -2.726839e+01 3.343294e+01
      vertex   2.417054e-01 -2.683601e+01 3.353682e+01
    endloop
  endfacet
  facet normal 7.792898e-04 2.334452e-01 -9.723696e-01
    outer loop
      vertex   2.417054e-01 -2.683601e+01 3.353682e+01
      vertex   1.402615e-01 -2.726839e+01 3.343294e+01
      vertex   1.417059e-01 -2.683568e+01 3.353682e+01
    endloop
  endfacet
  facet normal 6.083332e-04 1.822332e-01 -9.832551e-01
    outer loop
      vertex   2.417054e-01 -2.683601e+01 3.353682e+01
      vertex   1.417059e-01 -2.683568e+01 3.353682e+01
      vertex   2.431660e-01 -2.639846e+01 3.361792e+01
    endloop
  endfacet
  facet normal 6.083332e-04 1.822332e-01 -9.832551e-01
    outer loop
      vertex   2.431660e-01 -2.639846e+01 3.361792e+01
      vertex   1.417059e-01 -2.683568e+01 3.353682e+01
      vertex   1.431666e-01 -2.639813e+01 3.361792e+01
    endloop
  endfacet
  facet normal 4.357233e-04 1.305260e-01 -9.914448e-01
    outer loop
      vertex   2.431660e-01 -2.639846e+01 3.361792e+01
      vertex   1.431666e-01 -2.639813e+01 3.361792e+01
      vertex   2.446389e-01 -2.595726e+01 3.367600e+01
    endloop
  endfacet
  facet normal 4.357233e-04 1.305260e-01 -9.914448e-01
    outer loop
      vertex   2.446389e-01 -2.595726e+01 3.367600e+01
      vertex   1.431666e-01 -2.639813e+01 3.361792e+01
      vertex   1.446394e-01 -2.595693e+01 3.367600e+01
    endloop
  endfacet
  facet normal 2.619119e-04 7.845874e-02 -9.969173e-01
    outer loop
      vertex   2.446389e-01 -2.595726e+01 3.367600e+01
      vertex   1.446394e-01 -2.595693e+01 3.367600e+01
      vertex   2.461198e-01 -2.551363e+01 3.371092e+01
    endloop
  endfacet
  facet normal 2.619119e-04 7.845874e-02 -9.969173e-01
    outer loop
      vertex   2.461198e-01 -2.551363e+01 3.371092e+01
      vertex   1.446394e-01 -2.595693e+01 3.367600e+01
      vertex   1.461203e-01 -2.551329e+01 3.371092e+01
    endloop
  endfacet
  facet normal 8.738505e-05 2.617720e-02 -9.996573e-01
    outer loop
      vertex   2.461198e-01 -2.551363e+01 3.371092e+01
      vertex   1.461203e-01 -2.551329e+01 3.371092e+01
      vertex   2.476048e-01 -2.506877e+01 3.372257e+01
    endloop
  endfacet
  facet normal 8.738505e-05 2.617720e-02 -9.996573e-01
    outer loop
      vertex   2.476048e-01 -2.506877e+01 3.372257e+01
      vertex   1.461203e-01 -2.551329e+01 3.371092e+01
      vertex   1.476054e-01 -2.506844e+01 3.372257e+01
    endloop
  endfacet
  facet normal -8.738505e-05 -2.617720e-02 -9.996573e-01
    outer loop
      vertex   2.476048e-01 -2.506877e+01 3.372257e+01
      vertex   1.476054e-01 -2.506844e+01 3.372257e+01
      vertex   2.490898e-01 -2.462392e+01 3.371092e+01
    endloop
  endfacet
  facet normal -8.738505e-05 -2.617720e-02 -9.996573e-01
    outer loop
      vertex   2.490898e-01 -2.462392e+01 3.371092e+01
      vertex   1.476054e-01 -2.506844e+01 3.372257e+01
      vertex   1.490904e-01 -2.462359e+01 3.371092e+01
    endloop
  endfacet
  facet normal -2.619119e-04 -7.845874e-02 -9.969173e-01
    outer loop
      vertex   2.490898e-01 -2.462392e+01 3.371092e+01
      vertex   1.490904e-01 -2.462359e+01 3.371092e+01
      vertex   2.505708e-01 -2.418029e+01 3.367600e+01
    endloop
  endfacet
  facet normal -2.619119e-04 -7.845874e-02 -9.969173e-01
    outer loop
      vertex   2.505708e-01 -2.418029e+01 3.367600e+01
      vertex   1.490904e-01 -2.462359e+01 3.371092e+01
      vertex   1.505713e-01 -2.417995e+01 3.367600e+01
    endloop
  endfacet
  facet normal -4.357233e-04 -1.305260e-01 -9.914448e-01
    outer loop
      vertex   2.505708e-01 -2.418029e+01 3.367600e+01
      vertex   1.505713e-01 -2.417995e+01 3.367600e+01
      vertex   2.520436e-01 -2.373909e+01 3.361792e+01
    endloop
  endfacet
  facet normal -4.357233e-04 -1.305260e-01 -9.914448e-01
    outer loop
      vertex   2.520436e-01 -2.373909e+01 3.361792e+01
      vertex   1.505713e-01 -2.417995e+01 3.367600e+01
      vertex   1.520441e-01 -2.373875e+01 3.361792e+01
    endloop
  endfacet
  facet normal -6.083332e-04 -1.822332e-01 -9.832551e-01
    outer loop
      vertex   2.520436e-01 -2.373909e+01 3.361792e+01
      vertex   1.520441e-01 -2.373875e+01 3.361792e+01
      vertex   2.535042e-01 -2.330153e+01 3.353682e+01
    endloop
  endfacet
  facet normal -6.083332e-04 -1.822332e-01 -9.832551e-01
    outer loop
      vertex   2.535042e-01 -2.330153e+01 3.353682e+01
      vertex   1.520441e-01 -2.373875e+01 3.361792e+01
      vertex   1.535048e-01 -2.330120e+01 3.353682e+01
    endloop
  endfacet
  facet normal -7.792898e-04 -2.334452e-01 -9.723696e-01
    outer loop
      vertex   2.535042e-01 -2.330153e+01 3.353682e+01
      vertex   1.535048e-01 -2.330120e+01 3.353682e+01
      vertex   2.549487e-01 -2.286882e+01 3.343294e+01
    endloop
  endfacet
  facet normal -7.792898e-04 -2.334452e-01 -9.723696e-01
    outer loop
      vertex   2.549487e-01 -2.286882e+01 3.343294e+01
      vertex   1.535048e-01 -2.330120e+01 3.353682e+01
      vertex   1.549493e-01 -2.286849e+01 3.343294e+01
    endloop
  endfacet
  facet normal -9.480944e-04 -2.840126e-01 -9.588201e-01
    outer loop
      vertex   2.549487e-01 -2.286882e+01 3.343294e+01
      vertex   1.549493e-01 -2.286849e+01 3.343294e+01
      vertex   2.563731e-01 -2.244214e+01 3.330655e+01
    endloop
  endfacet
  facet normal -9.480944e-04 -2.840126e-01 -9.588201e-01
    outer loop
      vertex   2.563731e-01 -2.244214e+01 3.330655e+01
      vertex   1.549493e-01 -2.286849e+01 3.343294e+01
      vertex   1.563736e-01 -2.244181e+01 3.330655e+01
    endloop
  endfacet
  facet normal -1.114314e-03 -3.338058e-01 -9.426412e-01
    outer loop
      vertex   2.563731e-01 -2.244214e+01 3.330655e+01
      vertex   1.563736e-01 -2.244181e+01 3.330655e+01
      vertex   2.577734e-01 -2.202266e+01 3.315800e+01
    endloop
  endfacet
  facet normal -1.114314e-03 -3.338058e-01 -9.426412e-01
    outer loop
      vertex   2.577734e-01 -2.202266e+01 3.315800e+01
      vertex   1.563736e-01 -2.244181e+01 3.330655e+01
      vertex   1.577739e-01 -2.202233e+01 3.315800e+01
    endloop
  endfacet
  facet normal -1.277471e-03 -3.826810e-01 -9.238796e-01
    outer loop
      vertex   2.577734e-01 -2.202266e+01 3.315800e+01
      vertex   1.577739e-01 -2.202233e+01 3.315800e+01
      vertex   2.591458e-01 -2.161153e+01 3.298770e+01
    endloop
  endfacet
  facet normal -1.277471e-03 -3.826810e-01 -9.238796e-01
    outer loop
      vertex   2.591458e-01 -2.161153e+01 3.298770e+01
      vertex   1.577739e-01 -2.202233e+01 3.315800e+01
      vertex   1.591464e-01 -2.161120e+01 3.298770e+01
    endloop
  endfacet
  facet normal -1.437129e-03 -4.305086e-01 -9.025853e-01
    outer loop
      vertex   2.591458e-01 -2.161153e+01 3.298770e+01
      vertex   1.591464e-01 -2.161120e+01 3.298770e+01
      vertex   2.604866e-01 -2.120988e+01 3.279612e+01
    endloop
  endfacet
  facet normal -1.437129e-03 -4.305086e-01 -9.025853e-01
    outer loop
      vertex   2.604866e-01 -2.120988e+01 3.279612e+01
      vertex   1.591464e-01 -2.161120e+01 3.298770e+01
      vertex   1.604872e-01 -2.120954e+01 3.279612e+01
    endloop
  endfacet
  facet normal -1.592847e-03 -4.771558e-01 -8.788173e-01
    outer loop
      vertex   2.604866e-01 -2.120988e+01 3.279612e+01
      vertex   1.604872e-01 -2.120954e+01 3.279612e+01
      vertex   2.617921e-01 -2.081880e+01 3.258378e+01
    endloop
  endfacet
  facet normal -1.592847e-03 -4.771558e-01 -8.788173e-01
    outer loop
      vertex   2.617921e-01 -2.081880e+01 3.258378e+01
      vertex   1.604872e-01 -2.120954e+01 3.279612e+01
      vertex   1.617927e-01 -2.081846e+01 3.258378e+01
    endloop
  endfacet
  facet normal -1.744203e-03 -5.224960e-01 -8.526399e-01
    outer loop
      vertex   2.617921e-01 -2.081880e+01 3.258378e+01
      vertex   1.617927e-01 -2.081846e+01 3.258378e+01
      vertex   2.630587e-01 -2.043937e+01 3.235127e+01
    endloop
  endfacet
  facet normal -1.744203e-03 -5.224960e-01 -8.526399e-01
    outer loop
      vertex   2.630587e-01 -2.043937e+01 3.235127e+01
      vertex   1.617927e-01 -2.081846e+01 3.258378e+01
      vertex   1.630593e-01 -2.043903e+01 3.235127e+01
    endloop
  endfacet
  facet normal -1.890772e-03 -5.664025e-01 -8.241266e-01
    outer loop
      vertex   2.630587e-01 -2.043937e+01 3.235127e+01
      vertex   1.630593e-01 -2.043903e+01 3.235127e+01
      vertex   2.642830e-01 -2.007263e+01 3.209921e+01
    endloop
  endfacet
  facet normal -1.890772e-03 -5.664025e-01 -8.241266e-01
    outer loop
      vertex   2.642830e-01 -2.007263e+01 3.209921e+01
      vertex   1.630593e-01 -2.043903e+01 3.235127e+01
      vertex   1.642836e-01 -2.007229e+01 3.209921e+01
    endloop
  endfacet
  facet normal -2.032166e-03 -6.087588e-01 -7.933527e-01
    outer loop
      vertex   2.642830e-01 -2.007263e+01 3.209921e+01
      vertex   1.642836e-01 -2.007229e+01 3.209921e+01
      vertex   2.654616e-01 -1.971958e+01 3.182831e+01
    endloop
  endfacet
  facet normal -2.032166e-03 -6.087588e-01 -7.933527e-01
    outer loop
      vertex   2.654616e-01 -1.971958e+01 3.182831e+01
      vertex   1.642836e-01 -2.007229e+01 3.209921e+01
      vertex   1.654621e-01 -1.971925e+01 3.182831e+01
    endloop
  endfacet
  facet normal -2.167982e-03 -6.494441e-01 -7.604062e-01
    outer loop
      vertex   2.654616e-01 -1.971958e+01 3.182831e+01
      vertex   1.654621e-01 -1.971925e+01 3.182831e+01
      vertex   2.665912e-01 -1.938120e+01 3.153930e+01
    endloop
  endfacet
  facet normal -2.167982e-03 -6.494441e-01 -7.604062e-01
    outer loop
      vertex   2.665912e-01 -1.938120e+01 3.153930e+01
      vertex   1.654621e-01 -1.971925e+01 3.182831e+01
      vertex   1.665917e-01 -1.938086e+01 3.153930e+01
    endloop
  endfacet
  facet normal -2.297862e-03 -6.883511e-01 -7.253740e-01
    outer loop
      vertex   2.665912e-01 -1.938120e+01 3.153930e+01
      vertex   1.665917e-01 -1.938086e+01 3.153930e+01
      vertex   2.676687e-01 -1.905840e+01 3.123298e+01
    endloop
  endfacet
  facet normal -2.297862e-03 -6.883511e-01 -7.253740e-01
    outer loop
      vertex   2.676687e-01 -1.905840e+01 3.123298e+01
      vertex   1.665917e-01 -1.938086e+01 3.153930e+01
      vertex   1.676693e-01 -1.905807e+01 3.123298e+01
    endloop
  endfacet
  facet normal -2.421439e-03 -7.253700e-01 -6.883550e-01
    outer loop
      vertex   2.676687e-01 -1.905840e+01 3.123298e+01
      vertex   1.676693e-01 -1.905807e+01 3.123298e+01
      vertex   2.686913e-01 -1.875208e+01 3.091018e+01
    endloop
  endfacet
  facet normal -2.421439e-03 -7.253700e-01 -6.883550e-01
    outer loop
      vertex   2.686913e-01 -1.875208e+01 3.091018e+01
      vertex   1.676693e-01 -1.905807e+01 3.123298e+01
      vertex   1.686918e-01 -1.875174e+01 3.091018e+01
    endloop
  endfacet
  facet normal -2.538383e-03 -7.604020e-01 -6.494477e-01
    outer loop
      vertex   2.686913e-01 -1.875208e+01 3.091018e+01
      vertex   1.686918e-01 -1.875174e+01 3.091018e+01
      vertex   2.696561e-01 -1.846307e+01 3.057179e+01
    endloop
  endfacet
  facet normal -2.538383e-03 -7.604020e-01 -6.494477e-01
    outer loop
      vertex   2.696561e-01 -1.846307e+01 3.057179e+01
      vertex   1.686918e-01 -1.875174e+01 3.091018e+01
      vertex   1.696566e-01 -1.846274e+01 3.057179e+01
    endloop
  endfacet
  facet normal -2.648365e-03 -7.933483e-01 -6.087622e-01
    outer loop
      vertex   2.696561e-01 -1.846307e+01 3.057179e+01
      vertex   1.696566e-01 -1.846274e+01 3.057179e+01
      vertex   2.705604e-01 -1.819217e+01 3.021874e+01
    endloop
  endfacet
  facet normal -2.648365e-03 -7.933483e-01 -6.087622e-01
    outer loop
      vertex   2.705604e-01 -1.819217e+01 3.021874e+01
      vertex   1.696566e-01 -1.846274e+01 3.057179e+01
      vertex   1.705609e-01 -1.819183e+01 3.021874e+01
    endloop
  endfacet
  facet normal -2.751094e-03 -8.241220e-01 -5.664057e-01
    outer loop
      vertex   2.705604e-01 -1.819217e+01 3.021874e+01
      vertex   1.705609e-01 -1.819183e+01 3.021874e+01
      vertex   2.714018e-01 -1.794011e+01 2.985200e+01
    endloop
  endfacet
  facet normal -2.751094e-03 -8.241220e-01 -5.664057e-01
    outer loop
      vertex   2.714018e-01 -1.794011e+01 2.985200e+01
      vertex   1.705609e-01 -1.819183e+01 3.021874e+01
      vertex   1.714023e-01 -1.793978e+01 2.985200e+01
    endloop
  endfacet
  facet normal -2.846277e-03 -8.526352e-01 -5.224989e-01
    outer loop
      vertex   2.714018e-01 -1.794011e+01 2.985200e+01
      vertex   1.714023e-01 -1.793978e+01 2.985200e+01
      vertex   2.721780e-01 -1.770760e+01 2.947257e+01
    endloop
  endfacet
  facet normal -2.846277e-03 -8.526352e-01 -5.224989e-01
    outer loop
      vertex   2.721780e-01 -1.770760e+01 2.947257e+01
      vertex   1.714023e-01 -1.793978e+01 2.985200e+01
      vertex   1.721785e-01 -1.770726e+01 2.947257e+01
    endloop
  endfacet
  facet normal -2.933662e-03 -8.788124e-01 -4.771585e-01
    outer loop
      vertex   2.721780e-01 -1.770760e+01 2.947257e+01
      vertex   1.721785e-01 -1.770726e+01 2.947257e+01
      vertex   2.728868e-01 -1.749526e+01 2.908149e+01
    endloop
  endfacet
  facet normal -2.933662e-03 -8.788124e-01 -4.771585e-01
    outer loop
      vertex   2.728868e-01 -1.749526e+01 2.908149e+01
      vertex   1.721785e-01 -1.770726e+01 2.947257e+01
      vertex   1.728874e-01 -1.749493e+01 2.908149e+01
    endloop
  endfacet
  facet normal -3.013005e-03 -9.025803e-01 -4.305110e-01
    outer loop
      vertex   2.728868e-01 -1.749526e+01 2.908149e+01
      vertex   1.728874e-01 -1.749493e+01 2.908149e+01
      vertex   2.735263e-01 -1.730368e+01 2.867983e+01
    endloop
  endfacet
  facet normal -3.013005e-03 -9.025803e-01 -4.305110e-01
    outer loop
      vertex   2.735263e-01 -1.730368e+01 2.867983e+01
      vertex   1.728874e-01 -1.749493e+01 2.908149e+01
      vertex   1.735269e-01 -1.730335e+01 2.867983e+01
    endloop
  endfacet
  facet normal -3.084089e-03 -9.238745e-01 -3.826832e-01
    outer loop
      vertex   2.735263e-01 -1.730368e+01 2.867983e+01
      vertex   1.735269e-01 -1.730335e+01 2.867983e+01
      vertex   2.740948e-01 -1.713338e+01 2.826870e+01
    endloop
  endfacet
  facet normal -3.084089e-03 -9.238745e-01 -3.826832e-01
    outer loop
      vertex   2.740948e-01 -1.713338e+01 2.826870e+01
      vertex   1.735269e-01 -1.730335e+01 2.867983e+01
      vertex   1.740954e-01 -1.713305e+01 2.826870e+01
    endloop
  endfacet
  facet normal -3.146719e-03 -9.426360e-01 -3.338076e-01
    outer loop
      vertex   2.740948e-01 -1.713338e+01 2.826870e+01
      vertex   1.740954e-01 -1.713305e+01 2.826870e+01
      vertex   2.745907e-01 -1.698484e+01 2.784921e+01
    endloop
  endfacet
  facet normal -3.146719e-03 -9.426360e-01 -3.338076e-01
    outer loop
      vertex   2.745907e-01 -1.698484e+01 2.784921e+01
      vertex   1.740954e-01 -1.713305e+01 2.826870e+01
      vertex   1.745913e-01 -1.698450e+01 2.784921e+01
    endloop
  endfacet
  facet normal -3.200727e-03 -9.588147e-01 -2.840142e-01
    outer loop
      vertex   2.745907e-01 -1.698484e+01 2.784921e+01
      vertex   1.745913e-01 -1.698450e+01 2.784921e+01
      vertex   2.750126e-01 -1.685845e+01 2.742253e+01
    endloop
  endfacet
  facet normal -3.200727e-03 -9.588147e-01 -2.840142e-01
    outer loop
      vertex   2.750126e-01 -1.685845e+01 2.742253e+01
      vertex   1.745913e-01 -1.698450e+01 2.784921e+01
      vertex   1.750132e-01 -1.685812e+01 2.742253e+01
    endloop
  endfacet
  facet normal -3.245958e-03 -9.723642e-01 -2.334465e-01
    outer loop
      vertex   2.750126e-01 -1.685845e+01 2.742253e+01
      vertex   1.750132e-01 -1.685812e+01 2.742253e+01
      vertex   2.753594e-01 -1.675457e+01 2.698982e+01
    endloop
  endfacet
  facet normal -3.245958e-03 -9.723642e-01 -2.334465e-01
    outer loop
      vertex   2.753594e-01 -1.675457e+01 2.698982e+01
      vertex   1.750132e-01 -1.685812e+01 2.742253e+01
      vertex   1.753600e-01 -1.675423e+01 2.698982e+01
    endloop
  endfacet
  facet normal -3.282296e-03 -9.832497e-01 -1.822342e-01
    outer loop
      vertex   2.753594e-01 -1.675457e+01 2.698982e+01
      vertex   1.753600e-01 -1.675423e+01 2.698982e+01
      vertex   2.756301e-01 -1.667347e+01 2.655226e+01
    endloop
  endfacet
  facet normal -3.282296e-03 -9.832497e-01 -1.822342e-01
    outer loop
      vertex   2.756301e-01 -1.667347e+01 2.655226e+01
      vertex   1.753600e-01 -1.675423e+01 2.698982e+01
      vertex   1.756307e-01 -1.667314e+01 2.655226e+01
    endloop
  endfacet
  facet normal -3.309635e-03 -9.914393e-01 -1.305267e-01
    outer loop
      vertex   2.756301e-01 -1.667347e+01 2.655226e+01
      vertex   1.756307e-01 -1.667314e+01 2.655226e+01
      vertex   2.758240e-01 -1.661539e+01 2.611106e+01
    endloop
  endfacet
  facet normal -3.309635e-03 -9.914393e-01 -1.305267e-01
    outer loop
      vertex   2.758240e-01 -1.661539e+01 2.611106e+01
      vertex   1.756307e-01 -1.667314e+01 2.655226e+01
      vertex   1.758246e-01 -1.661505e+01 2.611106e+01
    endloop
  endfacet
  facet normal -3.327903e-03 -9.969118e-01 -7.845918e-02
    outer loop
      vertex   2.758240e-01 -1.661539e+01 2.611106e+01
      vertex   1.758246e-01 -1.661505e+01 2.611106e+01
      vertex   2.759406e-01 -1.658047e+01 2.566742e+01
    endloop
  endfacet
  facet normal -3.327903e-03 -9.969118e-01 -7.845918e-02
    outer loop
      vertex   2.759406e-01 -1.658047e+01 2.566742e+01
      vertex   1.758246e-01 -1.661505e+01 2.611106e+01
      vertex   1.759411e-01 -1.658014e+01 2.566742e+01
    endloop
  endfacet
  facet normal -3.337050e-03 -9.996517e-01 -2.617735e-02
    outer loop
      vertex   2.759406e-01 -1.658047e+01 2.566742e+01
      vertex   1.759411e-01 -1.658014e+01 2.566742e+01
      vertex   2.759795e-01 -1.656882e+01 2.522257e+01
    endloop
  endfacet
  facet normal -3.337050e-03 -9.996517e-01 -2.617735e-02
    outer loop
      vertex   2.759795e-01 -1.656882e+01 2.522257e+01
      vertex   1.759411e-01 -1.658014e+01 2.566742e+01
      vertex   1.759800e-01 -1.656849e+01 2.522257e+01
    endloop
  endfacet
  facet normal -0.000000e+00 0.000000e+00 1.000000e+00
    outer loop
      vertex   2.759795e-01 -1.656882e+01 2.212257e+01
      vertex   4.753107e-01 -1.676949e+01 2.212257e+01
      vertex   2.863279e-01 -1.346884e+01 2.212257e+01
    endloop
  endfacet
  facet normal -0.000000e+00 0.000000e+00 1.000000e+00
    outer loop
      vertex   2.863279e-01 -1.346884e+01 2.212257e+01
      vertex   4.753107e-01 -1.676949e+01 2.212257e+01
      vertex   4.889973e-01 -1.266951e+01 2.212257e+01
    endloop
  endfacet
  facet normal 0.000000e+00 -0.000000e+00 1.000000e+00
    outer loop
      vertex   2.863279e-01 -1.346884e+01 2.212257e+01
      vertex   4.889973e-01 -1.266951e+01 2.212257e+01
      vertex   -1.266903e-02 -1.316784e+01 2.212257e+01
    endloop
  endfacet
  facet normal 7.093417e-01 7.046216e-01 -1.851335e-02
    outer loop
      vertex   1.192307e-01 -3.356839e+01 2.522257e+01
      vertex   -1.575085e+00 -3.186273e+01 2.522257e+01
      vertex   1.192696e-01 -3.355674e+01 2.566742e+01
    endloop
  endfacet
  facet normal 7.093417e-01 7.046216e-01 -1.851335e-02
    outer loop
      vertex   1.192696e-01 -3.355674e+01 2.566742e+01
      vertex   -1.575085e+00 -3.186273e+01 2.522257e+01
      vertex   -1.575054e+00 -3.185341e+01 2.557845e+01
    endloop
  endfacet
  facet normal 7.093352e-01 7.026838e-01 -5.548853e-02
    outer loop
      vertex   1.192696e-01 -3.355674e+01 2.566742e+01
      vertex   -1.575054e+00 -3.185341e+01 2.557845e+01
      vertex   1.193862e-01 -3.352183e+01 2.611106e+01
    endloop
  endfacet
  facet normal 7.093352e-01 7.026838e-01 -5.548890e-02
    outer loop
      vertex   1.193862e-01 -3.352183e+01 2.611106e+01
      vertex   -1.575054e+00 -3.185341e+01 2.557845e+01
      vertex   -1.574961e+00 -3.182548e+01 2.593336e+01
    endloop
  endfacet
  facet normal 7.093223e-01 6.988135e-01 -9.231212e-02
    outer loop
      vertex   1.193862e-01 -3.352183e+01 2.611106e+01
      vertex   -1.574961e+00 -3.182548e+01 2.593336e+01
      vertex   1.195801e-01 -3.346374e+01 2.655226e+01
    endloop
  endfacet
  facet normal 7.093222e-01 6.988138e-01 -9.231104e-02
    outer loop
      vertex   1.195801e-01 -3.346374e+01 2.655226e+01
      vertex   -1.574961e+00 -3.182548e+01 2.593336e+01
      vertex   -1.574805e+00 -3.177901e+01 2.628632e+01
    endloop
  endfacet
  facet normal 7.093029e-01 6.930217e-01 -1.288812e-01
    outer loop
      vertex   1.195801e-01 -3.346374e+01 2.655226e+01
      vertex   -1.574805e+00 -3.177901e+01 2.628632e+01
      vertex   1.198508e-01 -3.338265e+01 2.698982e+01
    endloop
  endfacet
  facet normal 7.093030e-01 6.930214e-01 -1.288820e-01
    outer loop
      vertex   1.198508e-01 -3.338265e+01 2.698982e+01
      vertex   -1.574805e+00 -3.177901e+01 2.628632e+01
      vertex   -1.574589e+00 -3.171413e+01 2.663637e+01
    endloop
  endfacet
  facet normal 7.092773e-01 6.853231e-01 -1.650999e-01
    outer loop
      vertex   1.198508e-01 -3.338265e+01 2.698982e+01
      vertex   -1.574589e+00 -3.171413e+01 2.663637e+01
      vertex   1.201976e-01 -3.327876e+01 2.742253e+01
    endloop
  endfacet
  facet normal 7.092773e-01 6.853232e-01 -1.650998e-01
    outer loop
      vertex   1.201976e-01 -3.327876e+01 2.742253e+01
      vertex   -1.574589e+00 -3.171413e+01 2.663637e+01
      vertex   -1.574311e+00 -3.163102e+01 2.698254e+01
    endloop
  endfacet
  facet normal 7.092453e-01 6.757405e-01 -2.008628e-01
    outer loop
      vertex   1.201976e-01 -3.327876e+01 2.742253e+01
      vertex   -1.574311e+00 -3.163102e+01 2.698254e+01
      vertex   1.206195e-01 -3.315238e+01 2.784921e+01
    endloop
  endfacet
  facet normal 7.092453e-01 6.757405e-01 -2.008629e-01
    outer loop
      vertex   1.206195e-01 -3.315238e+01 2.784921e+01
      vertex   -1.574311e+00 -3.163102e+01 2.698254e+01
      vertex   -1.573974e+00 -3.152991e+01 2.732388e+01
    endloop
  endfacet
  facet normal 7.092071e-01 6.642985e-01 -2.360781e-01
    outer loop
      vertex   1.206195e-01 -3.315238e+01 2.784921e+01
      vertex   -1.573974e+00 -3.152991e+01 2.732388e+01
      vertex   1.211154e-01 -3.300383e+01 2.826870e+01
    endloop
  endfacet
  facet normal 7.092071e-01 6.642984e-01 -2.360782e-01
    outer loop
      vertex   1.211154e-01 -3.300383e+01 2.826870e+01
      vertex   -1.573974e+00 -3.152991e+01 2.732388e+01
      vertex   -1.573577e+00 -3.141108e+01 2.765947e+01
    endloop
  endfacet
  facet normal 7.091628e-01 6.510298e-01 -2.706442e-01
    outer loop
      vertex   1.211154e-01 -3.300383e+01 2.826870e+01
      vertex   -1.573577e+00 -3.141108e+01 2.765947e+01
      vertex   1.216838e-01 -3.283353e+01 2.867983e+01
    endloop
  endfacet
  facet normal 7.091628e-01 6.510298e-01 -2.706442e-01
    outer loop
      vertex   1.216838e-01 -3.283353e+01 2.867983e+01
      vertex   -1.573577e+00 -3.141108e+01 2.765947e+01
      vertex   -1.573122e+00 -3.127484e+01 2.798838e+01
    endloop
  endfacet
  facet normal 7.091125e-01 6.359700e-01 -3.044694e-01
    outer loop
      vertex   1.216838e-01 -3.283353e+01 2.867983e+01
      vertex   -1.573122e+00 -3.127484e+01 2.798838e+01
      vertex   1.223234e-01 -3.264195e+01 2.908149e+01
    endloop
  endfacet
  facet normal 7.091125e-01 6.359701e-01 -3.044691e-01
    outer loop
      vertex   1.223234e-01 -3.264195e+01 2.908149e+01
      vertex   -1.573122e+00 -3.127484e+01 2.798838e+01
      vertex   -1.572611e+00 -3.112158e+01 2.830970e+01
    endloop
  endfacet
  facet normal 7.090564e-01 6.191606e-01 -3.374598e-01
    outer loop
      vertex   1.223234e-01 -3.264195e+01 2.908149e+01
      vertex   -1.572611e+00 -3.112158e+01 2.830970e+01
      vertex   1.230322e-01 -3.242962e+01 2.947257e+01
    endloop
  endfacet
  facet normal 7.090564e-01 6.191604e-01 -3.374601e-01
    outer loop
      vertex   1.230322e-01 -3.242962e+01 2.947257e+01
      vertex   -1.572611e+00 -3.112158e+01 2.830970e+01
      vertex   -1.572044e+00 -3.095171e+01 2.862257e+01
    endloop
  endfacet
  facet normal 7.089946e-01 6.006474e-01 -3.695258e-01
    outer loop
      vertex   1.230322e-01 -3.242962e+01 2.947257e+01
      vertex   -1.572044e+00 -3.095171e+01 2.862257e+01
      vertex   1.238084e-01 -3.219710e+01 2.985200e+01
    endloop
  endfacet
  facet normal 7.089946e-01 6.006476e-01 -3.695256e-01
    outer loop
      vertex   1.238084e-01 -3.219710e+01 2.985200e+01
      vertex   -1.572044e+00 -3.095171e+01 2.862257e+01
      vertex   -1.571423e+00 -3.076569e+01 2.892611e+01
    endloop
  endfacet
  facet normal 7.089273e-01 5.804821e-01 -4.005779e-01
    outer loop
      vertex   1.238084e-01 -3.219710e+01 2.985200e+01
      vertex   -1.571423e+00 -3.076569e+01 2.892611e+01
      vertex   1.246498e-01 -3.194505e+01 3.021874e+01
    endloop
  endfacet
  facet normal 7.089274e-01 5.804816e-01 -4.005784e-01
    outer loop
      vertex   1.246498e-01 -3.194505e+01 3.021874e+01
      vertex   -1.571423e+00 -3.076569e+01 2.892611e+01
      vertex   -1.570750e+00 -3.056405e+01 2.921951e+01
    endloop
  endfacet
  facet normal 7.088547e-01 5.587180e-01 -4.305336e-01
    outer loop
      vertex   1.246498e-01 -3.194505e+01 3.021874e+01
      vertex   -1.570750e+00 -3.056405e+01 2.921951e+01
      vertex   1.255541e-01 -3.167414e+01 3.057179e+01
    endloop
  endfacet
  facet normal 7.088546e-01 5.587188e-01 -4.305328e-01
    outer loop
      vertex   1.255541e-01 -3.167414e+01 3.057179e+01
      vertex   -1.570750e+00 -3.056405e+01 2.921951e+01
      vertex   -1.570026e+00 -3.034733e+01 2.950195e+01
    endloop
  endfacet
  facet normal 7.087768e-01 5.354175e-01 -4.593076e-01
    outer loop
      vertex   1.255541e-01 -3.167414e+01 3.057179e+01
      vertex   -1.570026e+00 -3.034733e+01 2.950195e+01
      vertex   1.265189e-01 -3.138514e+01 3.091018e+01
    endloop
  endfacet
  facet normal 7.087769e-01 5.354168e-01 -4.593083e-01
    outer loop
      vertex   1.265189e-01 -3.138514e+01 3.091018e+01
      vertex   -1.570026e+00 -3.034733e+01 2.950195e+01
      vertex   -1.569254e+00 -3.011612e+01 2.977266e+01
    endloop
  endfacet
  facet normal 7.086942e-01 5.106418e-01 -4.868238e-01
    outer loop
      vertex   1.265189e-01 -3.138514e+01 3.091018e+01
      vertex   -1.569254e+00 -3.011612e+01 2.977266e+01
      vertex   1.275415e-01 -3.107881e+01 3.123298e+01
    endloop
  endfacet
  facet normal 7.086941e-01 5.106427e-01 -4.868232e-01
    outer loop
      vertex   1.275415e-01 -3.107881e+01 3.123298e+01
      vertex   -1.569254e+00 -3.011612e+01 2.977266e+01
      vertex   -1.568436e+00 -2.987106e+01 3.003089e+01
    endloop
  endfacet
  facet normal 7.086067e-01 4.844612e-01 -5.130048e-01
    outer loop
      vertex   1.275415e-01 -3.107881e+01 3.123298e+01
      vertex   -1.568436e+00 -2.987106e+01 3.003089e+01
      vertex   1.286190e-01 -3.075602e+01 3.153930e+01
    endloop
  endfacet
  facet normal 7.086068e-01 4.844603e-01 -5.130055e-01
    outer loop
      vertex   1.286190e-01 -3.075602e+01 3.153930e+01
      vertex   -1.568436e+00 -2.987106e+01 3.003089e+01
      vertex   -1.567574e+00 -2.961283e+01 3.027595e+01
    endloop
  endfacet
  facet normal 7.085149e-01 4.569450e-01 -5.377805e-01
    outer loop
      vertex   1.286190e-01 -3.075602e+01 3.153930e+01
      vertex   -1.567574e+00 -2.961283e+01 3.027595e+01
      vertex   1.297486e-01 -3.041763e+01 3.182831e+01
    endloop
  endfacet
  facet normal 7.085148e-01 4.569458e-01 -5.377799e-01
    outer loop
      vertex   1.297486e-01 -3.041763e+01 3.182831e+01
      vertex   -1.567574e+00 -2.961283e+01 3.027595e+01
      vertex   -1.566671e+00 -2.934212e+01 3.050716e+01
    endloop
  endfacet
  facet normal 7.084188e-01 4.281712e-01 -5.610813e-01
    outer loop
      vertex   1.297486e-01 -3.041763e+01 3.182831e+01
      vertex   -1.566671e+00 -2.934212e+01 3.050716e+01
      vertex   1.309272e-01 -3.006459e+01 3.209921e+01
    endloop
  endfacet
  facet normal 7.084189e-01 4.281703e-01 -5.610819e-01
    outer loop
      vertex   1.309272e-01 -3.006459e+01 3.209921e+01
      vertex   -1.566671e+00 -2.934212e+01 3.050716e+01
      vertex   -1.565728e+00 -2.905968e+01 3.072388e+01
    endloop
  endfacet
  facet normal 7.083189e-01 3.982156e-01 -5.828453e-01
    outer loop
      vertex   1.309272e-01 -3.006459e+01 3.209921e+01
      vertex   -1.565728e+00 -2.905968e+01 3.072388e+01
      vertex   1.321514e-01 -2.969785e+01 3.235127e+01
    endloop
  endfacet
  facet normal 7.083188e-01 3.982162e-01 -5.828450e-01
    outer loop
      vertex   1.321514e-01 -2.969785e+01 3.235127e+01
      vertex   -1.565728e+00 -2.905968e+01 3.072388e+01
      vertex   -1.564748e+00 -2.876629e+01 3.092553e+01
    endloop
  endfacet
  facet normal 7.082152e-01 3.671637e-01 -6.030108e-01
    outer loop
      vertex   1.321514e-01 -2.969785e+01 3.235127e+01
      vertex   -1.564748e+00 -2.876629e+01 3.092553e+01
      vertex   1.334180e-01 -2.931842e+01 3.258378e+01
    endloop
  endfacet
  facet normal 7.082152e-01 3.671634e-01 -6.030109e-01
    outer loop
      vertex   1.334180e-01 -2.931842e+01 3.258378e+01
      vertex   -1.564748e+00 -2.876629e+01 3.092553e+01
      vertex   -1.563735e+00 -2.846275e+01 3.111154e+01
    endloop
  endfacet
  facet normal 7.081082e-01 3.350978e-01 -6.215241e-01
    outer loop
      vertex   1.334180e-01 -2.931842e+01 3.258378e+01
      vertex   -1.563735e+00 -2.846275e+01 3.111154e+01
      vertex   1.347235e-01 -2.892734e+01 3.279612e+01
    endloop
  endfacet
  facet normal 7.081081e-01 3.350982e-01 -6.215240e-01
    outer loop
      vertex   1.347235e-01 -2.892734e+01 3.279612e+01
      vertex   -1.563735e+00 -2.846275e+01 3.111154e+01
      vertex   -1.562691e+00 -2.814988e+01 3.128141e+01
    endloop
  endfacet
  facet normal 7.079980e-01 3.021077e-01 -6.383336e-01
    outer loop
      vertex   1.347235e-01 -2.892734e+01 3.279612e+01
      vertex   -1.562691e+00 -2.814988e+01 3.128141e+01
      vertex   1.360644e-01 -2.852568e+01 3.298770e+01
    endloop
  endfacet
  facet normal 7.079980e-01 3.021073e-01 -6.383337e-01
    outer loop
      vertex   1.360644e-01 -2.852568e+01 3.298770e+01
      vertex   -1.562691e+00 -2.814988e+01 3.128141e+01
      vertex   -1.561618e+00 -2.782856e+01 3.143468e+01
    endloop
  endfacet
  facet normal 7.078851e-01 2.682827e-01 -6.533935e-01
    outer loop
      vertex   1.360644e-01 -2.852568e+01 3.298770e+01
      vertex   -1.561618e+00 -2.782856e+01 3.143468e+01
      vertex   1.374368e-01 -2.811455e+01 3.315800e+01
    endloop
  endfacet
  facet normal 7.078851e-01 2.682826e-01 -6.533935e-01
    outer loop
      vertex   1.374368e-01 -2.811455e+01 3.315800e+01
      vertex   -1.561618e+00 -2.782856e+01 3.143468e+01
      vertex   -1.560520e+00 -2.749965e+01 3.157092e+01
    endloop
  endfacet
  facet normal 7.077697e-01 2.337167e-01 -6.666622e-01
    outer loop
      vertex   1.374368e-01 -2.811455e+01 3.315800e+01
      vertex   -1.560520e+00 -2.749965e+01 3.157092e+01
      vertex   1.388371e-01 -2.769507e+01 3.330655e+01
    endloop
  endfacet
  facet normal 7.077697e-01 2.337169e-01 -6.666622e-01
    outer loop
      vertex   1.388371e-01 -2.769507e+01 3.330655e+01
      vertex   -1.560520e+00 -2.749965e+01 3.157092e+01
      vertex   -1.559400e+00 -2.716407e+01 3.168975e+01
    endloop
  endfacet
  facet normal 7.076522e-01 1.985016e-01 -6.781044e-01
    outer loop
      vertex   1.388371e-01 -2.769507e+01 3.330655e+01
      vertex   -1.559400e+00 -2.716407e+01 3.168975e+01
      vertex   1.402615e-01 -2.726839e+01 3.343294e+01
    endloop
  endfacet
  facet normal 7.076521e-01 1.985018e-01 -6.781043e-01
    outer loop
      vertex   1.402615e-01 -2.726839e+01 3.343294e+01
      vertex   -1.559400e+00 -2.716407e+01 3.168975e+01
      vertex   -1.558260e+00 -2.682272e+01 3.179086e+01
    endloop
  endfacet
  facet normal 7.075328e-01 1.627390e-01 -6.876870e-01
    outer loop
      vertex   1.402615e-01 -2.726839e+01 3.343294e+01
      vertex   -1.558260e+00 -2.682272e+01 3.179086e+01
      vertex   1.417059e-01 -2.683568e+01 3.353682e+01
    endloop
  endfacet
  facet normal 7.075328e-01 1.627388e-01 -6.876870e-01
    outer loop
      vertex   1.417059e-01 -2.683568e+01 3.353682e+01
      vertex   -1.558260e+00 -2.682272e+01 3.179086e+01
      vertex   -1.557105e+00 -2.647656e+01 3.187397e+01
    endloop
  endfacet
  facet normal 7.074119e-01 1.265204e-01 -6.953855e-01
    outer loop
      vertex   1.417059e-01 -2.683568e+01 3.353682e+01
      vertex   -1.557105e+00 -2.647656e+01 3.187397e+01
      vertex   1.431666e-01 -2.639813e+01 3.361792e+01
    endloop
  endfacet
  facet normal 7.074118e-01 1.265213e-01 -6.953855e-01
    outer loop
      vertex   1.431666e-01 -2.639813e+01 3.361792e+01
      vertex   -1.557105e+00 -2.647656e+01 3.187397e+01
      vertex   -1.555936e+00 -2.612651e+01 3.193885e+01
    endloop
  endfacet
  facet normal 7.072897e-01 8.995157e-02 -7.011776e-01
    outer loop
      vertex   1.431666e-01 -2.639813e+01 3.361792e+01
      vertex   -1.555936e+00 -2.612651e+01 3.193885e+01
      vertex   1.446394e-01 -2.595693e+01 3.367600e+01
    endloop
  endfacet
  facet normal 7.072898e-01 8.995045e-02 -7.011776e-01
    outer loop
      vertex   1.446394e-01 -2.595693e+01 3.367600e+01
      vertex   -1.555936e+00 -2.612651e+01 3.193885e+01
      vertex   -1.554758e+00 -2.577355e+01 3.198532e+01
    endloop
  endfacet
  facet normal 7.071669e-01 5.312816e-02 -7.050478e-01
    outer loop
      vertex   1.446394e-01 -2.595693e+01 3.367600e+01
      vertex   -1.554758e+00 -2.577355e+01 3.198532e+01
      vertex   1.461203e-01 -2.551329e+01 3.371092e+01
    endloop
  endfacet
  facet normal 7.071668e-01 5.312854e-02 -7.050478e-01
    outer loop
      vertex   1.461203e-01 -2.551329e+01 3.371092e+01
      vertex   -1.554758e+00 -2.577355e+01 3.198532e+01
      vertex   -1.553573e+00 -2.541865e+01 3.201325e+01
    endloop
  endfacet
  facet normal 7.070434e-01 1.615319e-02 -7.069856e-01
    outer loop
      vertex   1.461203e-01 -2.551329e+01 3.371092e+01
      vertex   -1.553573e+00 -2.541865e+01 3.201325e+01
      vertex   1.476054e-01 -2.506844e+01 3.372257e+01
    endloop
  endfacet
  facet normal 7.070434e-01 1.615319e-02 -7.069856e-01
    outer loop
      vertex   1.476054e-01 -2.506844e+01 3.372257e+01
      vertex   -1.553573e+00 -2.541865e+01 3.201325e+01
      vertex   -1.552385e+00 -2.506277e+01 3.202257e+01
    endloop
  endfacet
  facet normal 7.069198e-01 -2.087330e-02 -7.069856e-01
    outer loop
      vertex   1.476054e-01 -2.506844e+01 3.372257e+01
      vertex   -1.552385e+00 -2.506277e+01 3.202257e+01
      vertex   1.490904e-01 -2.462359e+01 3.371092e+01
    endloop
  endfacet
  facet normal 7.069198e-01 -2.087330e-02 -7.069856e-01
    outer loop
      vertex   1.490904e-01 -2.462359e+01 3.371092e+01
      vertex   -1.552385e+00 -2.506277e+01 3.202257e+01
      vertex   -1.551197e+00 -2.470688e+01 3.201325e+01
    endloop
  endfacet
  facet normal 7.067964e-01 -5.784827e-02 -7.050478e-01
    outer loop
      vertex   1.490904e-01 -2.462359e+01 3.371092e+01
      vertex   -1.551197e+00 -2.470688e+01 3.201325e+01
      vertex   1.505713e-01 -2.417995e+01 3.367600e+01
    endloop
  endfacet
  facet normal 7.067964e-01 -5.784864e-02 -7.050478e-01
    outer loop
      vertex   1.505713e-01 -2.417995e+01 3.367600e+01
      vertex   -1.551197e+00 -2.470688e+01 3.201325e+01
      vertex   -1.550012e+00 -2.435198e+01 3.198532e+01
    endloop
  endfacet
  facet normal 7.066735e-01 -9.467166e-02 -7.011775e-01
    outer loop
      vertex   1.505713e-01 -2.417995e+01 3.367600e+01
      vertex   -1.550012e+00 -2.435198e+01 3.198532e+01
      vertex   1.520441e-01 -2.373875e+01 3.361792e+01
    endloop
  endfacet
  facet normal 7.066734e-01 -9.467058e-02 -7.011777e-01
    outer loop
      vertex   1.520441e-01 -2.373875e+01 3.361792e+01
      vertex   -1.550012e+00 -2.435198e+01 3.198532e+01
      vertex   -1.548834e+00 -2.399902e+01 3.193885e+01
    endloop
  endfacet
  facet normal 7.065513e-01 -1.312405e-01 -6.953856e-01
    outer loop
      vertex   1.520441e-01 -2.373875e+01 3.361792e+01
      vertex   -1.548834e+00 -2.399902e+01 3.193885e+01
      vertex   1.535048e-01 -2.330120e+01 3.353682e+01
    endloop
  endfacet
  facet normal 7.065514e-01 -1.312414e-01 -6.953854e-01
    outer loop
      vertex   1.535048e-01 -2.330120e+01 3.353682e+01
      vertex   -1.548834e+00 -2.399902e+01 3.193885e+01
      vertex   -1.547666e+00 -2.364897e+01 3.187397e+01
    endloop
  endfacet
  facet normal 7.064305e-01 -1.674591e-01 -6.876870e-01
    outer loop
      vertex   1.535048e-01 -2.330120e+01 3.353682e+01
      vertex   -1.547666e+00 -2.364897e+01 3.187397e+01
      vertex   1.549493e-01 -2.286849e+01 3.343294e+01
    endloop
  endfacet
  facet normal 7.064305e-01 -1.674589e-01 -6.876870e-01
    outer loop
      vertex   1.549493e-01 -2.286849e+01 3.343294e+01
      vertex   -1.547666e+00 -2.364897e+01 3.187397e+01
      vertex   -1.546510e+00 -2.330281e+01 3.179086e+01
    endloop
  endfacet
  facet normal 7.063111e-01 -2.032217e-01 -6.781044e-01
    outer loop
      vertex   1.549493e-01 -2.286849e+01 3.343294e+01
      vertex   -1.546510e+00 -2.330281e+01 3.179086e+01
      vertex   1.563736e-01 -2.244181e+01 3.330655e+01
    endloop
  endfacet
  facet normal 7.063111e-01 -2.032219e-01 -6.781043e-01
    outer loop
      vertex   1.563736e-01 -2.244181e+01 3.330655e+01
      vertex   -1.546510e+00 -2.330281e+01 3.179086e+01
      vertex   -1.545371e+00 -2.296146e+01 3.168975e+01
    endloop
  endfacet
  facet normal 7.061936e-01 -2.384368e-01 -6.666622e-01
    outer loop
      vertex   1.563736e-01 -2.244181e+01 3.330655e+01
      vertex   -1.545371e+00 -2.296146e+01 3.168975e+01
      vertex   1.577739e-01 -2.202233e+01 3.315800e+01
    endloop
  endfacet
  facet normal 7.061936e-01 -2.384370e-01 -6.666621e-01
    outer loop
      vertex   1.577739e-01 -2.202233e+01 3.315800e+01
      vertex   -1.545371e+00 -2.296146e+01 3.168975e+01
      vertex   -1.544250e+00 -2.262588e+01 3.157092e+01
    endloop
  endfacet
  facet normal 7.060782e-01 -2.730028e-01 -6.533935e-01
    outer loop
      vertex   1.577739e-01 -2.202233e+01 3.315800e+01
      vertex   -1.544250e+00 -2.262588e+01 3.157092e+01
      vertex   1.591464e-01 -2.161120e+01 3.298770e+01
    endloop
  endfacet
  facet normal 7.060782e-01 -2.730028e-01 -6.533935e-01
    outer loop
      vertex   1.591464e-01 -2.161120e+01 3.298770e+01
      vertex   -1.544250e+00 -2.262588e+01 3.157092e+01
      vertex   -1.543152e+00 -2.229697e+01 3.143468e+01
    endloop
  endfacet
  facet normal 7.059653e-01 -3.068277e-01 -6.383336e-01
    outer loop
      vertex   1.591464e-01 -2.161120e+01 3.298770e+01
      vertex   -1.543152e+00 -2.229697e+01 3.143468e+01
      vertex   1.604872e-01 -2.120954e+01 3.279612e+01
    endloop
  endfacet
  facet normal 7.059652e-01 -3.068275e-01 -6.383338e-01
    outer loop
      vertex   1.604872e-01 -2.120954e+01 3.279612e+01
      vertex   -1.543152e+00 -2.229697e+01 3.143468e+01
      vertex   -1.542080e+00 -2.197565e+01 3.128141e+01
    endloop
  endfacet
  facet normal 7.058551e-01 -3.398180e-01 -6.215242e-01
    outer loop
      vertex   1.604872e-01 -2.120954e+01 3.279612e+01
      vertex   -1.542080e+00 -2.197565e+01 3.128141e+01
      vertex   1.617927e-01 -2.081846e+01 3.258378e+01
    endloop
  endfacet
  facet normal 7.058552e-01 -3.398183e-01 -6.215239e-01
    outer loop
      vertex   1.617927e-01 -2.081846e+01 3.258378e+01
      vertex   -1.542080e+00 -2.197565e+01 3.128141e+01
      vertex   -1.541035e+00 -2.166278e+01 3.111154e+01
    endloop
  endfacet
  facet normal 7.057481e-01 -3.718838e-01 -6.030108e-01
    outer loop
      vertex   1.617927e-01 -2.081846e+01 3.258378e+01
      vertex   -1.541035e+00 -2.166278e+01 3.111154e+01
      vertex   1.630593e-01 -2.043903e+01 3.235127e+01
    endloop
  endfacet
  facet normal 7.057481e-01 -3.718836e-01 -6.030110e-01
    outer loop
      vertex   1.630593e-01 -2.043903e+01 3.235127e+01
      vertex   -1.541035e+00 -2.166278e+01 3.111154e+01
      vertex   -1.540022e+00 -2.135924e+01 3.092553e+01
    endloop
  endfacet
  facet normal 7.056444e-01 -4.029357e-01 -5.828454e-01
    outer loop
      vertex   1.630593e-01 -2.043903e+01 3.235127e+01
      vertex   -1.540022e+00 -2.135924e+01 3.092553e+01
      vertex   1.642836e-01 -2.007229e+01 3.209921e+01
    endloop
  endfacet
  facet normal 7.056445e-01 -4.029362e-01 -5.828449e-01
    outer loop
      vertex   1.642836e-01 -2.007229e+01 3.209921e+01
      vertex   -1.540022e+00 -2.135924e+01 3.092553e+01
      vertex   -1.539043e+00 -2.106585e+01 3.072388e+01
    endloop
  endfacet
  facet normal 7.055445e-01 -4.328913e-01 -5.610812e-01
    outer loop
      vertex   1.642836e-01 -2.007229e+01 3.209921e+01
      vertex   -1.539043e+00 -2.106585e+01 3.072388e+01
      vertex   1.654621e-01 -1.971925e+01 3.182831e+01
    endloop
  endfacet
  facet normal 7.055444e-01 -4.328905e-01 -5.610820e-01
    outer loop
      vertex   1.654621e-01 -1.971925e+01 3.182831e+01
      vertex   -1.539043e+00 -2.106585e+01 3.072388e+01
      vertex   -1.538100e+00 -2.078341e+01 3.050716e+01
    endloop
  endfacet
  facet normal 7.054483e-01 -4.616651e-01 -5.377806e-01
    outer loop
      vertex   1.654621e-01 -1.971925e+01 3.182831e+01
      vertex   -1.538100e+00 -2.078341e+01 3.050716e+01
      vertex   1.665917e-01 -1.938086e+01 3.153930e+01
    endloop
  endfacet
  facet normal 7.054484e-01 -4.616658e-01 -5.377798e-01
    outer loop
      vertex   1.665917e-01 -1.938086e+01 3.153930e+01
      vertex   -1.538100e+00 -2.078341e+01 3.050716e+01
      vertex   -1.537196e+00 -2.051270e+01 3.027595e+01
    endloop
  endfacet
  facet normal 7.053566e-01 -4.891812e-01 -5.130047e-01
    outer loop
      vertex   1.665917e-01 -1.938086e+01 3.153930e+01
      vertex   -1.537196e+00 -2.051270e+01 3.027595e+01
      vertex   1.676693e-01 -1.905807e+01 3.123298e+01
    endloop
  endfacet
  facet normal 7.053565e-01 -4.891805e-01 -5.130056e-01
    outer loop
      vertex   1.676693e-01 -1.905807e+01 3.123298e+01
      vertex   -1.537196e+00 -2.051270e+01 3.027595e+01
      vertex   -1.536334e+00 -2.025447e+01 3.003089e+01
    endloop
  endfacet
  facet normal 7.052691e-01 -5.153620e-01 -4.868239e-01
    outer loop
      vertex   1.676693e-01 -1.905807e+01 3.123298e+01
      vertex   -1.536334e+00 -2.025447e+01 3.003089e+01
      vertex   1.686918e-01 -1.875174e+01 3.091018e+01
    endloop
  endfacet
  facet normal 7.052692e-01 -5.153627e-01 -4.868231e-01
    outer loop
      vertex   1.686918e-01 -1.875174e+01 3.091018e+01
      vertex   -1.536334e+00 -2.025447e+01 3.003089e+01
      vertex   -1.535516e+00 -2.000941e+01 2.977266e+01
    endloop
  endfacet
  facet normal 7.051865e-01 -5.401376e-01 -4.593076e-01
    outer loop
      vertex   1.686918e-01 -1.875174e+01 3.091018e+01
      vertex   -1.535516e+00 -2.000941e+01 2.977266e+01
      vertex   1.696566e-01 -1.846274e+01 3.057179e+01
    endloop
  endfacet
  facet normal 7.051864e-01 -5.401370e-01 -4.593084e-01
    outer loop
      vertex   1.696566e-01 -1.846274e+01 3.057179e+01
      vertex   -1.535516e+00 -2.000941e+01 2.977266e+01
      vertex   -1.534744e+00 -1.977820e+01 2.950195e+01
    endloop
  endfacet
  facet normal 7.051086e-01 -5.634382e-01 -4.305337e-01
    outer loop
      vertex   1.696566e-01 -1.846274e+01 3.057179e+01
      vertex   -1.534744e+00 -1.977820e+01 2.950195e+01
      vertex   1.705609e-01 -1.819183e+01 3.021874e+01
    endloop
  endfacet
  facet normal 7.051087e-01 -5.634388e-01 -4.305327e-01
    outer loop
      vertex   1.705609e-01 -1.819183e+01 3.021874e+01
      vertex   -1.534744e+00 -1.977820e+01 2.950195e+01
      vertex   -1.534021e+00 -1.956148e+01 2.921951e+01
    endloop
  endfacet
  facet normal 7.050361e-01 -5.852021e-01 -4.005779e-01
    outer loop
      vertex   1.705609e-01 -1.819183e+01 3.021874e+01
      vertex   -1.534021e+00 -1.956148e+01 2.921951e+01
      vertex   1.714023e-01 -1.793978e+01 2.985200e+01
    endloop
  endfacet
  facet normal 7.050360e-01 -5.852018e-01 -4.005784e-01
    outer loop
      vertex   1.714023e-01 -1.793978e+01 2.985200e+01
      vertex   -1.534021e+00 -1.956148e+01 2.921951e+01
      vertex   -1.533348e+00 -1.935984e+01 2.892611e+01
    endloop
  endfacet
  facet normal 7.049687e-01 -6.053675e-01 -3.695259e-01
    outer loop
      vertex   1.714023e-01 -1.793978e+01 2.985200e+01
      vertex   -1.533348e+00 -1.935984e+01 2.892611e+01
      vertex   1.721785e-01 -1.770726e+01 2.947257e+01
    endloop
  endfacet
  facet normal 7.049687e-01 -6.053676e-01 -3.695256e-01
    outer loop
      vertex   1.721785e-01 -1.770726e+01 2.947257e+01
      vertex   -1.533348e+00 -1.935984e+01 2.892611e+01
      vertex   -1.532727e+00 -1.917383e+01 2.862257e+01
    endloop
  endfacet
  facet normal 7.049069e-01 -6.238807e-01 -3.374598e-01
    outer loop
      vertex   1.721785e-01 -1.770726e+01 2.947257e+01
      vertex   -1.532727e+00 -1.917383e+01 2.862257e+01
      vertex   1.728874e-01 -1.749493e+01 2.908149e+01
    endloop
  endfacet
  facet normal 7.049069e-01 -6.238806e-01 -3.374602e-01
    outer loop
      vertex   1.728874e-01 -1.749493e+01 2.908149e+01
      vertex   -1.532727e+00 -1.917383e+01 2.862257e+01
      vertex   -1.532160e+00 -1.900395e+01 2.830970e+01
    endloop
  endfacet
  facet normal 7.048507e-01 -6.406901e-01 -3.044694e-01
    outer loop
      vertex   1.728874e-01 -1.749493e+01 2.908149e+01
      vertex   -1.532160e+00 -1.900395e+01 2.830970e+01
      vertex   1.735269e-01 -1.730335e+01 2.867983e+01
    endloop
  endfacet
  facet normal 7.048508e-01 -6.406902e-01 -3.044691e-01
    outer loop
      vertex   1.735269e-01 -1.730335e+01 2.867983e+01
      vertex   -1.532160e+00 -1.900395e+01 2.830970e+01
      vertex   -1.531648e+00 -1.885069e+01 2.798838e+01
    endloop
  endfacet
  facet normal 7.048005e-01 -6.557499e-01 -2.706442e-01
    outer loop
      vertex   1.735269e-01 -1.730335e+01 2.867983e+01
      vertex   -1.531648e+00 -1.885069e+01 2.798838e+01
      vertex   1.740954e-01 -1.713305e+01 2.826870e+01
    endloop
  endfacet
  facet normal 7.048005e-01 -6.557499e-01 -2.706442e-01
    outer loop
      vertex   1.740954e-01 -1.713305e+01 2.826870e+01
      vertex   -1.531648e+00 -1.885069e+01 2.798838e+01
      vertex   -1.531193e+00 -1.871445e+01 2.765947e+01
    endloop
  endfacet
  facet normal 7.047562e-01 -6.690185e-01 -2.360781e-01
    outer loop
      vertex   1.740954e-01 -1.713305e+01 2.826870e+01
      vertex   -1.531193e+00 -1.871445e+01 2.765947e+01
      vertex   1.745913e-01 -1.698450e+01 2.784921e+01
    endloop
  endfacet
  facet normal 7.047562e-01 -6.690185e-01 -2.360783e-01
    outer loop
      vertex   1.745913e-01 -1.698450e+01 2.784921e+01
      vertex   -1.531193e+00 -1.871445e+01 2.765947e+01
      vertex   -1.530796e+00 -1.859562e+01 2.732388e+01
    endloop
  endfacet
  facet normal 7.047180e-01 -6.804606e-01 -2.008628e-01
    outer loop
      vertex   1.745913e-01 -1.698450e+01 2.784921e+01
      vertex   -1.530796e+00 -1.859562e+01 2.732388e+01
      vertex   1.750132e-01 -1.685812e+01 2.742253e+01
    endloop
  endfacet
  facet normal 7.047180e-01 -6.804606e-01 -2.008629e-01
    outer loop
      vertex   1.750132e-01 -1.685812e+01 2.742253e+01
      vertex   -1.530796e+00 -1.859562e+01 2.732388e+01
      vertex   -1.530459e+00 -1.849451e+01 2.698254e+01
    endloop
  endfacet
  facet normal 7.046860e-01 -6.900432e-01 -1.650999e-01
    outer loop
      vertex   1.750132e-01 -1.685812e+01 2.742253e+01
      vertex   -1.530459e+00 -1.849451e+01 2.698254e+01
      vertex   1.753600e-01 -1.675423e+01 2.698982e+01
    endloop
  endfacet
  facet normal 7.046860e-01 -6.900433e-01 -1.650998e-01
    outer loop
      vertex   1.753600e-01 -1.675423e+01 2.698982e+01
      vertex   -1.530459e+00 -1.849451e+01 2.698254e+01
      vertex   -1.530181e+00 -1.841140e+01 2.663637e+01
    endloop
  endfacet
  facet normal 7.046603e-01 -6.977417e-01 -1.288812e-01
    outer loop
      vertex   1.753600e-01 -1.675423e+01 2.698982e+01
      vertex   -1.530181e+00 -1.841140e+01 2.663637e+01
      vertex   1.756307e-01 -1.667314e+01 2.655226e+01
    endloop
  endfacet
  facet normal 7.046602e-01 -6.977417e-01 -1.288821e-01
    outer loop
      vertex   1.756307e-01 -1.667314e+01 2.655226e+01
      vertex   -1.530181e+00 -1.841140e+01 2.663637e+01
      vertex   -1.529965e+00 -1.834652e+01 2.628632e+01
    endloop
  endfacet
  facet normal 7.046409e-01 -7.035337e-01 -9.231214e-02
    outer loop
      vertex   1.756307e-01 -1.667314e+01 2.655226e+01
      vertex   -1.529965e+00 -1.834652e+01 2.628632e+01
      vertex   1.758246e-01 -1.661505e+01 2.611106e+01
    endloop
  endfacet
  facet normal 7.046410e-01 -7.035337e-01 -9.231102e-02
    outer loop
      vertex   1.758246e-01 -1.661505e+01 2.611106e+01
      vertex   -1.529965e+00 -1.834652e+01 2.628632e+01
      vertex   -1.529810e+00 -1.830005e+01 2.593336e+01
    endloop
  endfacet
  facet normal 7.046281e-01 -7.074039e-01 -5.548852e-02
    outer loop
      vertex   1.758246e-01 -1.661505e+01 2.611106e+01
      vertex   -1.529810e+00 -1.830005e+01 2.593336e+01
      vertex   1.759411e-01 -1.658014e+01 2.566742e+01
    endloop
  endfacet
  facet normal 7.046280e-01 -7.074039e-01 -5.548890e-02
    outer loop
      vertex   1.759411e-01 -1.658014e+01 2.566742e+01
      vertex   -1.529810e+00 -1.830005e+01 2.593336e+01
      vertex   -1.529717e+00 -1.827212e+01 2.557845e+01
    endloop
  endfacet
  facet normal 7.046216e-01 -7.093417e-01 -1.851335e-02
    outer loop
      vertex   1.759411e-01 -1.658014e+01 2.566742e+01
      vertex   -1.529717e+00 -1.827212e+01 2.557845e+01
      vertex   1.759800e-01 -1.656849e+01 2.522257e+01
    endloop
  endfacet
  facet normal 7.046216e-01 -7.093417e-01 -1.851335e-02
    outer loop
      vertex   1.759800e-01 -1.656849e+01 2.522257e+01
      vertex   -1.529717e+00 -1.827212e+01 2.557845e+01
      vertex   -1.529685e+00 -1.826280e+01 2.522257e+01
    endloop
  endfacet
  facet normal -7.054336e-01 5.023581e-01 4.999998e-01
    outer loop
      vertex   1.492330e+00 -1.167285e+01 2.292257e+01
      vertex   1.149771e+00 -1.201313e+01 2.278115e+01
      vertex   1.491662e+00 -1.187285e+01 2.312257e+01
    endloop
  endfacet
  facet normal 0.000000e+00 0.000000e+00 1.000000e+00
    outer loop
      vertex   1.491662e+00 -1.187285e+01 2.312257e+01
      vertex   1.472658e+00 -1.756571e+01 2.312257e+01
      vertex   2.291658e+00 -1.187552e+01 2.312257e+01
    endloop
  endfacet
  facet normal 0.000000e+00 0.000000e+00 1.000000e+00
    outer loop
      vertex   2.291658e+00 -1.187552e+01 2.312257e+01
      vertex   1.472658e+00 -1.756571e+01 2.312257e+01
      vertex   2.272654e+00 -1.756839e+01 2.312257e+01
    endloop
  endfacet
  facet normal 2.360461e-03 7.071033e-01 7.071064e-01
    outer loop
      vertex   1.492330e+00 -1.167285e+01 2.292257e+01
      vertex   1.491662e+00 -1.187285e+01 2.312257e+01
      vertex   2.292325e+00 -1.167553e+01 2.292257e+01
    endloop
  endfacet
  facet normal 2.360461e-03 7.071033e-01 7.071064e-01
    outer loop
      vertex   2.292325e+00 -1.167553e+01 2.292257e+01
      vertex   1.491662e+00 -1.187285e+01 2.312257e+01
      vertex   2.291658e+00 -1.187552e+01 2.312257e+01
    endloop
  endfacet
  facet normal 3.338194e-03 9.999944e-01 -7.412278e-19
    outer loop
      vertex   1.492330e+00 -1.167285e+01 1.992257e+01
      vertex   1.492330e+00 -1.167285e+01 2.292257e+01
      vertex   2.292325e+00 -1.167553e+01 1.992257e+01
    endloop
  endfacet
  facet normal 3.338194e-03 9.999944e-01 -0.000000e+00
    outer loop
      vertex   2.292325e+00 -1.167553e+01 1.992257e+01
      vertex   1.492330e+00 -1.167285e+01 2.292257e+01
      vertex   2.292325e+00 -1.167553e+01 2.292257e+01
    endloop
  endfacet
  facet normal 2.360459e-03 7.071028e-01 -7.071068e-01
    outer loop
      vertex   2.292325e+00 -1.167553e+01 1.992257e+01
      vertex   2.291658e+00 -1.187552e+01 1.972257e+01
      vertex   1.492330e+00 -1.167285e+01 1.992257e+01
    endloop
  endfacet
  facet normal 2.360459e-03 7.071028e-01 -7.071068e-01
    outer loop
      vertex   1.492330e+00 -1.167285e+01 1.992257e+01
      vertex   2.291658e+00 -1.187552e+01 1.972257e+01
      vertex   1.291663e+00 -1.187219e+01 1.972257e+01
    endloop
  endfacet
  facet normal 0.000000e+00 0.000000e+00 -1.000000e+00
    outer loop
      vertex   -1.526347e+00 -1.726281e+01 1.972257e+01
      vertex   -1.514094e+00 -1.359227e+01 1.972257e+01
      vertex   -5.263528e-01 -1.726615e+01 1.972257e+01
    endloop
  endfacet
  facet normal 0.000000e+00 0.000000e+00 -1.000000e+00
    outer loop
      vertex   -5.263528e-01 -1.726615e+01 1.972257e+01
      vertex   -1.514094e+00 -1.359227e+01 1.972257e+01
      vertex   -4.435374e-01 -1.359584e+01 1.972257e+01
    endloop
  endfacet
  facet normal 0.000000e+00 0.000000e+00 -1.000000e+00
    outer loop
      vertex   -5.263528e-01 -1.726615e+01 1.972257e+01
      vertex   -4.435374e-01 -1.359584e+01 1.972257e+01
      vertex   1.759800e-01 -1.656849e+01 1.972257e+01
    endloop
  endfacet
  facet normal 0.000000e+00 0.000000e+00 -1.000000e+00
    outer loop
      vertex   1.759800e-01 -1.656849e+01 1.972257e+01
      vertex   -4.435374e-01 -1.359584e+01 1.972257e+01
      vertex   2.759795e-01 -1.656882e+01 1.972257e+01
    endloop
  endfacet
  facet normal 0.000000e+00 0.000000e+00 -1.000000e+00
    outer loop
      vertex   2.759795e-01 -1.656882e+01 1.972257e+01
      vertex   -4.435374e-01 -1.359584e+01 1.972257e+01
      vertex   1.291663e+00 -1.187219e+01 1.972257e+01
    endloop
  endfacet
  facet normal 0.000000e+00 0.000000e+00 -1.000000e+00
    outer loop
      vertex   2.759795e-01 -1.656882e+01 1.972257e+01
      vertex   1.291663e+00 -1.187219e+01 1.972257e+01
      vertex   2.291658e+00 -1.187552e+01 1.972257e+01
    endloop
  endfacet
  facet normal 0.000000e+00 0.000000e+00 -1.000000e+00
    outer loop
      vertex   2.270293e+00 -1.827549e+01 1.972257e+01
      vertex   1.970295e+00 -1.827449e+01 1.972257e+01
      vertex   2.291658e+00 -1.187552e+01 1.972257e+01
    endloop
  endfacet
  facet normal 0.000000e+00 0.000000e+00 -1.000000e+00
    outer loop
      vertex   2.291658e+00 -1.187552e+01 1.972257e+01
      vertex   1.970295e+00 -1.827449e+01 1.972257e+01
      vertex   2.759795e-01 -1.656882e+01 1.972257e+01
    endloop
  endfacet
  facet normal 9.999944e-01 -3.338194e-03 3.298320e-16
    outer loop
      vertex   2.270293e+00 -1.827549e+01 1.972257e+01
      vertex   2.291658e+00 -1.187552e+01 1.972257e+01
      vertex   2.269626e+00 -1.847549e+01 1.992257e+01
    endloop
  endfacet
  facet normal 9.999944e-01 -3.338194e-03 -5.482376e-16
    outer loop
      vertex   2.269626e+00 -1.847549e+01 1.992257e+01
      vertex   2.291658e+00 -1.187552e+01 1.972257e+01
      vertex   2.292325e+00 -1.167553e+01 1.992257e+01
    endloop
  endfacet
  facet normal 9.999944e-01 -3.338194e-03 -1.936796e-16
    outer loop
      vertex   2.269626e+00 -1.847549e+01 1.992257e+01
      vertex   2.292325e+00 -1.167553e+01 1.992257e+01
      vertex   2.269626e+00 -1.847549e+01 2.221546e+01
    endloop
  endfacet
  facet normal 9.999944e-01 -3.338194e-03 -1.737360e-19
    outer loop
      vertex   2.269626e+00 -1.847549e+01 2.221546e+01
      vertex   2.292325e+00 -1.167553e+01 1.992257e+01
      vertex   2.292325e+00 -1.167553e+01 2.292257e+01
    endloop
  endfacet
  facet normal 9.999944e-01 -3.338194e-03 -9.236006e-17
    outer loop
      vertex   2.269626e+00 -1.847549e+01 2.221546e+01
      vertex   2.292325e+00 -1.167553e+01 2.292257e+01
      vertex   2.272654e+00 -1.756839e+01 2.312257e+01
    endloop
  endfacet
  facet normal 9.999944e-01 -3.338194e-03 -1.640570e-15
    outer loop
      vertex   2.272654e+00 -1.756839e+01 2.312257e+01
      vertex   2.292325e+00 -1.167553e+01 2.292257e+01
      vertex   2.291658e+00 -1.187552e+01 2.312257e+01
    endloop
  endfacet
  facet normal 7.047420e-01 -7.094637e-01 -4.265005e-08
    outer loop
      vertex   7.662194e-03 1.353557e+01 3.002745e+01
      vertex   -3.936709e-01 1.313691e+01 3.019313e+01
      vertex   -2.933376e-01 1.323658e+01 2.212257e+01
    endloop
  endfacet
  facet normal 7.047438e-01 -7.094619e-01 -7.905921e-17
    outer loop
      vertex   -2.933376e-01 1.323658e+01 2.212257e+01
      vertex   -3.936709e-01 1.313691e+01 3.019313e+01
      vertex   -3.936709e-01 1.313691e+01 2.025201e+01
    endloop
  endfacet
  facet normal 7.047438e-01 -7.094619e-01 -7.941109e-17
    outer loop
      vertex   -2.933376e-01 1.323658e+01 2.212257e+01
      vertex   -3.936709e-01 1.313691e+01 2.025201e+01
      vertex   -2.933376e-01 1.323658e+01 2.015201e+01
    endloop
  endfacet
  facet normal 7.047415e-01 -7.094642e-01 -7.548917e-17
    outer loop
      vertex   -2.933376e-01 1.323658e+01 2.212257e+01
      vertex   7.662194e-03 1.353557e+01 2.212257e+01
      vertex   7.662194e-03 1.353557e+01 3.002745e+01
    endloop
  endfacet
  facet normal 7.054336e-01 -5.023577e-01 5.000001e-01
    outer loop
      vertex   3.034563e-02 2.033066e+01 3.682257e+01
      vertex   -3.702052e-01 2.016631e+01 3.722257e+01
      vertex   7.662194e-03 1.353557e+01 3.002745e+01
    endloop
  endfacet
  facet normal 7.054336e-01 -5.023577e-01 5.000001e-01
    outer loop
      vertex   7.662194e-03 1.353557e+01 3.002745e+01
      vertex   -3.702052e-01 2.016631e+01 3.722257e+01
      vertex   -3.936709e-01 1.313691e+01 3.019313e+01
    endloop
  endfacet
  facet normal 7.071025e-01 -2.360458e-03 7.071071e-01
    outer loop
      vertex   3.034563e-02 2.033066e+01 3.682257e+01
      vertex   6.242485e-02 2.994036e+01 3.682257e+01
      vertex   -3.702052e-01 2.016631e+01 3.722257e+01
    endloop
  endfacet
  facet normal 7.071025e-01 -2.360458e-03 7.071071e-01
    outer loop
      vertex   -3.702052e-01 2.016631e+01 3.722257e+01
      vertex   6.242485e-02 2.994036e+01 3.682257e+01
      vertex   -3.370198e-01 3.010738e+01 3.722257e+01
    endloop
  endfacet
  facet normal 7.087718e-01 4.976368e-01 5.000001e-01
    outer loop
      vertex   6.242485e-02 2.994036e+01 3.682257e+01
      vertex   8.510829e-02 3.673544e+01 3.002745e+01
      vertex   -3.370198e-01 3.010738e+01 3.722257e+01
    endloop
  endfacet
  facet normal 7.087718e-01 4.976368e-01 5.000001e-01
    outer loop
      vertex   -3.370198e-01 3.010738e+01 3.722257e+01
      vertex   8.510829e-02 3.673544e+01 3.002745e+01
      vertex   -3.135542e-01 3.713678e+01 3.019313e+01
    endloop
  endfacet
  facet normal 7.094624e-01 7.047433e-01 -7.099526e-17
    outer loop
      vertex   8.510829e-02 3.673544e+01 2.212257e+01
      vertex   -2.138886e-01 3.703644e+01 2.212257e+01
      vertex   8.510829e-02 3.673544e+01 3.002745e+01
    endloop
  endfacet
  facet normal 7.094630e-01 7.047427e-01 -4.265005e-08
    outer loop
      vertex   8.510829e-02 3.673544e+01 3.002745e+01
      vertex   -2.138886e-01 3.703644e+01 2.212257e+01
      vertex   -3.135542e-01 3.713678e+01 3.019313e+01
    endloop
  endfacet
  facet normal 7.094647e-01 7.047410e-01 -7.130959e-17
    outer loop
      vertex   -3.135542e-01 3.713678e+01 3.019313e+01
      vertex   -2.138886e-01 3.703644e+01 2.212257e+01
      vertex   -3.135542e-01 3.713678e+01 2.025201e+01
    endloop
  endfacet
  facet normal 7.094647e-01 7.047410e-01 -7.074006e-17
    outer loop
      vertex   -3.135542e-01 3.713678e+01 2.025201e+01
      vertex   -2.138886e-01 3.703644e+01 2.212257e+01
      vertex   -2.138886e-01 3.703644e+01 2.015201e+01
    endloop
  endfacet
  facet normal -2.360454e-03 -7.071012e-01 -7.071085e-01
    outer loop
      vertex   -3.936709e-01 1.313691e+01 2.025201e+01
      vertex   -1.793663e+00 1.314158e+01 2.025201e+01
      vertex   -2.933376e-01 1.323658e+01 2.015201e+01
    endloop
  endfacet
  facet normal -2.360200e-03 -7.071031e-01 -7.071065e-01
    outer loop
      vertex   -2.933376e-01 1.323658e+01 2.015201e+01
      vertex   -1.793663e+00 1.314158e+01 2.025201e+01
      vertex   -7.213389e-01 1.366744e+01 1.972257e+01
    endloop
  endfacet
  facet normal -2.360459e-03 -7.071028e-01 -7.071068e-01
    outer loop
      vertex   -7.213389e-01 1.366744e+01 1.972257e+01
      vertex   -1.793663e+00 1.314158e+01 2.025201e+01
      vertex   -1.791896e+00 1.367102e+01 1.972257e+01
    endloop
  endfacet
  facet normal -3.338194e-03 -9.999944e-01 3.728088e-19
    outer loop
      vertex   -3.936709e-01 1.313691e+01 2.025201e+01
      vertex   -3.936709e-01 1.313691e+01 3.019313e+01
      vertex   -1.793663e+00 1.314158e+01 2.025201e+01
    endloop
  endfacet
  facet normal -3.338194e-03 -9.999944e-01 2.982470e-19
    outer loop
      vertex   -1.793663e+00 1.314158e+01 2.025201e+01
      vertex   -3.936709e-01 1.313691e+01 3.019313e+01
      vertex   -1.793663e+00 1.314158e+01 3.019313e+01
    endloop
  endfacet
  facet normal -2.360459e-03 -7.071028e-01 7.071068e-01
    outer loop
      vertex   -3.936709e-01 1.313691e+01 3.019313e+01
      vertex   -3.702052e-01 2.016631e+01 3.722257e+01
      vertex   -1.793663e+00 1.314158e+01 3.019313e+01
    endloop
  endfacet
  facet normal -2.360459e-03 -7.071028e-01 7.071068e-01
    outer loop
      vertex   -1.793663e+00 1.314158e+01 3.019313e+01
      vertex   -3.702052e-01 2.016631e+01 3.722257e+01
      vertex   -1.770197e+00 2.017098e+01 3.722257e+01
    endloop
  endfacet
  facet normal 0.000000e+00 -0.000000e+00 1.000000e+00
    outer loop
      vertex   -3.702052e-01 2.016631e+01 3.722257e+01
      vertex   -3.370198e-01 3.010738e+01 3.722257e+01
      vertex   -1.770197e+00 2.017098e+01 3.722257e+01
    endloop
  endfacet
  facet normal 0.000000e+00 0.000000e+00 1.000000e+00
    outer loop
      vertex   -1.770197e+00 2.017098e+01 3.722257e+01
      vertex   -3.370198e-01 3.010738e+01 3.722257e+01
      vertex   -1.737012e+00 3.011205e+01 3.722257e+01
    endloop
  endfacet
  facet normal 2.360459e-03 7.071028e-01 7.071068e-01
    outer loop
      vertex   -3.370198e-01 3.010738e+01 3.722257e+01
      vertex   -3.135542e-01 3.713678e+01 3.019313e+01
      vertex   -1.737012e+00 3.011205e+01 3.722257e+01
    endloop
  endfacet
  facet normal 2.360459e-03 7.071028e-01 7.071068e-01
    outer loop
      vertex   -1.737012e+00 3.011205e+01 3.722257e+01
      vertex   -3.135542e-01 3.713678e+01 3.019313e+01
      vertex   -1.713546e+00 3.714145e+01 3.019313e+01
    endloop
  endfacet
  facet normal 3.338194e-03 9.999944e-01 -3.355279e-19
    outer loop
      vertex   -3.135542e-01 3.713678e+01 3.019313e+01
      vertex   -3.135542e-01 3.713678e+01 2.025201e+01
      vertex   -1.713546e+00 3.714145e+01 3.019313e+01
    endloop
  endfacet
  facet normal 3.338194e-03 9.999944e-01 -4.473706e-19
    outer loop
      vertex   -1.713546e+00 3.714145e+01 3.019313e+01
      vertex   -3.135542e-01 3.713678e+01 2.025201e+01
      vertex   -1.713546e+00 3.714145e+01 2.025201e+01
    endloop
  endfacet
  facet normal 2.360454e-03 7.071012e-01 -7.071085e-01
    outer loop
      vertex   -3.135542e-01 3.713678e+01 2.025201e+01
      vertex   -2.138886e-01 3.703644e+01 2.015201e+01
      vertex   -1.713546e+00 3.714145e+01 2.025201e+01
    endloop
  endfacet
  facet normal 2.360720e-03 7.071031e-01 -7.071065e-01
    outer loop
      vertex   -1.713546e+00 3.714145e+01 2.025201e+01
      vertex   -2.138886e-01 3.703644e+01 2.015201e+01
      vertex   -6.447570e-01 3.660844e+01 1.972257e+01
    endloop
  endfacet
  facet normal 2.360459e-03 7.071028e-01 -7.071068e-01
    outer loop
      vertex   -1.713546e+00 3.714145e+01 2.025201e+01
      vertex   -6.447570e-01 3.660844e+01 1.972257e+01
      vertex   -1.715314e+00 3.661202e+01 1.972257e+01
    endloop
  endfacet
  facet normal -7.071024e-01 2.360458e-03 -7.071072e-01
    outer loop
      vertex   -1.979642e+00 1.734223e+01 1.992257e+01
      vertex   -1.779643e+00 1.734156e+01 1.972257e+01
      vertex   -1.991618e+00 1.375453e+01 1.992257e+01
    endloop
  endfacet
  facet normal -7.071024e-01 2.360458e-03 -7.071072e-01
    outer loop
      vertex   -1.991618e+00 1.375453e+01 1.992257e+01
      vertex   -1.779643e+00 1.734156e+01 1.972257e+01
      vertex   -1.791896e+00 1.367102e+01 1.972257e+01
    endloop
  endfacet
  facet normal -7.046212e-01 7.093422e-01 -1.851103e-02
    outer loop
      vertex   -1.976971e+00 1.814222e+01 2.072257e+01
      vertex   -1.776304e+00 1.834155e+01 2.072257e+01
      vertex   -1.976975e+00 1.814113e+01 2.068070e+01
    endloop
  endfacet
  facet normal -7.046210e-01 7.093423e-01 -1.851269e-02
    outer loop
      vertex   -1.976975e+00 1.814113e+01 2.068070e+01
      vertex   -1.776304e+00 1.834155e+01 2.072257e+01
      vertex   -1.776309e+00 1.834018e+01 2.067023e+01
    endloop
  endfacet
  facet normal -7.046274e-01 7.074043e-01 -5.549240e-02
    outer loop
      vertex   -1.976975e+00 1.814113e+01 2.068070e+01
      vertex   -1.776309e+00 1.834018e+01 2.067023e+01
      vertex   -1.976986e+00 1.813784e+01 2.063895e+01
    endloop
  endfacet
  facet normal -7.046282e-01 7.074040e-01 -5.548606e-02
    outer loop
      vertex   -1.976986e+00 1.813784e+01 2.063895e+01
      vertex   -1.776309e+00 1.834018e+01 2.067023e+01
      vertex   -1.776323e+00 1.833608e+01 2.061804e+01
    endloop
  endfacet
  facet normal -7.046411e-01 7.035333e-01 -9.231418e-02
    outer loop
      vertex   -1.976986e+00 1.813784e+01 2.063895e+01
      vertex   -1.776323e+00 1.833608e+01 2.061804e+01
      vertex   -1.977004e+00 1.813237e+01 2.059742e+01
    endloop
  endfacet
  facet normal -7.046414e-01 7.035333e-01 -9.231151e-02
    outer loop
      vertex   -1.977004e+00 1.813237e+01 2.059742e+01
      vertex   -1.776323e+00 1.833608e+01 2.061804e+01
      vertex   -1.776346e+00 1.832924e+01 2.056613e+01
    endloop
  endfacet
  facet normal -7.046608e-01 6.977422e-01 -1.288757e-01
    outer loop
      vertex   -1.977004e+00 1.813237e+01 2.059742e+01
      vertex   -1.776346e+00 1.832924e+01 2.056613e+01
      vertex   -1.977029e+00 1.812474e+01 2.055624e+01
    endloop
  endfacet
  facet normal -7.046603e-01 6.977419e-01 -1.288803e-01
    outer loop
      vertex   -1.977029e+00 1.812474e+01 2.055624e+01
      vertex   -1.776346e+00 1.832924e+01 2.056613e+01
      vertex   -1.776377e+00 1.831970e+01 2.051466e+01
    endloop
  endfacet
  facet normal -7.046859e-01 6.900428e-01 -1.651018e-01
    outer loop
      vertex   -1.977029e+00 1.812474e+01 2.055624e+01
      vertex   -1.776377e+00 1.831970e+01 2.051466e+01
      vertex   -1.977062e+00 1.811496e+01 2.051551e+01
    endloop
  endfacet
  facet normal -7.046863e-01 6.900432e-01 -1.650987e-01
    outer loop
      vertex   -1.977062e+00 1.811496e+01 2.051551e+01
      vertex   -1.776377e+00 1.831970e+01 2.051466e+01
      vertex   -1.776418e+00 1.830748e+01 2.046375e+01
    endloop
  endfacet
  facet normal -7.047183e-01 6.804591e-01 -2.008672e-01
    outer loop
      vertex   -1.977062e+00 1.811496e+01 2.051551e+01
      vertex   -1.776418e+00 1.830748e+01 2.046375e+01
      vertex   -1.977102e+00 1.810307e+01 2.047536e+01
    endloop
  endfacet
  facet normal -7.047182e-01 6.804590e-01 -2.008678e-01
    outer loop
      vertex   -1.977102e+00 1.810307e+01 2.047536e+01
      vertex   -1.776418e+00 1.830748e+01 2.046375e+01
      vertex   -1.776468e+00 1.829261e+01 2.041355e+01
    endloop
  endfacet
  facet normal -7.047564e-01 6.690194e-01 -2.360753e-01
    outer loop
      vertex   -1.977102e+00 1.810307e+01 2.047536e+01
      vertex   -1.776468e+00 1.829261e+01 2.041355e+01
      vertex   -1.977148e+00 1.808909e+01 2.043587e+01
    endloop
  endfacet
  facet normal -7.047560e-01 6.690186e-01 -2.360784e-01
    outer loop
      vertex   -1.977148e+00 1.808909e+01 2.043587e+01
      vertex   -1.776468e+00 1.829261e+01 2.041355e+01
      vertex   -1.776526e+00 1.827514e+01 2.036420e+01
    endloop
  endfacet
  facet normal -7.048003e-01 6.557501e-01 -2.706444e-01
    outer loop
      vertex   -1.977148e+00 1.808909e+01 2.043587e+01
      vertex   -1.776526e+00 1.827514e+01 2.036420e+01
      vertex   -1.977202e+00 1.807306e+01 2.039718e+01
    endloop
  endfacet
  facet normal -7.048007e-01 6.557510e-01 -2.706412e-01
    outer loop
      vertex   -1.977202e+00 1.807306e+01 2.039718e+01
      vertex   -1.776526e+00 1.827514e+01 2.036420e+01
      vertex   -1.776593e+00 1.825510e+01 2.031583e+01
    endloop
  endfacet
  facet normal -7.048510e-01 6.406903e-01 -3.044684e-01
    outer loop
      vertex   -1.977202e+00 1.807306e+01 2.039718e+01
      vertex   -1.776593e+00 1.825510e+01 2.031583e+01
      vertex   -1.977262e+00 1.805503e+01 2.035938e+01
    endloop
  endfacet
  facet normal -7.048511e-01 6.406905e-01 -3.044676e-01
    outer loop
      vertex   -1.977262e+00 1.805503e+01 2.035938e+01
      vertex   -1.776593e+00 1.825510e+01 2.031583e+01
      vertex   -1.776668e+00 1.823256e+01 2.026858e+01
    endloop
  endfacet
  facet normal -7.049072e-01 6.238813e-01 -3.374580e-01
    outer loop
      vertex   -1.977262e+00 1.805503e+01 2.035938e+01
      vertex   -1.776668e+00 1.823256e+01 2.026858e+01
      vertex   -1.977329e+00 1.803504e+01 2.032257e+01
    endloop
  endfacet
  facet normal -7.049065e-01 6.238789e-01 -3.374639e-01
    outer loop
      vertex   -1.977329e+00 1.803504e+01 2.032257e+01
      vertex   -1.776668e+00 1.823256e+01 2.026858e+01
      vertex   -1.776752e+00 1.820758e+01 2.022257e+01
    endloop
  endfacet
  facet normal -7.049682e-01 6.053676e-01 -3.695265e-01
    outer loop
      vertex   -1.977329e+00 1.803504e+01 2.032257e+01
      vertex   -1.776752e+00 1.820758e+01 2.022257e+01
      vertex   -1.977402e+00 1.801316e+01 2.028686e+01
    endloop
  endfacet
  facet normal -7.049686e-01 6.053688e-01 -3.695240e-01
    outer loop
      vertex   -1.977402e+00 1.801316e+01 2.028686e+01
      vertex   -1.776752e+00 1.820758e+01 2.022257e+01
      vertex   -1.776843e+00 1.818023e+01 2.017793e+01
    endloop
  endfacet
  facet normal -7.050359e-01 5.852027e-01 -4.005772e-01
    outer loop
      vertex   -1.977402e+00 1.801316e+01 2.028686e+01
      vertex   -1.776843e+00 1.818023e+01 2.017793e+01
      vertex   -1.977481e+00 1.798944e+01 2.025234e+01
    endloop
  endfacet
  facet normal -7.050357e-01 5.852019e-01 -4.005788e-01
    outer loop
      vertex   -1.977481e+00 1.798944e+01 2.025234e+01
      vertex   -1.776843e+00 1.818023e+01 2.017793e+01
      vertex   -1.776942e+00 1.815057e+01 2.013478e+01
    endloop
  endfacet
  facet normal -7.051083e-01 5.634366e-01 -4.305363e-01
    outer loop
      vertex   -1.977481e+00 1.798944e+01 2.025234e+01
      vertex   -1.776942e+00 1.815057e+01 2.013478e+01
      vertex   -1.977566e+00 1.796394e+01 2.021911e+01
    endloop
  endfacet
  facet normal -7.051092e-01 5.634406e-01 -4.305296e-01
    outer loop
      vertex   -1.977566e+00 1.796394e+01 2.021911e+01
      vertex   -1.776942e+00 1.815057e+01 2.013478e+01
      vertex   -1.777048e+00 1.811870e+01 2.009325e+01
    endloop
  endfacet
  facet normal -7.051871e-01 5.401405e-01 -4.593031e-01
    outer loop
      vertex   -1.977566e+00 1.796394e+01 2.021911e+01
      vertex   -1.777048e+00 1.811870e+01 2.009325e+01
      vertex   -1.977657e+00 1.793674e+01 2.018726e+01
    endloop
  endfacet
  facet normal -7.051862e-01 5.401360e-01 -4.593099e-01
    outer loop
      vertex   -1.977657e+00 1.793674e+01 2.018726e+01
      vertex   -1.777048e+00 1.811870e+01 2.009325e+01
      vertex   -1.777162e+00 1.808470e+01 2.005344e+01
    endloop
  endfacet
  facet normal -7.052689e-01 5.153599e-01 -4.868264e-01
    outer loop
      vertex   -1.977657e+00 1.793674e+01 2.018726e+01
      vertex   -1.777162e+00 1.808470e+01 2.005344e+01
      vertex   -1.977753e+00 1.790791e+01 2.015688e+01
    endloop
  endfacet
  facet normal -7.052690e-01 5.153607e-01 -4.868254e-01
    outer loop
      vertex   -1.977753e+00 1.790791e+01 2.015688e+01
      vertex   -1.777162e+00 1.808470e+01 2.005344e+01
      vertex   -1.777282e+00 1.804866e+01 2.001546e+01
    endloop
  endfacet
  facet normal -7.053563e-01 4.891797e-01 -5.130065e-01
    outer loop
      vertex   -1.977753e+00 1.790791e+01 2.015688e+01
      vertex   -1.777282e+00 1.804866e+01 2.001546e+01
      vertex   -1.977855e+00 1.787753e+01 2.012805e+01
    endloop
  endfacet
  facet normal -7.053569e-01 4.891826e-01 -5.130030e-01
    outer loop
      vertex   -1.977855e+00 1.787753e+01 2.012805e+01
      vertex   -1.777282e+00 1.804866e+01 2.001546e+01
      vertex   -1.777409e+00 1.801069e+01 1.997942e+01
    endloop
  endfacet
  facet normal -7.054488e-01 4.616694e-01 -5.377762e-01
    outer loop
      vertex   -1.977855e+00 1.787753e+01 2.012805e+01
      vertex   -1.777409e+00 1.801069e+01 1.997942e+01
      vertex   -1.977961e+00 1.784568e+01 2.010085e+01
    endloop
  endfacet
  facet normal -7.054479e-01 4.616638e-01 -5.377823e-01
    outer loop
      vertex   -1.977961e+00 1.784568e+01 2.010085e+01
      vertex   -1.777409e+00 1.801069e+01 1.997942e+01
      vertex   -1.777542e+00 1.797088e+01 1.994542e+01
    endloop
  endfacet
  facet normal -7.055438e-01 4.328852e-01 -5.610868e-01
    outer loop
      vertex   -1.977961e+00 1.784568e+01 2.010085e+01
      vertex   -1.777542e+00 1.797088e+01 1.994542e+01
      vertex   -1.978072e+00 1.781245e+01 2.007536e+01
    endloop
  endfacet
  facet normal -7.055448e-01 4.328914e-01 -5.610807e-01
    outer loop
      vertex   -1.978072e+00 1.781245e+01 2.007536e+01
      vertex   -1.777542e+00 1.797088e+01 1.994542e+01
      vertex   -1.777680e+00 1.792934e+01 1.991355e+01
    endloop
  endfacet
  facet normal -7.056449e-01 4.029402e-01 -5.828417e-01
    outer loop
      vertex   -1.978072e+00 1.781245e+01 2.007536e+01
      vertex   -1.777680e+00 1.792934e+01 1.991355e+01
      vertex   -1.978187e+00 1.777794e+01 2.005163e+01
    endloop
  endfacet
  facet normal -7.056443e-01 4.029365e-01 -5.828450e-01
    outer loop
      vertex   -1.978187e+00 1.777794e+01 2.005163e+01
      vertex   -1.777680e+00 1.792934e+01 1.991355e+01
      vertex   -1.777825e+00 1.788620e+01 1.988390e+01
    endloop
  endfacet
  facet normal -7.057480e-01 3.718844e-01 -6.030106e-01
    outer loop
      vertex   -1.978187e+00 1.777794e+01 2.005163e+01
      vertex   -1.777825e+00 1.788620e+01 1.988390e+01
      vertex   -1.978306e+00 1.774223e+01 2.002975e+01
    endloop
  endfacet
  facet normal -7.057477e-01 3.718822e-01 -6.030123e-01
    outer loop
      vertex   -1.978306e+00 1.774223e+01 2.002975e+01
      vertex   -1.777825e+00 1.788620e+01 1.988390e+01
      vertex   -1.777974e+00 1.784156e+01 1.985654e+01
    endloop
  endfacet
  facet normal -7.058547e-01 3.398166e-01 -6.215254e-01
    outer loop
      vertex   -1.978306e+00 1.774223e+01 2.002975e+01
      vertex   -1.777974e+00 1.784156e+01 1.985654e+01
      vertex   -1.978429e+00 1.770542e+01 2.000976e+01
    endloop
  endfacet
  facet normal -7.058548e-01 3.398171e-01 -6.215251e-01
    outer loop
      vertex   -1.978429e+00 1.770542e+01 2.000976e+01
      vertex   -1.777974e+00 1.784156e+01 1.985654e+01
      vertex   -1.778127e+00 1.779555e+01 1.983156e+01
    endloop
  endfacet
  facet normal -7.059649e-01 3.068271e-01 -6.383344e-01
    outer loop
      vertex   -1.978429e+00 1.770542e+01 2.000976e+01
      vertex   -1.778127e+00 1.779555e+01 1.983156e+01
      vertex   -1.978555e+00 1.766762e+01 1.999173e+01
    endloop
  endfacet
  facet normal -7.059654e-01 3.068313e-01 -6.383317e-01
    outer loop
      vertex   -1.978555e+00 1.766762e+01 1.999173e+01
      vertex   -1.778127e+00 1.779555e+01 1.983156e+01
      vertex   -1.778285e+00 1.774829e+01 1.980902e+01
    endloop
  endfacet
  facet normal -7.060784e-01 2.730028e-01 -6.533933e-01
    outer loop
      vertex   -1.978555e+00 1.766762e+01 1.999173e+01
      vertex   -1.778285e+00 1.774829e+01 1.980902e+01
      vertex   -1.978685e+00 1.762892e+01 1.997570e+01
    endloop
  endfacet
  facet normal -7.060780e-01 2.729998e-01 -6.533949e-01
    outer loop
      vertex   -1.978685e+00 1.762892e+01 1.997570e+01
      vertex   -1.778285e+00 1.774829e+01 1.980902e+01
      vertex   -1.778446e+00 1.769993e+01 1.978899e+01
    endloop
  endfacet
  facet normal -7.061934e-01 2.384367e-01 -6.666625e-01
    outer loop
      vertex   -1.978685e+00 1.762892e+01 1.997570e+01
      vertex   -1.778446e+00 1.769993e+01 1.978899e+01
      vertex   -1.978816e+00 1.758944e+01 1.996172e+01
    endloop
  endfacet
  facet normal -7.061934e-01 2.384372e-01 -6.666622e-01
    outer loop
      vertex   -1.978816e+00 1.758944e+01 1.996172e+01
      vertex   -1.778446e+00 1.769993e+01 1.978899e+01
      vertex   -1.778611e+00 1.765058e+01 1.977151e+01
    endloop
  endfacet
  facet normal -7.063110e-01 2.032262e-01 -6.781031e-01
    outer loop
      vertex   -1.978816e+00 1.758944e+01 1.996172e+01
      vertex   -1.778611e+00 1.765058e+01 1.977151e+01
      vertex   -1.978950e+00 1.754928e+01 1.994983e+01
    endloop
  endfacet
  facet normal -7.063104e-01 2.032211e-01 -6.781053e-01
    outer loop
      vertex   -1.978950e+00 1.754928e+01 1.994983e+01
      vertex   -1.778611e+00 1.765058e+01 1.977151e+01
      vertex   -1.778779e+00 1.760038e+01 1.975664e+01
    endloop
  endfacet
  facet normal -7.064297e-01 1.674517e-01 -6.876896e-01
    outer loop
      vertex   -1.978950e+00 1.754928e+01 1.994983e+01
      vertex   -1.778779e+00 1.760038e+01 1.975664e+01
      vertex   -1.979086e+00 1.750856e+01 1.994005e+01
    endloop
  endfacet
  facet normal -7.064307e-01 1.674594e-01 -6.876868e-01
    outer loop
      vertex   -1.979086e+00 1.750856e+01 1.994005e+01
      vertex   -1.778779e+00 1.760038e+01 1.975664e+01
      vertex   -1.778949e+00 1.754947e+01 1.974442e+01
    endloop
  endfacet
  facet normal -7.065516e-01 1.312443e-01 -6.953846e-01
    outer loop
      vertex   -1.979086e+00 1.750856e+01 1.994005e+01
      vertex   -1.778949e+00 1.754947e+01 1.974442e+01
      vertex   -1.979224e+00 1.746737e+01 1.993242e+01
    endloop
  endfacet
  facet normal -7.065516e-01 1.312447e-01 -6.953845e-01
    outer loop
      vertex   -1.979224e+00 1.746737e+01 1.993242e+01
      vertex   -1.778949e+00 1.754947e+01 1.974442e+01
      vertex   -1.779120e+00 1.749799e+01 1.973488e+01
    endloop
  endfacet
  facet normal -7.066738e-01 9.467265e-02 -7.011770e-01
    outer loop
      vertex   -1.979224e+00 1.746737e+01 1.993242e+01
      vertex   -1.779120e+00 1.749799e+01 1.973488e+01
      vertex   -1.979362e+00 1.742585e+01 1.992695e+01
    endloop
  endfacet
  facet normal -7.066736e-01 9.467109e-02 -7.011774e-01
    outer loop
      vertex   -1.979362e+00 1.742585e+01 1.992695e+01
      vertex   -1.779120e+00 1.749799e+01 1.973488e+01
      vertex   -1.779294e+00 1.744609e+01 1.972805e+01
    endloop
  endfacet
  facet normal -7.067965e-01 5.784471e-02 -7.050480e-01
    outer loop
      vertex   -1.979362e+00 1.742585e+01 1.992695e+01
      vertex   -1.779294e+00 1.744609e+01 1.972805e+01
      vertex   -1.979502e+00 1.738410e+01 1.992367e+01
    endloop
  endfacet
  facet normal -7.067967e-01 5.784630e-02 -7.050477e-01
    outer loop
      vertex   -1.979502e+00 1.738410e+01 1.992367e+01
      vertex   -1.779294e+00 1.744609e+01 1.972805e+01
      vertex   -1.779468e+00 1.739390e+01 1.972394e+01
    endloop
  endfacet
  facet normal -7.069202e-01 2.087880e-02 -7.069851e-01
    outer loop
      vertex   -1.979502e+00 1.738410e+01 1.992367e+01
      vertex   -1.779468e+00 1.739390e+01 1.972394e+01
      vertex   -1.979642e+00 1.734223e+01 1.992257e+01
    endloop
  endfacet
  facet normal -7.069194e-01 2.087246e-02 -7.069860e-01
    outer loop
      vertex   -1.979642e+00 1.734223e+01 1.992257e+01
      vertex   -1.779468e+00 1.739390e+01 1.972394e+01
      vertex   -1.779643e+00 1.734156e+01 1.972257e+01
    endloop
  endfacet
  facet normal -7.047420e-01 7.094637e-01 1.043228e-16
    outer loop
      vertex   -1.776304e+00 1.834155e+01 2.072257e+01
      vertex   -1.976971e+00 1.814222e+01 2.072257e+01
      vertex   -1.776304e+00 1.834155e+01 2.522257e+01
    endloop
  endfacet
  facet normal -7.047420e-01 7.094637e-01 7.029412e-17
    outer loop
      vertex   -1.776304e+00 1.834155e+01 2.522257e+01
      vertex   -1.976971e+00 1.814222e+01 2.072257e+01
      vertex   -1.976971e+00 1.814222e+01 2.522257e+01
    endloop
  endfacet
  facet normal -7.093413e-01 -7.046220e-01 -1.851352e-02
    outer loop
      vertex   -1.930236e+00 3.214215e+01 2.522257e+01
      vertex   -1.730905e+00 3.194148e+01 2.522257e+01
      vertex   -1.930268e+00 3.213255e+01 2.558892e+01
    endloop
  endfacet
  facet normal -7.093411e-01 -7.046222e-01 -1.851337e-02
    outer loop
      vertex   -1.930268e+00 3.213255e+01 2.558892e+01
      vertex   -1.730905e+00 3.194148e+01 2.522257e+01
      vertex   -1.730936e+00 3.193216e+01 2.557845e+01
    endloop
  endfacet
  facet normal -7.093347e-01 -7.026844e-01 -5.548814e-02
    outer loop
      vertex   -1.930268e+00 3.213255e+01 2.558892e+01
      vertex   -1.730936e+00 3.193216e+01 2.557845e+01
      vertex   -1.930364e+00 3.210380e+01 2.595427e+01
    endloop
  endfacet
  facet normal -7.093354e-01 -7.026836e-01 -5.548888e-02
    outer loop
      vertex   -1.930364e+00 3.210380e+01 2.595427e+01
      vertex   -1.730936e+00 3.193216e+01 2.557845e+01
      vertex   -1.731029e+00 3.190423e+01 2.593336e+01
    endloop
  endfacet
  facet normal -7.093225e-01 -6.988134e-01 -9.231172e-02
    outer loop
      vertex   -1.930364e+00 3.210380e+01 2.595427e+01
      vertex   -1.731029e+00 3.190423e+01 2.593336e+01
      vertex   -1.930524e+00 3.205596e+01 2.631761e+01
    endloop
  endfacet
  facet normal -7.093218e-01 -6.988142e-01 -9.231109e-02
    outer loop
      vertex   -1.930524e+00 3.205596e+01 2.631761e+01
      vertex   -1.731029e+00 3.190423e+01 2.593336e+01
      vertex   -1.731184e+00 3.185776e+01 2.628632e+01
    endloop
  endfacet
  facet normal -7.093025e-01 -6.930219e-01 -1.288824e-01
    outer loop
      vertex   -1.930524e+00 3.205596e+01 2.631761e+01
      vertex   -1.731184e+00 3.185776e+01 2.628632e+01
      vertex   -1.930747e+00 3.198918e+01 2.667795e+01
    endloop
  endfacet
  facet normal -7.093022e-01 -6.930222e-01 -1.288822e-01
    outer loop
      vertex   -1.930747e+00 3.198918e+01 2.667795e+01
      vertex   -1.731184e+00 3.185776e+01 2.628632e+01
      vertex   -1.731401e+00 3.179288e+01 2.663637e+01
    endloop
  endfacet
  facet normal -7.092765e-01 -6.853241e-01 -1.650989e-01
    outer loop
      vertex   -1.930747e+00 3.198918e+01 2.667795e+01
      vertex   -1.731401e+00 3.179288e+01 2.663637e+01
      vertex   -1.931033e+00 3.190363e+01 2.703430e+01
    endloop
  endfacet
  facet normal -7.092775e-01 -6.853229e-01 -1.650997e-01
    outer loop
      vertex   -1.931033e+00 3.190363e+01 2.703430e+01
      vertex   -1.731401e+00 3.179288e+01 2.663637e+01
      vertex   -1.731678e+00 3.170978e+01 2.698254e+01
    endloop
  endfacet
  facet normal -7.092455e-01 -6.757402e-01 -2.008631e-01
    outer loop
      vertex   -1.931033e+00 3.190363e+01 2.703430e+01
      vertex   -1.731678e+00 3.170978e+01 2.698254e+01
      vertex   -1.931380e+00 3.179954e+01 2.738569e+01
    endloop
  endfacet
  facet normal -7.092453e-01 -6.757405e-01 -2.008629e-01
    outer loop
      vertex   -1.931380e+00 3.179954e+01 2.738569e+01
      vertex   -1.731678e+00 3.170978e+01 2.698254e+01
      vertex   -1.732016e+00 3.160867e+01 2.732388e+01
    endloop
  endfacet
  facet normal -7.092071e-01 -6.642984e-01 -2.360783e-01
    outer loop
      vertex   -1.931380e+00 3.179954e+01 2.738569e+01
      vertex   -1.732016e+00 3.160867e+01 2.732388e+01
      vertex   -1.931788e+00 3.167721e+01 2.773114e+01
    endloop
  endfacet
  facet normal -7.092070e-01 -6.642984e-01 -2.360783e-01
    outer loop
      vertex   -1.931788e+00 3.167721e+01 2.773114e+01
      vertex   -1.732016e+00 3.160867e+01 2.732388e+01
      vertex   -1.732413e+00 3.148983e+01 2.765947e+01
    endloop
  endfacet
  facet normal -7.091628e-01 -6.510300e-01 -2.706440e-01
    outer loop
      vertex   -1.931788e+00 3.167721e+01 2.773114e+01
      vertex   -1.732413e+00 3.148983e+01 2.765947e+01
      vertex   -1.932257e+00 3.153697e+01 2.806973e+01
    endloop
  endfacet
  facet normal -7.091630e-01 -6.510296e-01 -2.706441e-01
    outer loop
      vertex   -1.932257e+00 3.153697e+01 2.806973e+01
      vertex   -1.732413e+00 3.148983e+01 2.765947e+01
      vertex   -1.732867e+00 3.135359e+01 2.798838e+01
    endloop
  endfacet
  facet normal -7.091128e-01 -6.359697e-01 -3.044694e-01
    outer loop
      vertex   -1.932257e+00 3.153697e+01 2.806973e+01
      vertex   -1.732867e+00 3.135359e+01 2.798838e+01
      vertex   -1.932783e+00 3.137920e+01 2.840050e+01
    endloop
  endfacet
  facet normal -7.091123e-01 -6.359703e-01 -3.044692e-01
    outer loop
      vertex   -1.932783e+00 3.137920e+01 2.840050e+01
      vertex   -1.732867e+00 3.135359e+01 2.798838e+01
      vertex   -1.733379e+00 3.120033e+01 2.830970e+01
    endloop
  endfacet
  facet normal -7.090562e-01 -6.191605e-01 -3.374605e-01
    outer loop
      vertex   -1.932783e+00 3.137920e+01 2.840050e+01
      vertex   -1.733379e+00 3.120033e+01 2.830970e+01
      vertex   -1.933367e+00 3.120433e+01 2.872257e+01
    endloop
  endfacet
  facet normal -7.090560e-01 -6.191608e-01 -3.374604e-01
    outer loop
      vertex   -1.933367e+00 3.120433e+01 2.872257e+01
      vertex   -1.733379e+00 3.120033e+01 2.830970e+01
      vertex   -1.733946e+00 3.103046e+01 2.862257e+01
    endloop
  endfacet
  facet normal -7.089942e-01 -6.006482e-01 -3.695253e-01
    outer loop
      vertex   -1.933367e+00 3.120433e+01 2.872257e+01
      vertex   -1.733946e+00 3.103046e+01 2.862257e+01
      vertex   -1.934006e+00 3.101285e+01 2.903504e+01
    endloop
  endfacet
  facet normal -7.089947e-01 -6.006475e-01 -3.695255e-01
    outer loop
      vertex   -1.934006e+00 3.101285e+01 2.903504e+01
      vertex   -1.733946e+00 3.103046e+01 2.862257e+01
      vertex   -1.734567e+00 3.084445e+01 2.892611e+01
    endloop
  endfacet
  facet normal -7.089274e-01 -5.804813e-01 -4.005788e-01
    outer loop
      vertex   -1.934006e+00 3.101285e+01 2.903504e+01
      vertex   -1.734567e+00 3.084445e+01 2.892611e+01
      vertex   -1.934699e+00 3.080527e+01 2.933707e+01
    endloop
  endfacet
  facet normal -7.089270e-01 -5.804819e-01 -4.005786e-01
    outer loop
      vertex   -1.934699e+00 3.080527e+01 2.933707e+01
      vertex   -1.734567e+00 3.084445e+01 2.892611e+01
      vertex   -1.735240e+00 3.064280e+01 2.921951e+01
    endloop
  endfacet
  facet normal -7.088544e-01 -5.587188e-01 -4.305332e-01
    outer loop
      vertex   -1.934699e+00 3.080527e+01 2.933707e+01
      vertex   -1.735240e+00 3.064280e+01 2.921951e+01
      vertex   -1.935444e+00 3.058218e+01 2.962781e+01
    endloop
  endfacet
  facet normal -7.088541e-01 -5.587192e-01 -4.305331e-01
    outer loop
      vertex   -1.935444e+00 3.058218e+01 2.962781e+01
      vertex   -1.735240e+00 3.064280e+01 2.921951e+01
      vertex   -1.735964e+00 3.042608e+01 2.950195e+01
    endloop
  endfacet
  facet normal -7.087763e-01 -5.354179e-01 -4.593079e-01
    outer loop
      vertex   -1.935444e+00 3.058218e+01 2.962781e+01
      vertex   -1.735964e+00 3.042608e+01 2.950195e+01
      vertex   -1.936238e+00 3.034417e+01 2.990648e+01
    endloop
  endfacet
  facet normal -7.087772e-01 -5.354165e-01 -4.593081e-01
    outer loop
      vertex   -1.936238e+00 3.034417e+01 2.990648e+01
      vertex   -1.735964e+00 3.042608e+01 2.950195e+01
      vertex   -1.736736e+00 3.019487e+01 2.977266e+01
    endloop
  endfacet
  facet normal -7.086945e-01 -5.106419e-01 -4.868233e-01
    outer loop
      vertex   -1.936238e+00 3.034417e+01 2.990648e+01
      vertex   -1.736736e+00 3.019487e+01 2.977266e+01
      vertex   -1.937080e+00 3.009190e+01 3.017232e+01
    endloop
  endfacet
  facet normal -7.086940e-01 -5.106427e-01 -4.868232e-01
    outer loop
      vertex   -1.937080e+00 3.009190e+01 3.017232e+01
      vertex   -1.736736e+00 3.019487e+01 2.977266e+01
      vertex   -1.737554e+00 2.994982e+01 3.003089e+01
    endloop
  endfacet
  facet normal -7.086066e-01 -4.844609e-01 -5.130052e-01
    outer loop
      vertex   -1.937080e+00 3.009190e+01 3.017232e+01
      vertex   -1.737554e+00 2.994982e+01 3.003089e+01
      vertex   -1.937968e+00 2.982607e+01 3.042458e+01
    endloop
  endfacet
  facet normal -7.086071e-01 -4.844601e-01 -5.130052e-01
    outer loop
      vertex   -1.937968e+00 2.982607e+01 3.042458e+01
      vertex   -1.737554e+00 2.994982e+01 3.003089e+01
      vertex   -1.738416e+00 2.969158e+01 3.027595e+01
    endloop
  endfacet
  facet normal -7.085153e-01 -4.569447e-01 -5.377803e-01
    outer loop
      vertex   -1.937968e+00 2.982607e+01 3.042458e+01
      vertex   -1.738416e+00 2.969158e+01 3.027595e+01
      vertex   -1.938898e+00 2.954740e+01 3.066259e+01
    endloop
  endfacet
  facet normal -7.085144e-01 -4.569461e-01 -5.377803e-01
    outer loop
      vertex   -1.938898e+00 2.954740e+01 3.066259e+01
      vertex   -1.738416e+00 2.969158e+01 3.027595e+01
      vertex   -1.739319e+00 2.942087e+01 3.050716e+01
    endloop
  endfacet
  facet normal -7.084183e-01 -4.281709e-01 -5.610822e-01
    outer loop
      vertex   -1.938898e+00 2.954740e+01 3.066259e+01
      vertex   -1.739319e+00 2.942087e+01 3.050716e+01
      vertex   -1.939869e+00 2.925666e+01 3.088569e+01
    endloop
  endfacet
  facet normal -7.084186e-01 -4.281705e-01 -5.610822e-01
    outer loop
      vertex   -1.939869e+00 2.925666e+01 3.088569e+01
      vertex   -1.739319e+00 2.942087e+01 3.050716e+01
      vertex   -1.740262e+00 2.913843e+01 3.072388e+01
    endloop
  endfacet
  facet normal -7.083186e-01 -3.982167e-01 -5.828450e-01
    outer loop
      vertex   -1.939869e+00 2.925666e+01 3.088569e+01
      vertex   -1.740262e+00 2.913843e+01 3.072388e+01
      vertex   -1.940877e+00 2.895464e+01 3.109326e+01
    endloop
  endfacet
  facet normal -7.083190e-01 -3.982161e-01 -5.828449e-01
    outer loop
      vertex   -1.940877e+00 2.895464e+01 3.109326e+01
      vertex   -1.740262e+00 2.913843e+01 3.072388e+01
      vertex   -1.741242e+00 2.884504e+01 3.092553e+01
    endloop
  endfacet
  facet normal -7.082153e-01 -3.671629e-01 -6.030112e-01
    outer loop
      vertex   -1.940877e+00 2.895464e+01 3.109326e+01
      vertex   -1.741242e+00 2.884504e+01 3.092553e+01
      vertex   -1.941920e+00 2.864217e+01 3.128475e+01
    endloop
  endfacet
  facet normal -7.082148e-01 -3.671637e-01 -6.030113e-01
    outer loop
      vertex   -1.941920e+00 2.864217e+01 3.128475e+01
      vertex   -1.741242e+00 2.884504e+01 3.092553e+01
      vertex   -1.742255e+00 2.854150e+01 3.111154e+01
    endloop
  endfacet
  facet normal -7.081077e-01 -3.350986e-01 -6.215242e-01
    outer loop
      vertex   -1.941920e+00 2.864217e+01 3.128475e+01
      vertex   -1.742255e+00 2.854150e+01 3.111154e+01
      vertex   -1.942995e+00 2.832010e+01 3.145961e+01
    endloop
  endfacet
  facet normal -7.081079e-01 -3.350983e-01 -6.215241e-01
    outer loop
      vertex   -1.942995e+00 2.832010e+01 3.145961e+01
      vertex   -1.742255e+00 2.854150e+01 3.111154e+01
      vertex   -1.743299e+00 2.822864e+01 3.128141e+01
    endloop
  endfacet
  facet normal -7.079978e-01 -3.021079e-01 -6.383337e-01
    outer loop
      vertex   -1.942995e+00 2.832010e+01 3.145961e+01
      vertex   -1.743299e+00 2.822864e+01 3.128141e+01
      vertex   -1.944099e+00 2.798933e+01 3.161739e+01
    endloop
  endfacet
  facet normal -7.079983e-01 -3.021072e-01 -6.383335e-01
    outer loop
      vertex   -1.944099e+00 2.798933e+01 3.161739e+01
      vertex   -1.743299e+00 2.822864e+01 3.128141e+01
      vertex   -1.744372e+00 2.790731e+01 3.143468e+01
    endloop
  endfacet
  facet normal -7.078853e-01 -2.682823e-01 -6.533934e-01
    outer loop
      vertex   -1.944099e+00 2.798933e+01 3.161739e+01
      vertex   -1.744372e+00 2.790731e+01 3.143468e+01
      vertex   -1.945230e+00 2.765075e+01 3.175763e+01
    endloop
  endfacet
  facet normal -7.078851e-01 -2.682827e-01 -6.533936e-01
    outer loop
      vertex   -1.945230e+00 2.765075e+01 3.175763e+01
      vertex   -1.744372e+00 2.790731e+01 3.143468e+01
      vertex   -1.745470e+00 2.757841e+01 3.157092e+01
    endloop
  endfacet
  facet normal -7.077697e-01 -2.337170e-01 -6.666622e-01
    outer loop
      vertex   -1.945230e+00 2.765075e+01 3.175763e+01
      vertex   -1.745470e+00 2.757841e+01 3.157092e+01
      vertex   -1.946383e+00 2.730529e+01 3.187996e+01
    endloop
  endfacet
  facet normal -7.077697e-01 -2.337169e-01 -6.666622e-01
    outer loop
      vertex   -1.946383e+00 2.730529e+01 3.187996e+01
      vertex   -1.745470e+00 2.757841e+01 3.157092e+01
      vertex   -1.746590e+00 2.724282e+01 3.168975e+01
    endloop
  endfacet
  facet normal -7.076522e-01 -1.985020e-01 -6.781042e-01
    outer loop
      vertex   -1.946383e+00 2.730529e+01 3.187996e+01
      vertex   -1.746590e+00 2.724282e+01 3.168975e+01
      vertex   -1.947556e+00 2.695391e+01 3.198405e+01
    endloop
  endfacet
  facet normal -7.076524e-01 -1.985017e-01 -6.781041e-01
    outer loop
      vertex   -1.947556e+00 2.695391e+01 3.198405e+01
      vertex   -1.746590e+00 2.724282e+01 3.168975e+01
      vertex   -1.747730e+00 2.690148e+01 3.179086e+01
    endloop
  endfacet
  facet normal -7.075330e-01 -1.627377e-01 -6.876871e-01
    outer loop
      vertex   -1.947556e+00 2.695391e+01 3.198405e+01
      vertex   -1.747730e+00 2.690148e+01 3.179086e+01
      vertex   -1.948745e+00 2.659756e+01 3.206960e+01
    endloop
  endfacet
  facet normal -7.075320e-01 -1.627390e-01 -6.876878e-01
    outer loop
      vertex   -1.948745e+00 2.659756e+01 3.206960e+01
      vertex   -1.747730e+00 2.690148e+01 3.179086e+01
      vertex   -1.748885e+00 2.655531e+01 3.187397e+01
    endloop
  endfacet
  facet normal -7.074111e-01 -1.265217e-01 -6.953861e-01
    outer loop
      vertex   -1.948745e+00 2.659756e+01 3.206960e+01
      vertex   -1.748885e+00 2.655531e+01 3.187397e+01
      vertex   -1.949948e+00 2.623722e+01 3.213639e+01
    endloop
  endfacet
  facet normal -7.074114e-01 -1.265214e-01 -6.953858e-01
    outer loop
      vertex   -1.949948e+00 2.623722e+01 3.213639e+01
      vertex   -1.748885e+00 2.655531e+01 3.187397e+01
      vertex   -1.750054e+00 2.620527e+01 3.193885e+01
    endloop
  endfacet
  facet normal -7.072893e-01 -8.995124e-02 -7.011780e-01
    outer loop
      vertex   -1.949948e+00 2.623722e+01 3.213639e+01
      vertex   -1.750054e+00 2.620527e+01 3.193885e+01
      vertex   -1.951161e+00 2.587388e+01 3.218422e+01
    endloop
  endfacet
  facet normal -7.072900e-01 -8.995043e-02 -7.011775e-01
    outer loop
      vertex   -1.951161e+00 2.587388e+01 3.218422e+01
      vertex   -1.750054e+00 2.620527e+01 3.193885e+01
      vertex   -1.751232e+00 2.585231e+01 3.198532e+01
    endloop
  endfacet
  facet normal -7.071670e-01 -5.312772e-02 -7.050477e-01
    outer loop
      vertex   -1.951161e+00 2.587388e+01 3.218422e+01
      vertex   -1.751232e+00 2.585231e+01 3.198532e+01
      vertex   -1.952381e+00 2.550853e+01 3.221298e+01
    endloop
  endfacet
  facet normal -7.071663e-01 -5.312858e-02 -7.050483e-01
    outer loop
      vertex   -1.952381e+00 2.550853e+01 3.221298e+01
      vertex   -1.751232e+00 2.585231e+01 3.198532e+01
      vertex   -1.752417e+00 2.549740e+01 3.201325e+01
    endloop
  endfacet
  facet normal -7.070429e-01 -1.615337e-02 -7.069862e-01
    outer loop
      vertex   -1.952381e+00 2.550853e+01 3.221298e+01
      vertex   -1.752417e+00 2.549740e+01 3.201325e+01
      vertex   -1.953604e+00 2.514218e+01 3.222257e+01
    endloop
  endfacet
  facet normal -7.070430e-01 -1.615321e-02 -7.069860e-01
    outer loop
      vertex   -1.953604e+00 2.514218e+01 3.222257e+01
      vertex   -1.752417e+00 2.549740e+01 3.201325e+01
      vertex   -1.753605e+00 2.514152e+01 3.202257e+01
    endloop
  endfacet
  facet normal -7.069194e-01 2.087347e-02 -7.069860e-01
    outer loop
      vertex   -1.953604e+00 2.514218e+01 3.222257e+01
      vertex   -1.753605e+00 2.514152e+01 3.202257e+01
      vertex   -1.954827e+00 2.477583e+01 3.221298e+01
    endloop
  endfacet
  facet normal -7.069193e-01 2.087332e-02 -7.069862e-01
    outer loop
      vertex   -1.954827e+00 2.477583e+01 3.221298e+01
      vertex   -1.753605e+00 2.514152e+01 3.202257e+01
      vertex   -1.754793e+00 2.478563e+01 3.201325e+01
    endloop
  endfacet
  facet normal -7.067959e-01 5.784788e-02 -7.050484e-01
    outer loop
      vertex   -1.954827e+00 2.477583e+01 3.221298e+01
      vertex   -1.754793e+00 2.478563e+01 3.201325e+01
      vertex   -1.956046e+00 2.441049e+01 3.218422e+01
    endloop
  endfacet
  facet normal -7.067966e-01 5.784863e-02 -7.050476e-01
    outer loop
      vertex   -1.956046e+00 2.441049e+01 3.218422e+01
      vertex   -1.754793e+00 2.478563e+01 3.201325e+01
      vertex   -1.755977e+00 2.443073e+01 3.198532e+01
    endloop
  endfacet
  facet normal -7.066737e-01 9.467126e-02 -7.011774e-01
    outer loop
      vertex   -1.956046e+00 2.441049e+01 3.218422e+01
      vertex   -1.755977e+00 2.443073e+01 3.198532e+01
      vertex   -1.957259e+00 2.404715e+01 3.213639e+01
    endloop
  endfacet
  facet normal -7.066730e-01 9.467062e-02 -7.011781e-01
    outer loop
      vertex   -1.957259e+00 2.404715e+01 3.213639e+01
      vertex   -1.755977e+00 2.443073e+01 3.198532e+01
      vertex   -1.757156e+00 2.407777e+01 3.193885e+01
    endloop
  endfacet
  facet normal -7.065509e-01 1.312418e-01 -6.953858e-01
    outer loop
      vertex   -1.957259e+00 2.404715e+01 3.213639e+01
      vertex   -1.757156e+00 2.407777e+01 3.193885e+01
      vertex   -1.958462e+00 2.368681e+01 3.206960e+01
    endloop
  endfacet
  facet normal -7.065506e-01 1.312415e-01 -6.953861e-01
    outer loop
      vertex   -1.958462e+00 2.368681e+01 3.206960e+01
      vertex   -1.757156e+00 2.407777e+01 3.193885e+01
      vertex   -1.758324e+00 2.372773e+01 3.187397e+01
    endloop
  endfacet
  facet normal -7.064298e-01 1.674580e-01 -6.876880e-01
    outer loop
      vertex   -1.958462e+00 2.368681e+01 3.206960e+01
      vertex   -1.758324e+00 2.372773e+01 3.187397e+01
      vertex   -1.959652e+00 2.333046e+01 3.198405e+01
    endloop
  endfacet
  facet normal -7.064308e-01 1.674589e-01 -6.876868e-01
    outer loop
      vertex   -1.959652e+00 2.333046e+01 3.198405e+01
      vertex   -1.758324e+00 2.372773e+01 3.187397e+01
      vertex   -1.759480e+00 2.338156e+01 3.179086e+01
    endloop
  endfacet
  facet normal -7.063114e-01 2.032221e-01 -6.781040e-01
    outer loop
      vertex   -1.959652e+00 2.333046e+01 3.198405e+01
      vertex   -1.759480e+00 2.338156e+01 3.179086e+01
      vertex   -1.960825e+00 2.297908e+01 3.187996e+01
    endloop
  endfacet
  facet normal -7.063111e-01 2.032219e-01 -6.781043e-01
    outer loop
      vertex   -1.960825e+00 2.297908e+01 3.187996e+01
      vertex   -1.759480e+00 2.338156e+01 3.179086e+01
      vertex   -1.760619e+00 2.304021e+01 3.168975e+01
    endloop
  endfacet
  facet normal -7.061936e-01 2.384371e-01 -6.666621e-01
    outer loop
      vertex   -1.960825e+00 2.297908e+01 3.187996e+01
      vertex   -1.760619e+00 2.304021e+01 3.168975e+01
      vertex   -1.961978e+00 2.263362e+01 3.175763e+01
    endloop
  endfacet
  facet normal -7.061935e-01 2.384370e-01 -6.666622e-01
    outer loop
      vertex   -1.961978e+00 2.263362e+01 3.175763e+01
      vertex   -1.760619e+00 2.304021e+01 3.168975e+01
      vertex   -1.761740e+00 2.270463e+01 3.157092e+01
    endloop
  endfacet
  facet normal -7.060781e-01 2.730025e-01 -6.533937e-01
    outer loop
      vertex   -1.961978e+00 2.263362e+01 3.175763e+01
      vertex   -1.761740e+00 2.270463e+01 3.157092e+01
      vertex   -1.963108e+00 2.229504e+01 3.161739e+01
    endloop
  endfacet
  facet normal -7.060784e-01 2.730027e-01 -6.533933e-01
    outer loop
      vertex   -1.963108e+00 2.229504e+01 3.161739e+01
      vertex   -1.761740e+00 2.270463e+01 3.157092e+01
      vertex   -1.762838e+00 2.237572e+01 3.143468e+01
    endloop
  endfacet
  facet normal -7.059655e-01 3.068278e-01 -6.383333e-01
    outer loop
      vertex   -1.963108e+00 2.229504e+01 3.161739e+01
      vertex   -1.762838e+00 2.237572e+01 3.143468e+01
      vertex   -1.964212e+00 2.196427e+01 3.145961e+01
    endloop
  endfacet
  facet normal -7.059651e-01 3.068275e-01 -6.383339e-01
    outer loop
      vertex   -1.964212e+00 2.196427e+01 3.145961e+01
      vertex   -1.762838e+00 2.237572e+01 3.143468e+01
      vertex   -1.763910e+00 2.205440e+01 3.128141e+01
    endloop
  endfacet
  facet normal -7.058549e-01 3.398186e-01 -6.215240e-01
    outer loop
      vertex   -1.964212e+00 2.196427e+01 3.145961e+01
      vertex   -1.763910e+00 2.205440e+01 3.128141e+01
      vertex   -1.965287e+00 2.164220e+01 3.128475e+01
    endloop
  endfacet
  facet normal -7.058547e-01 3.398185e-01 -6.215243e-01
    outer loop
      vertex   -1.965287e+00 2.164220e+01 3.128475e+01
      vertex   -1.763910e+00 2.205440e+01 3.128141e+01
      vertex   -1.764955e+00 2.174154e+01 3.111154e+01
    endloop
  endfacet
  facet normal -7.057477e-01 3.718833e-01 -6.030117e-01
    outer loop
      vertex   -1.965287e+00 2.164220e+01 3.128475e+01
      vertex   -1.764955e+00 2.174154e+01 3.111154e+01
      vertex   -1.966330e+00 2.132973e+01 3.109326e+01
    endloop
  endfacet
  facet normal -7.057482e-01 3.718835e-01 -6.030109e-01
    outer loop
      vertex   -1.966330e+00 2.132973e+01 3.109326e+01
      vertex   -1.764955e+00 2.174154e+01 3.111154e+01
      vertex   -1.765968e+00 2.143799e+01 3.092553e+01
    endloop
  endfacet
  facet normal -7.056446e-01 4.029366e-01 -5.828446e-01
    outer loop
      vertex   -1.966330e+00 2.132973e+01 3.109326e+01
      vertex   -1.765968e+00 2.143799e+01 3.092553e+01
      vertex   -1.967339e+00 2.102771e+01 3.088569e+01
    endloop
  endfacet
  facet normal -7.056441e-01 4.029364e-01 -5.828452e-01
    outer loop
      vertex   -1.967339e+00 2.102771e+01 3.088569e+01
      vertex   -1.765968e+00 2.143799e+01 3.092553e+01
      vertex   -1.766947e+00 2.114460e+01 3.072388e+01
    endloop
  endfacet
  facet normal -7.055442e-01 4.328908e-01 -5.610820e-01
    outer loop
      vertex   -1.967339e+00 2.102771e+01 3.088569e+01
      vertex   -1.766947e+00 2.114460e+01 3.072388e+01
      vertex   -1.968309e+00 2.073697e+01 3.066259e+01
    endloop
  endfacet
  facet normal -7.055439e-01 4.328907e-01 -5.610824e-01
    outer loop
      vertex   -1.968309e+00 2.073697e+01 3.066259e+01
      vertex   -1.766947e+00 2.114460e+01 3.072388e+01
      vertex   -1.767890e+00 2.086216e+01 3.050716e+01
    endloop
  endfacet
  facet normal -7.054478e-01 4.616654e-01 -5.377810e-01
    outer loop
      vertex   -1.968309e+00 2.073697e+01 3.066259e+01
      vertex   -1.767890e+00 2.086216e+01 3.050716e+01
      vertex   -1.969239e+00 2.045830e+01 3.042458e+01
    endloop
  endfacet
  facet normal -7.054488e-01 4.616656e-01 -5.377796e-01
    outer loop
      vertex   -1.969239e+00 2.045830e+01 3.042458e+01
      vertex   -1.767890e+00 2.086216e+01 3.050716e+01
      vertex   -1.768794e+00 2.059145e+01 3.027595e+01
    endloop
  endfacet
  facet normal -7.053569e-01 4.891806e-01 -5.130048e-01
    outer loop
      vertex   -1.969239e+00 2.045830e+01 3.042458e+01
      vertex   -1.768794e+00 2.059145e+01 3.027595e+01
      vertex   -1.970127e+00 2.019246e+01 3.017232e+01
    endloop
  endfacet
  facet normal -7.053564e-01 4.891806e-01 -5.130056e-01
    outer loop
      vertex   -1.970127e+00 2.019246e+01 3.017232e+01
      vertex   -1.768794e+00 2.059145e+01 3.027595e+01
      vertex   -1.769656e+00 2.033322e+01 3.003089e+01
    endloop
  endfacet
  facet normal -7.052690e-01 5.153624e-01 -4.868237e-01
    outer loop
      vertex   -1.970127e+00 2.019246e+01 3.017232e+01
      vertex   -1.769656e+00 2.033322e+01 3.003089e+01
      vertex   -1.970969e+00 1.994020e+01 2.990648e+01
    endloop
  endfacet
  facet normal -7.052695e-01 5.153624e-01 -4.868228e-01
    outer loop
      vertex   -1.970969e+00 1.994020e+01 2.990648e+01
      vertex   -1.769656e+00 2.033322e+01 3.003089e+01
      vertex   -1.770474e+00 2.008816e+01 2.977266e+01
    endloop
  endfacet
  facet normal -7.051868e-01 5.401373e-01 -4.593073e-01
    outer loop
      vertex   -1.970969e+00 1.994020e+01 2.990648e+01
      vertex   -1.770474e+00 2.008816e+01 2.977266e+01
      vertex   -1.971763e+00 1.970219e+01 2.962781e+01
    endloop
  endfacet
  facet normal -7.051859e-01 5.401374e-01 -4.593087e-01
    outer loop
      vertex   -1.971763e+00 1.970219e+01 2.962781e+01
      vertex   -1.770474e+00 2.008816e+01 2.977266e+01
      vertex   -1.771246e+00 1.985695e+01 2.950195e+01
    endloop
  endfacet
  facet normal -7.051081e-01 5.634391e-01 -4.305333e-01
    outer loop
      vertex   -1.971763e+00 1.970219e+01 2.962781e+01
      vertex   -1.771246e+00 1.985695e+01 2.950195e+01
      vertex   -1.972508e+00 1.947910e+01 2.933707e+01
    endloop
  endfacet
  facet normal -7.051084e-01 5.634391e-01 -4.305329e-01
    outer loop
      vertex   -1.972508e+00 1.947910e+01 2.933707e+01
      vertex   -1.771246e+00 1.985695e+01 2.950195e+01
      vertex   -1.771969e+00 1.964023e+01 2.921951e+01
    endloop
  endfacet
  facet normal -7.050357e-01 5.852018e-01 -4.005790e-01
    outer loop
      vertex   -1.972508e+00 1.947910e+01 2.933707e+01
      vertex   -1.771969e+00 1.964023e+01 2.921951e+01
      vertex   -1.973201e+00 1.927152e+01 2.903504e+01
    endloop
  endfacet
  facet normal -7.050361e-01 5.852017e-01 -4.005784e-01
    outer loop
      vertex   -1.973201e+00 1.927152e+01 2.903504e+01
      vertex   -1.771969e+00 1.964023e+01 2.921951e+01
      vertex   -1.772642e+00 1.943859e+01 2.892611e+01
    endloop
  endfacet
  facet normal -7.049688e-01 6.053679e-01 -3.695250e-01
    outer loop
      vertex   -1.973201e+00 1.927152e+01 2.903504e+01
      vertex   -1.772642e+00 1.943859e+01 2.892611e+01
      vertex   -1.973840e+00 1.908004e+01 2.872257e+01
    endloop
  endfacet
  facet normal -7.049682e-01 6.053680e-01 -3.695258e-01
    outer loop
      vertex   -1.973840e+00 1.908004e+01 2.872257e+01
      vertex   -1.772642e+00 1.943859e+01 2.892611e+01
      vertex   -1.773263e+00 1.925258e+01 2.862257e+01
    endloop
  endfacet
  facet normal -7.049064e-01 6.238808e-01 -3.374606e-01
    outer loop
      vertex   -1.973840e+00 1.908004e+01 2.872257e+01
      vertex   -1.773263e+00 1.925258e+01 2.862257e+01
      vertex   -1.974424e+00 1.890517e+01 2.840050e+01
    endloop
  endfacet
  facet normal -7.049067e-01 6.238807e-01 -3.374603e-01
    outer loop
      vertex   -1.974424e+00 1.890517e+01 2.840050e+01
      vertex   -1.773263e+00 1.925258e+01 2.862257e+01
      vertex   -1.773830e+00 1.908271e+01 2.830970e+01
    endloop
  endfacet
  facet normal -7.048506e-01 6.406902e-01 -3.044696e-01
    outer loop
      vertex   -1.974424e+00 1.890517e+01 2.840050e+01
      vertex   -1.773830e+00 1.908271e+01 2.830970e+01
      vertex   -1.974951e+00 1.874740e+01 2.806973e+01
    endloop
  endfacet
  facet normal -7.048510e-01 6.406900e-01 -3.044690e-01
    outer loop
      vertex   -1.974951e+00 1.874740e+01 2.806973e+01
      vertex   -1.773830e+00 1.908271e+01 2.830970e+01
      vertex   -1.774342e+00 1.892944e+01 2.798838e+01
    endloop
  endfacet
  facet normal -7.048007e-01 6.557498e-01 -2.706439e-01
    outer loop
      vertex   -1.974951e+00 1.874740e+01 2.806973e+01
      vertex   -1.774342e+00 1.892944e+01 2.798838e+01
      vertex   -1.975419e+00 1.860716e+01 2.773114e+01
    endloop
  endfacet
  facet normal -7.048004e-01 6.557500e-01 -2.706442e-01
    outer loop
      vertex   -1.975419e+00 1.860716e+01 2.773114e+01
      vertex   -1.774342e+00 1.892944e+01 2.798838e+01
      vertex   -1.774797e+00 1.879321e+01 2.765947e+01
    endloop
  endfacet
  facet normal -7.047562e-01 6.690185e-01 -2.360783e-01
    outer loop
      vertex   -1.975419e+00 1.860716e+01 2.773114e+01
      vertex   -1.774797e+00 1.879321e+01 2.765947e+01
      vertex   -1.975827e+00 1.848483e+01 2.738569e+01
    endloop
  endfacet
  facet normal -7.047562e-01 6.690185e-01 -2.360783e-01
    outer loop
      vertex   -1.975827e+00 1.848483e+01 2.738569e+01
      vertex   -1.774797e+00 1.879321e+01 2.765947e+01
      vertex   -1.775193e+00 1.867437e+01 2.732388e+01
    endloop
  endfacet
  facet normal -7.047180e-01 6.804605e-01 -2.008632e-01
    outer loop
      vertex   -1.975827e+00 1.848483e+01 2.738569e+01
      vertex   -1.775193e+00 1.867437e+01 2.732388e+01
      vertex   -1.976175e+00 1.838074e+01 2.703430e+01
    endloop
  endfacet
  facet normal -7.047183e-01 6.804604e-01 -2.008629e-01
    outer loop
      vertex   -1.976175e+00 1.838074e+01 2.703430e+01
      vertex   -1.775193e+00 1.867437e+01 2.732388e+01
      vertex   -1.775531e+00 1.857326e+01 2.698254e+01
    endloop
  endfacet
  facet normal -7.046863e-01 6.900433e-01 -1.650987e-01
    outer loop
      vertex   -1.976175e+00 1.838074e+01 2.703430e+01
      vertex   -1.775531e+00 1.857326e+01 2.698254e+01
      vertex   -1.976460e+00 1.829519e+01 2.667795e+01
    endloop
  endfacet
  facet normal -7.046852e-01 6.900440e-01 -1.651000e-01
    outer loop
      vertex   -1.976460e+00 1.829519e+01 2.667795e+01
      vertex   -1.775531e+00 1.857326e+01 2.698254e+01
      vertex   -1.775808e+00 1.849015e+01 2.663637e+01
    endloop
  endfacet
  facet normal -7.046595e-01 6.977422e-01 -1.288825e-01
    outer loop
      vertex   -1.976460e+00 1.829519e+01 2.667795e+01
      vertex   -1.775808e+00 1.849015e+01 2.663637e+01
      vertex   -1.976683e+00 1.822840e+01 2.631761e+01
    endloop
  endfacet
  facet normal -7.046598e-01 6.977420e-01 -1.288821e-01
    outer loop
      vertex   -1.976683e+00 1.822840e+01 2.631761e+01
      vertex   -1.775808e+00 1.849015e+01 2.663637e+01
      vertex   -1.776025e+00 1.842527e+01 2.628632e+01
    endloop
  endfacet
  facet normal -7.046405e-01 7.035342e-01 -9.231181e-02
    outer loop
      vertex   -1.976683e+00 1.822840e+01 2.631761e+01
      vertex   -1.776025e+00 1.842527e+01 2.628632e+01
      vertex   -1.976843e+00 1.818057e+01 2.595427e+01
    endloop
  endfacet
  facet normal -7.046411e-01 7.035336e-01 -9.231100e-02
    outer loop
      vertex   -1.976843e+00 1.818057e+01 2.595427e+01
      vertex   -1.776025e+00 1.842527e+01 2.628632e+01
      vertex   -1.776180e+00 1.837881e+01 2.593336e+01
    endloop
  endfacet
  facet normal -7.046282e-01 7.074038e-01 -5.548808e-02
    outer loop
      vertex   -1.976843e+00 1.818057e+01 2.595427e+01
      vertex   -1.776180e+00 1.837881e+01 2.593336e+01
      vertex   -1.976939e+00 1.815182e+01 2.558892e+01
    endloop
  endfacet
  facet normal -7.046275e-01 7.074045e-01 -5.548894e-02
    outer loop
      vertex   -1.976939e+00 1.815182e+01 2.558892e+01
      vertex   -1.776180e+00 1.837881e+01 2.593336e+01
      vertex   -1.776273e+00 1.835087e+01 2.557845e+01
    endloop
  endfacet
  facet normal -7.046210e-01 7.093423e-01 -1.851353e-02
    outer loop
      vertex   -1.976939e+00 1.815182e+01 2.558892e+01
      vertex   -1.776273e+00 1.835087e+01 2.557845e+01
      vertex   -1.976971e+00 1.814222e+01 2.522257e+01
    endloop
  endfacet
  facet normal -7.046212e-01 7.093421e-01 -1.851336e-02
    outer loop
      vertex   -1.976971e+00 1.814222e+01 2.522257e+01
      vertex   -1.776273e+00 1.835087e+01 2.557845e+01
      vertex   -1.776304e+00 1.834155e+01 2.522257e+01
    endloop
  endfacet
  facet normal -7.094629e-01 -7.047428e-01 3.500720e-17
    outer loop
      vertex   -1.730905e+00 3.194148e+01 2.522257e+01
      vertex   -1.930236e+00 3.214215e+01 2.522257e+01
      vertex   -1.730905e+00 3.194148e+01 2.072257e+01
    endloop
  endfacet
  facet normal -7.094629e-01 -7.047428e-01 7.064492e-17
    outer loop
      vertex   -1.730905e+00 3.194148e+01 2.072257e+01
      vertex   -1.930236e+00 3.214215e+01 2.522257e+01
      vertex   -1.930236e+00 3.214215e+01 2.072257e+01
    endloop
  endfacet
  facet normal -7.070430e-01 -1.615871e-02 -7.069859e-01
    outer loop
      vertex   -1.927566e+00 3.294214e+01 1.992257e+01
      vertex   -1.727567e+00 3.294147e+01 1.972257e+01
      vertex   -1.927706e+00 3.290027e+01 1.992367e+01
    endloop
  endfacet
  facet normal -7.070437e-01 -1.615234e-02 -7.069854e-01
    outer loop
      vertex   -1.927706e+00 3.290027e+01 1.992367e+01
      vertex   -1.727567e+00 3.294147e+01 1.972257e+01
      vertex   -1.727742e+00 3.288914e+01 1.972394e+01
    endloop
  endfacet
  facet normal -7.071672e-01 -5.312459e-02 -7.050478e-01
    outer loop
      vertex   -1.927706e+00 3.290027e+01 1.992367e+01
      vertex   -1.727742e+00 3.288914e+01 1.972394e+01
      vertex   -1.927845e+00 3.285852e+01 1.992695e+01
    endloop
  endfacet
  facet normal -7.071670e-01 -5.312620e-02 -7.050478e-01
    outer loop
      vertex   -1.927845e+00 3.285852e+01 1.992695e+01
      vertex   -1.727742e+00 3.288914e+01 1.972394e+01
      vertex   -1.727916e+00 3.283695e+01 1.972805e+01
    endloop
  endfacet
  facet normal -7.072899e-01 -8.995257e-02 -7.011772e-01
    outer loop
      vertex   -1.927845e+00 3.285852e+01 1.992695e+01
      vertex   -1.727916e+00 3.283695e+01 1.972805e+01
      vertex   -1.927984e+00 3.281699e+01 1.993242e+01
    endloop
  endfacet
  facet normal -7.072901e-01 -8.995096e-02 -7.011773e-01
    outer loop
      vertex   -1.927984e+00 3.281699e+01 1.993242e+01
      vertex   -1.727916e+00 3.283695e+01 1.972805e+01
      vertex   -1.728089e+00 3.278504e+01 1.973488e+01
    endloop
  endfacet
  facet normal -7.074121e-01 -1.265242e-01 -6.953846e-01
    outer loop
      vertex   -1.927984e+00 3.281699e+01 1.993242e+01
      vertex   -1.728089e+00 3.278504e+01 1.973488e+01
      vertex   -1.928121e+00 3.277581e+01 1.994005e+01
    endloop
  endfacet
  facet normal -7.074121e-01 -1.265246e-01 -6.953846e-01
    outer loop
      vertex   -1.928121e+00 3.277581e+01 1.994005e+01
      vertex   -1.728089e+00 3.278504e+01 1.973488e+01
      vertex   -1.728261e+00 3.273356e+01 1.974442e+01
    endloop
  endfacet
  facet normal -7.075330e-01 -1.627313e-01 -6.876886e-01
    outer loop
      vertex   -1.928121e+00 3.277581e+01 1.994005e+01
      vertex   -1.728261e+00 3.273356e+01 1.974442e+01
      vertex   -1.928257e+00 3.273509e+01 1.994983e+01
    endloop
  endfacet
  facet normal -7.075321e-01 -1.627394e-01 -6.876876e-01
    outer loop
      vertex   -1.928257e+00 3.273509e+01 1.994983e+01
      vertex   -1.728261e+00 3.273356e+01 1.974442e+01
      vertex   -1.728431e+00 3.268266e+01 1.975664e+01
    endloop
  endfacet
  facet normal -7.076514e-01 -1.985063e-01 -6.781038e-01
    outer loop
      vertex   -1.928257e+00 3.273509e+01 1.994983e+01
      vertex   -1.728431e+00 3.268266e+01 1.975664e+01
      vertex   -1.928391e+00 3.269493e+01 1.996172e+01
    endloop
  endfacet
  facet normal -7.076520e-01 -1.985008e-01 -6.781048e-01
    outer loop
      vertex   -1.928391e+00 3.269493e+01 1.996172e+01
      vertex   -1.728431e+00 3.268266e+01 1.975664e+01
      vertex   -1.728598e+00 3.263246e+01 1.977151e+01
    endloop
  endfacet
  facet normal -7.077696e-01 -2.337165e-01 -6.666624e-01
    outer loop
      vertex   -1.928391e+00 3.269493e+01 1.996172e+01
      vertex   -1.728598e+00 3.263246e+01 1.977151e+01
      vertex   -1.928523e+00 3.265545e+01 1.997570e+01
    endloop
  endfacet
  facet normal -7.077695e-01 -2.337171e-01 -6.666623e-01
    outer loop
      vertex   -1.928523e+00 3.265545e+01 1.997570e+01
      vertex   -1.728598e+00 3.263246e+01 1.977151e+01
      vertex   -1.728763e+00 3.258311e+01 1.978899e+01
    endloop
  endfacet
  facet normal -7.078849e-01 -2.682828e-01 -6.533937e-01
    outer loop
      vertex   -1.928523e+00 3.265545e+01 1.997570e+01
      vertex   -1.728763e+00 3.258311e+01 1.978899e+01
      vertex   -1.928652e+00 3.261675e+01 1.999173e+01
    endloop
  endfacet
  facet normal -7.078853e-01 -2.682796e-01 -6.533946e-01
    outer loop
      vertex   -1.928652e+00 3.261675e+01 1.999173e+01
      vertex   -1.728763e+00 3.258311e+01 1.978899e+01
      vertex   -1.728925e+00 3.253474e+01 1.980902e+01
    endloop
  endfacet
  facet normal -7.079983e-01 -3.021067e-01 -6.383338e-01
    outer loop
      vertex   -1.928652e+00 3.261675e+01 1.999173e+01
      vertex   -1.728925e+00 3.253474e+01 1.980902e+01
      vertex   -1.928778e+00 3.257895e+01 2.000976e+01
    endloop
  endfacet
  facet normal -7.079977e-01 -3.021114e-01 -6.383322e-01
    outer loop
      vertex   -1.928778e+00 3.257895e+01 2.000976e+01
      vertex   -1.728925e+00 3.253474e+01 1.980902e+01
      vertex   -1.729082e+00 3.248749e+01 1.983156e+01
    endloop
  endfacet
  facet normal -7.081078e-01 -3.350964e-01 -6.215254e-01
    outer loop
      vertex   -1.928778e+00 3.257895e+01 2.000976e+01
      vertex   -1.729082e+00 3.248749e+01 1.983156e+01
      vertex   -1.928901e+00 3.254214e+01 2.002975e+01
    endloop
  endfacet
  facet normal -7.081077e-01 -3.350970e-01 -6.215251e-01
    outer loop
      vertex   -1.928901e+00 3.254214e+01 2.002975e+01
      vertex   -1.729082e+00 3.248749e+01 1.983156e+01
      vertex   -1.729236e+00 3.244148e+01 1.985654e+01
    endloop
  endfacet
  facet normal -7.082148e-01 -3.671644e-01 -6.030109e-01
    outer loop
      vertex   -1.928901e+00 3.254214e+01 2.002975e+01
      vertex   -1.729236e+00 3.244148e+01 1.985654e+01
      vertex   -1.929020e+00 3.250643e+01 2.005163e+01
    endloop
  endfacet
  facet normal -7.082151e-01 -3.671619e-01 -6.030121e-01
    outer loop
      vertex   -1.929020e+00 3.250643e+01 2.005163e+01
      vertex   -1.729236e+00 3.244148e+01 1.985654e+01
      vertex   -1.729385e+00 3.239684e+01 1.988390e+01
    endloop
  endfacet
  facet normal -7.083187e-01 -3.982205e-01 -5.828422e-01
    outer loop
      vertex   -1.929020e+00 3.250643e+01 2.005163e+01
      vertex   -1.729385e+00 3.239684e+01 1.988390e+01
      vertex   -1.929135e+00 3.247192e+01 2.007536e+01
    endloop
  endfacet
  facet normal -7.083193e-01 -3.982161e-01 -5.828445e-01
    outer loop
      vertex   -1.929135e+00 3.247192e+01 2.007536e+01
      vertex   -1.729385e+00 3.239684e+01 1.988390e+01
      vertex   -1.729529e+00 3.235369e+01 1.991355e+01
    endloop
  endfacet
  facet normal -7.084193e-01 -4.281644e-01 -5.610859e-01
    outer loop
      vertex   -1.929135e+00 3.247192e+01 2.007536e+01
      vertex   -1.729529e+00 3.235369e+01 1.991355e+01
      vertex   -1.929246e+00 3.243869e+01 2.010085e+01
    endloop
  endfacet
  facet normal -7.084183e-01 -4.281719e-01 -5.610814e-01
    outer loop
      vertex   -1.929246e+00 3.243869e+01 2.010085e+01
      vertex   -1.729529e+00 3.235369e+01 1.991355e+01
      vertex   -1.729668e+00 3.231216e+01 1.994542e+01
    endloop
  endfacet
  facet normal -7.085143e-01 -4.569500e-01 -5.377770e-01
    outer loop
      vertex   -1.929246e+00 3.243869e+01 2.010085e+01
      vertex   -1.729668e+00 3.231216e+01 1.994542e+01
      vertex   -1.929353e+00 3.240684e+01 2.012805e+01
    endloop
  endfacet
  facet normal -7.085152e-01 -4.569432e-01 -5.377816e-01
    outer loop
      vertex   -1.929353e+00 3.240684e+01 2.012805e+01
      vertex   -1.729668e+00 3.231216e+01 1.994542e+01
      vertex   -1.729800e+00 3.227235e+01 1.997942e+01
    endloop
  endfacet
  facet normal -7.086072e-01 -4.844592e-01 -5.130061e-01
    outer loop
      vertex   -1.929353e+00 3.240684e+01 2.012805e+01
      vertex   -1.729800e+00 3.227235e+01 1.997942e+01
      vertex   -1.929454e+00 3.237646e+01 2.015688e+01
    endloop
  endfacet
  facet normal -7.086066e-01 -4.844628e-01 -5.130033e-01
    outer loop
      vertex   -1.929454e+00 3.237646e+01 2.015688e+01
      vertex   -1.729800e+00 3.227235e+01 1.997942e+01
      vertex   -1.729927e+00 3.223437e+01 2.001546e+01
    endloop
  endfacet
  facet normal -7.086940e-01 -5.106397e-01 -4.868263e-01
    outer loop
      vertex   -1.929454e+00 3.237646e+01 2.015688e+01
      vertex   -1.729927e+00 3.223437e+01 2.001546e+01
      vertex   -1.929550e+00 3.234763e+01 2.018726e+01
    endloop
  endfacet
  facet normal -7.086939e-01 -5.106407e-01 -4.868255e-01
    outer loop
      vertex   -1.929550e+00 3.234763e+01 2.018726e+01
      vertex   -1.729927e+00 3.223437e+01 2.001546e+01
      vertex   -1.730048e+00 3.219833e+01 2.005344e+01
    endloop
  endfacet
  facet normal -7.087765e-01 -5.354212e-01 -4.593038e-01
    outer loop
      vertex   -1.929550e+00 3.234763e+01 2.018726e+01
      vertex   -1.730048e+00 3.219833e+01 2.005344e+01
      vertex   -1.929641e+00 3.232043e+01 2.021911e+01
    endloop
  endfacet
  facet normal -7.087775e-01 -5.354152e-01 -4.593093e-01
    outer loop
      vertex   -1.929641e+00 3.232043e+01 2.021911e+01
      vertex   -1.730048e+00 3.219833e+01 2.005344e+01
      vertex   -1.730161e+00 3.216433e+01 2.009325e+01
    endloop
  endfacet
  facet normal -7.088553e-01 -5.587157e-01 -4.305357e-01
    outer loop
      vertex   -1.929641e+00 3.232043e+01 2.021911e+01
      vertex   -1.730161e+00 3.216433e+01 2.009325e+01
      vertex   -1.929726e+00 3.229493e+01 2.025234e+01
    endloop
  endfacet
  facet normal -7.088544e-01 -5.587211e-01 -4.305301e-01
    outer loop
      vertex   -1.929726e+00 3.229493e+01 2.025234e+01
      vertex   -1.730161e+00 3.216433e+01 2.009325e+01
      vertex   -1.730267e+00 3.213246e+01 2.013478e+01
    endloop
  endfacet
  facet normal -7.089270e-01 -5.804828e-01 -4.005774e-01
    outer loop
      vertex   -1.929726e+00 3.229493e+01 2.025234e+01
      vertex   -1.730267e+00 3.213246e+01 2.013478e+01
      vertex   -1.929805e+00 3.227121e+01 2.028686e+01
    endloop
  endfacet
  facet normal -7.089272e-01 -5.804817e-01 -4.005787e-01
    outer loop
      vertex   -1.929805e+00 3.227121e+01 2.028686e+01
      vertex   -1.730267e+00 3.213246e+01 2.013478e+01
      vertex   -1.730366e+00 3.210281e+01 2.017793e+01
    endloop
  endfacet
  facet normal -7.089945e-01 -6.006472e-01 -3.695264e-01
    outer loop
      vertex   -1.929805e+00 3.227121e+01 2.028686e+01
      vertex   -1.730366e+00 3.210281e+01 2.017793e+01
      vertex   -1.929879e+00 3.224932e+01 2.032257e+01
    endloop
  endfacet
  facet normal -7.089942e-01 -6.006489e-01 -3.695242e-01
    outer loop
      vertex   -1.929879e+00 3.224932e+01 2.032257e+01
      vertex   -1.730366e+00 3.210281e+01 2.017793e+01
      vertex   -1.730458e+00 3.207545e+01 2.022257e+01
    endloop
  endfacet
  facet normal -7.090560e-01 -6.191619e-01 -3.374584e-01
    outer loop
      vertex   -1.929879e+00 3.224932e+01 2.032257e+01
      vertex   -1.730458e+00 3.207545e+01 2.022257e+01
      vertex   -1.929945e+00 3.222934e+01 2.035938e+01
    endloop
  endfacet
  facet normal -7.090567e-01 -6.191582e-01 -3.374636e-01
    outer loop
      vertex   -1.929945e+00 3.222934e+01 2.035938e+01
      vertex   -1.730458e+00 3.207545e+01 2.022257e+01
      vertex   -1.730541e+00 3.205047e+01 2.026858e+01
    endloop
  endfacet
  facet normal -7.091129e-01 -6.359701e-01 -3.044684e-01
    outer loop
      vertex   -1.929945e+00 3.222934e+01 2.035938e+01
      vertex   -1.730541e+00 3.205047e+01 2.026858e+01
      vertex   -1.930005e+00 3.221131e+01 2.039718e+01
    endloop
  endfacet
  facet normal -7.091128e-01 -6.359705e-01 -3.044677e-01
    outer loop
      vertex   -1.930005e+00 3.221131e+01 2.039718e+01
      vertex   -1.730541e+00 3.205047e+01 2.026858e+01
      vertex   -1.730616e+00 3.202793e+01 2.031583e+01
    endloop
  endfacet
  facet normal -7.091630e-01 -6.510296e-01 -2.706442e-01
    outer loop
      vertex   -1.930005e+00 3.221131e+01 2.039718e+01
      vertex   -1.730616e+00 3.202793e+01 2.031583e+01
      vertex   -1.930059e+00 3.219528e+01 2.043587e+01
    endloop
  endfacet
  facet normal -7.091626e-01 -6.510312e-01 -2.706413e-01
    outer loop
      vertex   -1.930059e+00 3.219528e+01 2.043587e+01
      vertex   -1.730616e+00 3.202793e+01 2.031583e+01
      vertex   -1.730683e+00 3.200790e+01 2.036420e+01
    endloop
  endfacet
  facet normal -7.092069e-01 -6.642996e-01 -2.360754e-01
    outer loop
      vertex   -1.930059e+00 3.219528e+01 2.043587e+01
      vertex   -1.730683e+00 3.200790e+01 2.036420e+01
      vertex   -1.930106e+00 3.218130e+01 2.047536e+01
    endloop
  endfacet
  facet normal -7.092072e-01 -6.642982e-01 -2.360783e-01
    outer loop
      vertex   -1.930106e+00 3.218130e+01 2.047536e+01
      vertex   -1.730683e+00 3.200790e+01 2.036420e+01
      vertex   -1.730742e+00 3.199042e+01 2.041355e+01
    endloop
  endfacet
  facet normal -7.092455e-01 -6.757390e-01 -2.008672e-01
    outer loop
      vertex   -1.930106e+00 3.218130e+01 2.047536e+01
      vertex   -1.730742e+00 3.199042e+01 2.041355e+01
      vertex   -1.930145e+00 3.216940e+01 2.051551e+01
    endloop
  endfacet
  facet normal -7.092455e-01 -6.757388e-01 -2.008678e-01
    outer loop
      vertex   -1.930145e+00 3.216940e+01 2.051551e+01
      vertex   -1.730742e+00 3.199042e+01 2.041355e+01
      vertex   -1.730791e+00 3.197555e+01 2.046375e+01
    endloop
  endfacet
  facet normal -7.092776e-01 -6.853223e-01 -1.651017e-01
    outer loop
      vertex   -1.930145e+00 3.216940e+01 2.051551e+01
      vertex   -1.730791e+00 3.197555e+01 2.046375e+01
      vertex   -1.930178e+00 3.215963e+01 2.055624e+01
    endloop
  endfacet
  facet normal -7.092772e-01 -6.853234e-01 -1.650988e-01
    outer loop
      vertex   -1.930178e+00 3.215963e+01 2.055624e+01
      vertex   -1.730791e+00 3.197555e+01 2.046375e+01
      vertex   -1.730832e+00 3.196333e+01 2.051466e+01
    endloop
  endfacet
  facet normal -7.093029e-01 -6.930227e-01 -1.288758e-01
    outer loop
      vertex   -1.930178e+00 3.215963e+01 2.055624e+01
      vertex   -1.730832e+00 3.196333e+01 2.051466e+01
      vertex   -1.930203e+00 3.215200e+01 2.059742e+01
    endloop
  endfacet
  facet normal -7.093034e-01 -6.930213e-01 -1.288803e-01
    outer loop
      vertex   -1.930203e+00 3.215200e+01 2.059742e+01
      vertex   -1.730832e+00 3.196333e+01 2.051466e+01
      vertex   -1.730864e+00 3.195379e+01 2.056613e+01
    endloop
  endfacet
  facet normal -7.093227e-01 -6.988128e-01 -9.231413e-02
    outer loop
      vertex   -1.930203e+00 3.215200e+01 2.059742e+01
      vertex   -1.730864e+00 3.195379e+01 2.056613e+01
      vertex   -1.930222e+00 3.214653e+01 2.063895e+01
    endloop
  endfacet
  facet normal -7.093224e-01 -6.988135e-01 -9.231155e-02
    outer loop
      vertex   -1.930222e+00 3.214653e+01 2.063895e+01
      vertex   -1.730864e+00 3.195379e+01 2.056613e+01
      vertex   -1.730887e+00 3.194696e+01 2.061804e+01
    endloop
  endfacet
  facet normal -7.093354e-01 -7.026833e-01 -5.549233e-02
    outer loop
      vertex   -1.930222e+00 3.214653e+01 2.063895e+01
      vertex   -1.730887e+00 3.194696e+01 2.061804e+01
      vertex   -1.930233e+00 3.214324e+01 2.068070e+01
    endloop
  endfacet
  facet normal -7.093347e-01 -7.026846e-01 -5.548611e-02
    outer loop
      vertex   -1.930233e+00 3.214324e+01 2.068070e+01
      vertex   -1.730887e+00 3.194696e+01 2.061804e+01
      vertex   -1.730900e+00 3.194285e+01 2.067023e+01
    endloop
  endfacet
  facet normal -7.093411e-01 -7.046223e-01 -1.851103e-02
    outer loop
      vertex   -1.930233e+00 3.214324e+01 2.068070e+01
      vertex   -1.730900e+00 3.194285e+01 2.067023e+01
      vertex   -1.930236e+00 3.214215e+01 2.072257e+01
    endloop
  endfacet
  facet normal -7.093413e-01 -7.046220e-01 -1.851268e-02
    outer loop
      vertex   -1.930236e+00 3.214215e+01 2.072257e+01
      vertex   -1.730900e+00 3.194285e+01 2.067023e+01
      vertex   -1.730905e+00 3.194148e+01 2.072257e+01
    endloop
  endfacet
  facet normal -7.071024e-01 2.360458e-03 -7.071072e-01
    outer loop
      vertex   -1.715314e+00 3.661202e+01 1.972257e+01
      vertex   -1.727567e+00 3.294147e+01 1.972257e+01
      vertex   -1.915589e+00 3.652984e+01 1.992257e+01
    endloop
  endfacet
  facet normal -7.071024e-01 2.360458e-03 -7.071072e-01
    outer loop
      vertex   -1.915589e+00 3.652984e+01 1.992257e+01
      vertex   -1.727567e+00 3.294147e+01 1.972257e+01
      vertex   -1.927566e+00 3.294214e+01 1.992257e+01
    endloop
  endfacet
  facet normal -7.087718e-01 -4.976369e-01 -5.000001e-01
    outer loop
      vertex   -1.991618e+00 1.375453e+01 1.992257e+01
      vertex   -1.791896e+00 1.367102e+01 1.972257e+01
      vertex   -1.992994e+00 1.334225e+01 2.033485e+01
    endloop
  endfacet
  facet normal -7.087718e-01 -4.976369e-01 -5.000001e-01
    outer loop
      vertex   -1.992994e+00 1.334225e+01 2.033485e+01
      vertex   -1.791896e+00 1.367102e+01 1.972257e+01
      vertex   -1.793663e+00 1.314158e+01 2.025201e+01
    endloop
  endfacet
  facet normal -7.054336e-01 5.023578e-01 -5.000001e-01
    outer loop
      vertex   -1.713546e+00 3.714145e+01 2.025201e+01
      vertex   -1.715314e+00 3.661202e+01 1.972257e+01
      vertex   -1.914213e+00 3.694212e+01 2.033485e+01
    endloop
  endfacet
  facet normal -7.054336e-01 5.023578e-01 -5.000001e-01
    outer loop
      vertex   -1.914213e+00 3.694212e+01 2.033485e+01
      vertex   -1.715314e+00 3.661202e+01 1.972257e+01
      vertex   -1.915589e+00 3.652984e+01 1.992257e+01
    endloop
  endfacet
  facet normal -7.094629e-01 -7.047428e-01 6.446048e-17
    outer loop
      vertex   -1.992994e+00 1.334225e+01 2.033485e+01
      vertex   -1.793663e+00 1.314158e+01 2.025201e+01
      vertex   -1.992994e+00 1.334225e+01 3.011029e+01
    endloop
  endfacet
  facet normal -7.094629e-01 -7.047428e-01 6.388487e-17
    outer loop
      vertex   -1.992994e+00 1.334225e+01 3.011029e+01
      vertex   -1.793663e+00 1.314158e+01 2.025201e+01
      vertex   -1.793663e+00 1.314158e+01 3.019313e+01
    endloop
  endfacet
  facet normal -7.047420e-01 7.094637e-01 9.444653e-17
    outer loop
      vertex   -1.713546e+00 3.714145e+01 3.019313e+01
      vertex   -1.713546e+00 3.714145e+01 2.025201e+01
      vertex   -1.914213e+00 3.694212e+01 3.011029e+01
    endloop
  endfacet
  facet normal -7.047420e-01 7.094637e-01 4.802366e-17
    outer loop
      vertex   -1.914213e+00 3.694212e+01 3.011029e+01
      vertex   -1.713546e+00 3.714145e+01 2.025201e+01
      vertex   -1.914213e+00 3.694212e+01 2.033485e+01
    endloop
  endfacet
  facet normal -7.087718e-01 -4.976369e-01 5.000001e-01
    outer loop
      vertex   -1.969920e+00 2.025449e+01 3.702257e+01
      vertex   -1.992994e+00 1.334225e+01 3.011029e+01
      vertex   -1.770197e+00 2.017098e+01 3.722257e+01
    endloop
  endfacet
  facet normal -7.087718e-01 -4.976369e-01 5.000001e-01
    outer loop
      vertex   -1.770197e+00 2.017098e+01 3.722257e+01
      vertex   -1.992994e+00 1.334225e+01 3.011029e+01
      vertex   -1.793663e+00 1.314158e+01 3.019313e+01
    endloop
  endfacet
  facet normal -7.054336e-01 5.023578e-01 5.000001e-01
    outer loop
      vertex   -1.713546e+00 3.714145e+01 3.019313e+01
      vertex   -1.914213e+00 3.694212e+01 3.011029e+01
      vertex   -1.737012e+00 3.011205e+01 3.722257e+01
    endloop
  endfacet
  facet normal -7.054336e-01 5.023578e-01 5.000001e-01
    outer loop
      vertex   -1.737012e+00 3.011205e+01 3.722257e+01
      vertex   -1.914213e+00 3.694212e+01 3.011029e+01
      vertex   -1.937287e+00 3.002988e+01 3.702257e+01
    endloop
  endfacet
  facet normal -7.071024e-01 2.360458e-03 7.071072e-01
    outer loop
      vertex   -1.770197e+00 2.017098e+01 3.722257e+01
      vertex   -1.737012e+00 3.011205e+01 3.722257e+01
      vertex   -1.969920e+00 2.025449e+01 3.702257e+01
    endloop
  endfacet
  facet normal -7.071024e-01 2.360458e-03 7.071072e-01
    outer loop
      vertex   -1.969920e+00 2.025449e+01 3.702257e+01
      vertex   -1.737012e+00 3.011205e+01 3.722257e+01
      vertex   -1.937287e+00 3.002988e+01 3.702257e+01
    endloop
  endfacet
  facet normal 0.000000e+00 -0.000000e+00 -1.000000e+00
    outer loop
      vertex   -1.779643e+00 1.734156e+01 1.972257e+01
      vertex   -7.796482e-01 1.733822e+01 1.972257e+01
      vertex   -1.791896e+00 1.367102e+01 1.972257e+01
    endloop
  endfacet
  facet normal 0.000000e+00 0.000000e+00 -1.000000e+00
    outer loop
      vertex   -1.791896e+00 1.367102e+01 1.972257e+01
      vertex   -7.796482e-01 1.733822e+01 1.972257e+01
      vertex   -7.213389e-01 1.366744e+01 1.972257e+01
    endloop
  endfacet
  facet normal 0.000000e+00 0.000000e+00 -1.000000e+00
    outer loop
      vertex   -7.213389e-01 1.366744e+01 1.972257e+01
      vertex   -7.796482e-01 1.733822e+01 1.972257e+01
      vertex   -8.198885e-02 1.663589e+01 1.972257e+01
    endloop
  endfacet
  facet normal 0.000000e+00 0.000000e+00 -1.000000e+00
    outer loop
      vertex   -7.213389e-01 1.366744e+01 1.972257e+01
      vertex   -8.198885e-02 1.663589e+01 1.972257e+01
      vertex   1.801060e-02 1.663556e+01 1.972257e+01
    endloop
  endfacet
  facet normal 0.000000e+00 -0.000000e+00 -1.000000e+00
    outer loop
      vertex   1.723676e+00 1.832987e+01 1.972257e+01
      vertex   2.002310e+00 1.192891e+01 1.972257e+01
      vertex   1.801060e-02 1.663556e+01 1.972257e+01
    endloop
  endfacet
  facet normal 0.000000e+00 0.000000e+00 -1.000000e+00
    outer loop
      vertex   1.801060e-02 1.663556e+01 1.972257e+01
      vertex   2.002310e+00 1.192891e+01 1.972257e+01
      vertex   1.002316e+00 1.193224e+01 1.972257e+01
    endloop
  endfacet
  facet normal 0.000000e+00 -0.000000e+00 -1.000000e+00
    outer loop
      vertex   1.801060e-02 1.663556e+01 1.972257e+01
      vertex   1.002316e+00 1.193224e+01 1.972257e+01
      vertex   -7.213389e-01 1.366744e+01 1.972257e+01
    endloop
  endfacet
  facet normal 0.000000e+00 0.000000e+00 -1.000000e+00
    outer loop
      vertex   1.723676e+00 1.832987e+01 1.972257e+01
      vertex   2.023674e+00 1.832887e+01 1.972257e+01
      vertex   2.002310e+00 1.192891e+01 1.972257e+01
    endloop
  endfacet
  facet normal -9.999944e-01 3.338194e-03 5.645635e-17
    outer loop
      vertex   -1.991618e+00 1.375453e+01 1.992257e+01
      vertex   -1.992994e+00 1.334225e+01 2.033485e+01
      vertex   -1.979642e+00 1.734223e+01 1.992257e+01
    endloop
  endfacet
  facet normal -9.999944e-01 3.338194e-03 -5.829545e-17
    outer loop
      vertex   -1.979642e+00 1.734223e+01 1.992257e+01
      vertex   -1.992994e+00 1.334225e+01 2.033485e+01
      vertex   -1.976971e+00 1.814222e+01 2.072257e+01
    endloop
  endfacet
  facet normal -9.999944e-01 3.338194e-03 -3.787304e-15
    outer loop
      vertex   -1.979642e+00 1.734223e+01 1.992257e+01
      vertex   -1.976971e+00 1.814222e+01 2.072257e+01
      vertex   -1.976975e+00 1.814113e+01 2.068070e+01
    endloop
  endfacet
  facet normal -9.999944e-01 3.338194e-03 9.868594e-17
    outer loop
      vertex   -1.976971e+00 1.814222e+01 2.072257e+01
      vertex   -1.992994e+00 1.334225e+01 2.033485e+01
      vertex   -1.976971e+00 1.814222e+01 2.522257e+01
    endloop
  endfacet
  facet normal -9.999944e-01 3.338194e-03 9.071065e-17
    outer loop
      vertex   -1.976971e+00 1.814222e+01 2.522257e+01
      vertex   -1.992994e+00 1.334225e+01 2.033485e+01
      vertex   -1.992994e+00 1.334225e+01 3.011029e+01
    endloop
  endfacet
  facet normal -9.999944e-01 3.338194e-03 9.776061e-16
    outer loop
      vertex   -1.976971e+00 1.814222e+01 2.522257e+01
      vertex   -1.992994e+00 1.334225e+01 3.011029e+01
      vertex   -1.976939e+00 1.815182e+01 2.558892e+01
    endloop
  endfacet
  facet normal -9.999944e-01 3.338194e-03 -6.651382e-16
    outer loop
      vertex   -1.976939e+00 1.815182e+01 2.558892e+01
      vertex   -1.992994e+00 1.334225e+01 3.011029e+01
      vertex   -1.976843e+00 1.818057e+01 2.595427e+01
    endloop
  endfacet
  facet normal -9.999944e-01 3.338194e-03 3.077570e-17
    outer loop
      vertex   -1.976843e+00 1.818057e+01 2.595427e+01
      vertex   -1.992994e+00 1.334225e+01 3.011029e+01
      vertex   -1.976683e+00 1.822840e+01 2.631761e+01
    endloop
  endfacet
  facet normal -9.999944e-01 3.338194e-03 7.889474e-16
    outer loop
      vertex   -1.976683e+00 1.822840e+01 2.631761e+01
      vertex   -1.992994e+00 1.334225e+01 3.011029e+01
      vertex   -1.976460e+00 1.829519e+01 2.667795e+01
    endloop
  endfacet
  facet normal -9.999944e-01 3.338194e-03 -1.012141e-16
    outer loop
      vertex   -1.976460e+00 1.829519e+01 2.667795e+01
      vertex   -1.992994e+00 1.334225e+01 3.011029e+01
      vertex   -1.976175e+00 1.838074e+01 2.703430e+01
    endloop
  endfacet
  facet normal -9.999944e-01 3.338194e-03 -4.395063e-16
    outer loop
      vertex   -1.976175e+00 1.838074e+01 2.703430e+01
      vertex   -1.992994e+00 1.334225e+01 3.011029e+01
      vertex   -1.975827e+00 1.848483e+01 2.738569e+01
    endloop
  endfacet
  facet normal -9.999944e-01 3.338194e-03 -1.600705e-16
    outer loop
      vertex   -1.975827e+00 1.848483e+01 2.738569e+01
      vertex   -1.992994e+00 1.334225e+01 3.011029e+01
      vertex   -1.975419e+00 1.860716e+01 2.773114e+01
    endloop
  endfacet
  facet normal -9.999944e-01 3.338194e-03 1.042563e-15
    outer loop
      vertex   -1.975419e+00 1.860716e+01 2.773114e+01
      vertex   -1.992994e+00 1.334225e+01 3.011029e+01
      vertex   -1.974951e+00 1.874740e+01 2.806973e+01
    endloop
  endfacet
  facet normal -9.999944e-01 3.338194e-03 -5.297882e-17
    outer loop
      vertex   -1.974951e+00 1.874740e+01 2.806973e+01
      vertex   -1.992994e+00 1.334225e+01 3.011029e+01
      vertex   -1.974424e+00 1.890517e+01 2.840050e+01
    endloop
  endfacet
  facet normal -9.999944e-01 3.338194e-03 -2.147616e-16
    outer loop
      vertex   -1.974424e+00 1.890517e+01 2.840050e+01
      vertex   -1.992994e+00 1.334225e+01 3.011029e+01
      vertex   -1.973840e+00 1.908004e+01 2.872257e+01
    endloop
  endfacet
  facet normal -9.999944e-01 3.338194e-03 -3.407306e-16
    outer loop
      vertex   -1.973840e+00 1.908004e+01 2.872257e+01
      vertex   -1.992994e+00 1.334225e+01 3.011029e+01
      vertex   -1.973201e+00 1.927152e+01 2.903504e+01
    endloop
  endfacet
  facet normal -9.999944e-01 3.338194e-03 3.999808e-16
    outer loop
      vertex   -1.973201e+00 1.927152e+01 2.903504e+01
      vertex   -1.992994e+00 1.334225e+01 3.011029e+01
      vertex   -1.972508e+00 1.947910e+01 2.933707e+01
    endloop
  endfacet
  facet normal -9.999944e-01 3.338194e-03 5.860481e-16
    outer loop
      vertex   -1.972508e+00 1.947910e+01 2.933707e+01
      vertex   -1.992994e+00 1.334225e+01 3.011029e+01
      vertex   -1.971763e+00 1.970219e+01 2.962781e+01
    endloop
  endfacet
  facet normal -9.999944e-01 3.338194e-03 5.474114e-16
    outer loop
      vertex   -1.971763e+00 1.970219e+01 2.962781e+01
      vertex   -1.992994e+00 1.334225e+01 3.011029e+01
      vertex   -1.970969e+00 1.994020e+01 2.990648e+01
    endloop
  endfacet
  facet normal -9.999944e-01 3.338194e-03 -5.003266e-16
    outer loop
      vertex   -1.970969e+00 1.994020e+01 2.990648e+01
      vertex   -1.992994e+00 1.334225e+01 3.011029e+01
      vertex   -1.970127e+00 2.019246e+01 3.017232e+01
    endloop
  endfacet
  facet normal -9.999944e-01 3.338194e-03 6.283246e-16
    outer loop
      vertex   -1.970127e+00 2.019246e+01 3.017232e+01
      vertex   -1.992994e+00 1.334225e+01 3.011029e+01
      vertex   -1.969239e+00 2.045830e+01 3.042458e+01
    endloop
  endfacet
  facet normal -9.999944e-01 3.338194e-03 -4.561461e-16
    outer loop
      vertex   -1.969239e+00 2.045830e+01 3.042458e+01
      vertex   -1.992994e+00 1.334225e+01 3.011029e+01
      vertex   -1.968309e+00 2.073697e+01 3.066259e+01
    endloop
  endfacet
  facet normal -9.999944e-01 3.338194e-03 8.435815e-17
    outer loop
      vertex   -1.968309e+00 2.073697e+01 3.066259e+01
      vertex   -1.992994e+00 1.334225e+01 3.011029e+01
      vertex   -1.969920e+00 2.025449e+01 3.702257e+01
    endloop
  endfacet
  facet normal -9.999944e-01 3.338194e-03 7.673006e-17
    outer loop
      vertex   -1.968309e+00 2.073697e+01 3.066259e+01
      vertex   -1.969920e+00 2.025449e+01 3.702257e+01
      vertex   -1.967339e+00 2.102771e+01 3.088569e+01
    endloop
  endfacet
  facet normal -9.999944e-01 3.338194e-03 8.316002e-17
    outer loop
      vertex   -1.967339e+00 2.102771e+01 3.088569e+01
      vertex   -1.969920e+00 2.025449e+01 3.702257e+01
      vertex   -1.966330e+00 2.132973e+01 3.109326e+01
    endloop
  endfacet
  facet normal -9.999944e-01 3.338194e-03 1.235470e-16
    outer loop
      vertex   -1.966330e+00 2.132973e+01 3.109326e+01
      vertex   -1.969920e+00 2.025449e+01 3.702257e+01
      vertex   -1.965287e+00 2.164220e+01 3.128475e+01
    endloop
  endfacet
  facet normal -9.999944e-01 3.338194e-03 1.025991e-16
    outer loop
      vertex   -1.965287e+00 2.164220e+01 3.128475e+01
      vertex   -1.969920e+00 2.025449e+01 3.702257e+01
      vertex   -1.964212e+00 2.196427e+01 3.145961e+01
    endloop
  endfacet
  facet normal -9.999944e-01 3.338194e-03 7.765539e-18
    outer loop
      vertex   -1.964212e+00 2.196427e+01 3.145961e+01
      vertex   -1.969920e+00 2.025449e+01 3.702257e+01
      vertex   -1.963108e+00 2.229504e+01 3.161739e+01
    endloop
  endfacet
  facet normal -9.999944e-01 3.338194e-03 9.581696e-17
    outer loop
      vertex   -1.963108e+00 2.229504e+01 3.161739e+01
      vertex   -1.969920e+00 2.025449e+01 3.702257e+01
      vertex   -1.961978e+00 2.263362e+01 3.175763e+01
    endloop
  endfacet
  facet normal -9.999944e-01 3.338194e-03 7.678597e-17
    outer loop
      vertex   -1.961978e+00 2.263362e+01 3.175763e+01
      vertex   -1.969920e+00 2.025449e+01 3.702257e+01
      vertex   -1.960825e+00 2.297908e+01 3.187996e+01
    endloop
  endfacet
  facet normal -9.999944e-01 3.338194e-03 -7.085819e-17
    outer loop
      vertex   -1.960825e+00 2.297908e+01 3.187996e+01
      vertex   -1.969920e+00 2.025449e+01 3.702257e+01
      vertex   -1.959652e+00 2.333046e+01 3.198405e+01
    endloop
  endfacet
  facet normal -9.999944e-01 3.338194e-03 -3.289724e-17
    outer loop
      vertex   -1.959652e+00 2.333046e+01 3.198405e+01
      vertex   -1.969920e+00 2.025449e+01 3.702257e+01
      vertex   -1.958462e+00 2.368681e+01 3.206960e+01
    endloop
  endfacet
  facet normal -9.999944e-01 3.338194e-03 6.458765e-16
    outer loop
      vertex   -1.958462e+00 2.368681e+01 3.206960e+01
      vertex   -1.969920e+00 2.025449e+01 3.702257e+01
      vertex   -1.957259e+00 2.404715e+01 3.213639e+01
    endloop
  endfacet
  facet normal -9.999944e-01 3.338194e-03 -1.768337e-16
    outer loop
      vertex   -1.957259e+00 2.404715e+01 3.213639e+01
      vertex   -1.969920e+00 2.025449e+01 3.702257e+01
      vertex   -1.956046e+00 2.441049e+01 3.218422e+01
    endloop
  endfacet
  facet normal -9.999944e-01 3.338194e-03 5.305225e-16
    outer loop
      vertex   -1.956046e+00 2.441049e+01 3.218422e+01
      vertex   -1.969920e+00 2.025449e+01 3.702257e+01
      vertex   -1.954827e+00 2.477583e+01 3.221298e+01
    endloop
  endfacet
  facet normal -9.999944e-01 3.338194e-03 -7.328015e-17
    outer loop
      vertex   -1.954827e+00 2.477583e+01 3.221298e+01
      vertex   -1.969920e+00 2.025449e+01 3.702257e+01
      vertex   -1.953604e+00 2.514218e+01 3.222257e+01
    endloop
  endfacet
  facet normal -9.999944e-01 3.338194e-03 6.950716e-17
    outer loop
      vertex   -1.953604e+00 2.514218e+01 3.222257e+01
      vertex   -1.969920e+00 2.025449e+01 3.702257e+01
      vertex   -1.937287e+00 3.002988e+01 3.702257e+01
    endloop
  endfacet
  facet normal -9.999944e-01 3.338194e-03 8.093699e-16
    outer loop
      vertex   -1.953604e+00 2.514218e+01 3.222257e+01
      vertex   -1.937287e+00 3.002988e+01 3.702257e+01
      vertex   -1.952381e+00 2.550853e+01 3.221298e+01
    endloop
  endfacet
  facet normal -9.999944e-01 3.338194e-03 1.734954e-16
    outer loop
      vertex   -1.952381e+00 2.550853e+01 3.221298e+01
      vertex   -1.937287e+00 3.002988e+01 3.702257e+01
      vertex   -1.951161e+00 2.587388e+01 3.218422e+01
    endloop
  endfacet
  facet normal -9.999944e-01 3.338194e-03 -8.861513e-17
    outer loop
      vertex   -1.951161e+00 2.587388e+01 3.218422e+01
      vertex   -1.937287e+00 3.002988e+01 3.702257e+01
      vertex   -1.949948e+00 2.623722e+01 3.213639e+01
    endloop
  endfacet
  facet normal -9.999944e-01 3.338194e-03 -6.867719e-17
    outer loop
      vertex   -1.949948e+00 2.623722e+01 3.213639e+01
      vertex   -1.937287e+00 3.002988e+01 3.702257e+01
      vertex   -1.948745e+00 2.659756e+01 3.206960e+01
    endloop
  endfacet
  facet normal -9.999944e-01 3.338194e-03 2.249421e-16
    outer loop
      vertex   -1.948745e+00 2.659756e+01 3.206960e+01
      vertex   -1.937287e+00 3.002988e+01 3.702257e+01
      vertex   -1.947556e+00 2.695391e+01 3.198405e+01
    endloop
  endfacet
  facet normal -9.999944e-01 3.338194e-03 -6.924311e-17
    outer loop
      vertex   -1.947556e+00 2.695391e+01 3.198405e+01
      vertex   -1.937287e+00 3.002988e+01 3.702257e+01
      vertex   -1.946383e+00 2.730529e+01 3.187996e+01
    endloop
  endfacet
  facet normal -9.999944e-01 3.338194e-03 3.553329e-16
    outer loop
      vertex   -1.946383e+00 2.730529e+01 3.187996e+01
      vertex   -1.937287e+00 3.002988e+01 3.702257e+01
      vertex   -1.945230e+00 2.765075e+01 3.175763e+01
    endloop
  endfacet
  facet normal -9.999944e-01 3.338194e-03 8.189983e-17
    outer loop
      vertex   -1.945230e+00 2.765075e+01 3.175763e+01
      vertex   -1.937287e+00 3.002988e+01 3.702257e+01
      vertex   -1.944099e+00 2.798933e+01 3.161739e+01
    endloop
  endfacet
  facet normal -9.999944e-01 3.338194e-03 -4.853758e-17
    outer loop
      vertex   -1.944099e+00 2.798933e+01 3.161739e+01
      vertex   -1.937287e+00 3.002988e+01 3.702257e+01
      vertex   -1.942995e+00 2.832010e+01 3.145961e+01
    endloop
  endfacet
  facet normal -9.999944e-01 3.338194e-03 3.421582e-17
    outer loop
      vertex   -1.942995e+00 2.832010e+01 3.145961e+01
      vertex   -1.937287e+00 3.002988e+01 3.702257e+01
      vertex   -1.941920e+00 2.864217e+01 3.128475e+01
    endloop
  endfacet
  facet normal -9.999944e-01 3.338194e-03 3.107166e-16
    outer loop
      vertex   -1.941920e+00 2.864217e+01 3.128475e+01
      vertex   -1.937287e+00 3.002988e+01 3.702257e+01
      vertex   -1.940877e+00 2.895464e+01 3.109326e+01
    endloop
  endfacet
  facet normal -9.999944e-01 3.338194e-03 1.166780e-16
    outer loop
      vertex   -1.940877e+00 2.895464e+01 3.109326e+01
      vertex   -1.937287e+00 3.002988e+01 3.702257e+01
      vertex   -1.939869e+00 2.925666e+01 3.088569e+01
    endloop
  endfacet
  facet normal -9.999944e-01 3.338194e-03 1.212217e-16
    outer loop
      vertex   -1.939869e+00 2.925666e+01 3.088569e+01
      vertex   -1.937287e+00 3.002988e+01 3.702257e+01
      vertex   -1.938898e+00 2.954740e+01 3.066259e+01
    endloop
  endfacet
  facet normal -9.999944e-01 3.338194e-03 1.261491e-16
    outer loop
      vertex   -1.938898e+00 2.954740e+01 3.066259e+01
      vertex   -1.937287e+00 3.002988e+01 3.702257e+01
      vertex   -1.914213e+00 3.694212e+01 3.011029e+01
    endloop
  endfacet
  facet normal -9.999944e-01 3.338194e-03 -6.037608e-16
    outer loop
      vertex   -1.938898e+00 2.954740e+01 3.066259e+01
      vertex   -1.914213e+00 3.694212e+01 3.011029e+01
      vertex   -1.937968e+00 2.982607e+01 3.042458e+01
    endloop
  endfacet
  facet normal -9.999944e-01 3.338194e-03 -6.964149e-16
    outer loop
      vertex   -1.937968e+00 2.982607e+01 3.042458e+01
      vertex   -1.914213e+00 3.694212e+01 3.011029e+01
      vertex   -1.937080e+00 3.009190e+01 3.017232e+01
    endloop
  endfacet
  facet normal -9.999944e-01 3.338194e-03 4.388569e-16
    outer loop
      vertex   -1.937080e+00 3.009190e+01 3.017232e+01
      vertex   -1.914213e+00 3.694212e+01 3.011029e+01
      vertex   -1.936238e+00 3.034417e+01 2.990648e+01
    endloop
  endfacet
  facet normal -9.999944e-01 3.338194e-03 9.911939e-16
    outer loop
      vertex   -1.936238e+00 3.034417e+01 2.990648e+01
      vertex   -1.914213e+00 3.694212e+01 3.011029e+01
      vertex   -1.935444e+00 3.058218e+01 2.962781e+01
    endloop
  endfacet
  facet normal -9.999944e-01 3.338194e-03 -6.224453e-16
    outer loop
      vertex   -1.935444e+00 3.058218e+01 2.962781e+01
      vertex   -1.914213e+00 3.694212e+01 3.011029e+01
      vertex   -1.934699e+00 3.080527e+01 2.933707e+01
    endloop
  endfacet
  facet normal -9.999944e-01 3.338194e-03 9.537068e-16
    outer loop
      vertex   -1.934699e+00 3.080527e+01 2.933707e+01
      vertex   -1.914213e+00 3.694212e+01 3.011029e+01
      vertex   -1.934006e+00 3.101285e+01 2.903504e+01
    endloop
  endfacet
  facet normal -9.999944e-01 3.338194e-03 -2.570914e-16
    outer loop
      vertex   -1.934006e+00 3.101285e+01 2.903504e+01
      vertex   -1.914213e+00 3.694212e+01 3.011029e+01
      vertex   -1.933367e+00 3.120433e+01 2.872257e+01
    endloop
  endfacet
  facet normal -9.999944e-01 3.338194e-03 -3.754635e-16
    outer loop
      vertex   -1.933367e+00 3.120433e+01 2.872257e+01
      vertex   -1.914213e+00 3.694212e+01 3.011029e+01
      vertex   -1.932783e+00 3.137920e+01 2.840050e+01
    endloop
  endfacet
  facet normal -9.999944e-01 3.338194e-03 6.389367e-16
    outer loop
      vertex   -1.932783e+00 3.137920e+01 2.840050e+01
      vertex   -1.914213e+00 3.694212e+01 3.011029e+01
      vertex   -1.932257e+00 3.153697e+01 2.806973e+01
    endloop
  endfacet
  facet normal -9.999944e-01 3.338194e-03 1.068572e-16
    outer loop
      vertex   -1.932257e+00 3.153697e+01 2.806973e+01
      vertex   -1.914213e+00 3.694212e+01 3.011029e+01
      vertex   -1.931788e+00 3.167721e+01 2.773114e+01
    endloop
  endfacet
  facet normal -9.999944e-01 3.338194e-03 -3.549045e-16
    outer loop
      vertex   -1.931788e+00 3.167721e+01 2.773114e+01
      vertex   -1.914213e+00 3.694212e+01 3.011029e+01
      vertex   -1.931380e+00 3.179954e+01 2.738569e+01
    endloop
  endfacet
  facet normal -9.999944e-01 3.338194e-03 4.619188e-16
    outer loop
      vertex   -1.931380e+00 3.179954e+01 2.738569e+01
      vertex   -1.914213e+00 3.694212e+01 3.011029e+01
      vertex   -1.931033e+00 3.190363e+01 2.703430e+01
    endloop
  endfacet
  facet normal -9.999944e-01 3.338194e-03 1.199402e-16
    outer loop
      vertex   -1.931033e+00 3.190363e+01 2.703430e+01
      vertex   -1.914213e+00 3.694212e+01 3.011029e+01
      vertex   -1.930747e+00 3.198918e+01 2.667795e+01
    endloop
  endfacet
  facet normal -9.999944e-01 3.338194e-03 -2.279406e-16
    outer loop
      vertex   -1.930747e+00 3.198918e+01 2.667795e+01
      vertex   -1.914213e+00 3.694212e+01 3.011029e+01
      vertex   -1.930524e+00 3.205596e+01 2.631761e+01
    endloop
  endfacet
  facet normal -9.999944e-01 3.338194e-03 5.401201e-16
    outer loop
      vertex   -1.930524e+00 3.205596e+01 2.631761e+01
      vertex   -1.914213e+00 3.694212e+01 3.011029e+01
      vertex   -1.930364e+00 3.210380e+01 2.595427e+01
    endloop
  endfacet
  facet normal -9.999944e-01 3.338194e-03 -4.901864e-16
    outer loop
      vertex   -1.930364e+00 3.210380e+01 2.595427e+01
      vertex   -1.914213e+00 3.694212e+01 3.011029e+01
      vertex   -1.930268e+00 3.213255e+01 2.558892e+01
    endloop
  endfacet
  facet normal -9.999944e-01 3.338194e-03 2.393886e-16
    outer loop
      vertex   -1.930268e+00 3.213255e+01 2.558892e+01
      vertex   -1.914213e+00 3.694212e+01 3.011029e+01
      vertex   -1.930236e+00 3.214215e+01 2.522257e+01
    endloop
  endfacet
  facet normal -9.999944e-01 3.338194e-03 6.821765e-17
    outer loop
      vertex   -1.930236e+00 3.214215e+01 2.522257e+01
      vertex   -1.914213e+00 3.694212e+01 3.011029e+01
      vertex   -1.914213e+00 3.694212e+01 2.033485e+01
    endloop
  endfacet
  facet normal -9.999944e-01 3.338194e-03 9.868594e-17
    outer loop
      vertex   -1.930236e+00 3.214215e+01 2.522257e+01
      vertex   -1.914213e+00 3.694212e+01 2.033485e+01
      vertex   -1.930236e+00 3.214215e+01 2.072257e+01
    endloop
  endfacet
  facet normal -9.999944e-01 3.338194e-03 1.099659e-16
    outer loop
      vertex   -1.930236e+00 3.214215e+01 2.072257e+01
      vertex   -1.914213e+00 3.694212e+01 2.033485e+01
      vertex   -1.927566e+00 3.294214e+01 1.992257e+01
    endloop
  endfacet
  facet normal -9.999944e-01 3.338194e-03 -1.664474e-15
    outer loop
      vertex   -1.930236e+00 3.214215e+01 2.072257e+01
      vertex   -1.927566e+00 3.294214e+01 1.992257e+01
      vertex   -1.930233e+00 3.214324e+01 2.068070e+01
    endloop
  endfacet
  facet normal -9.999944e-01 3.338194e-03 -1.095599e-16
    outer loop
      vertex   -1.930233e+00 3.214324e+01 2.068070e+01
      vertex   -1.927566e+00 3.294214e+01 1.992257e+01
      vertex   -1.930222e+00 3.214653e+01 2.063895e+01
    endloop
  endfacet
  facet normal -9.999944e-01 3.338194e-03 1.120168e-15
    outer loop
      vertex   -1.930222e+00 3.214653e+01 2.063895e+01
      vertex   -1.927566e+00 3.294214e+01 1.992257e+01
      vertex   -1.930203e+00 3.215200e+01 2.059742e+01
    endloop
  endfacet
  facet normal -9.999944e-01 3.338194e-03 -1.188249e-15
    outer loop
      vertex   -1.930203e+00 3.215200e+01 2.059742e+01
      vertex   -1.927566e+00 3.294214e+01 1.992257e+01
      vertex   -1.930178e+00 3.215963e+01 2.055624e+01
    endloop
  endfacet
  facet normal -9.999944e-01 3.338194e-03 3.042441e-15
    outer loop
      vertex   -1.930178e+00 3.215963e+01 2.055624e+01
      vertex   -1.927566e+00 3.294214e+01 1.992257e+01
      vertex   -1.930145e+00 3.216940e+01 2.051551e+01
    endloop
  endfacet
  facet normal -9.999944e-01 3.338194e-03 -3.240227e-15
    outer loop
      vertex   -1.930145e+00 3.216940e+01 2.051551e+01
      vertex   -1.927566e+00 3.294214e+01 1.992257e+01
      vertex   -1.930106e+00 3.218130e+01 2.047536e+01
    endloop
  endfacet
  facet normal -9.999944e-01 3.338194e-03 8.010906e-15
    outer loop
      vertex   -1.930106e+00 3.218130e+01 2.047536e+01
      vertex   -1.927566e+00 3.294214e+01 1.992257e+01
      vertex   -1.930059e+00 3.219528e+01 2.043587e+01
    endloop
  endfacet
  facet normal -9.999944e-01 3.338194e-03 -6.745810e-15
    outer loop
      vertex   -1.930059e+00 3.219528e+01 2.043587e+01
      vertex   -1.927566e+00 3.294214e+01 1.992257e+01
      vertex   -1.930005e+00 3.221131e+01 2.039718e+01
    endloop
  endfacet
  facet normal -9.999944e-01 3.338194e-03 6.301198e-16
    outer loop
      vertex   -1.930005e+00 3.221131e+01 2.039718e+01
      vertex   -1.927566e+00 3.294214e+01 1.992257e+01
      vertex   -1.929945e+00 3.222934e+01 2.035938e+01
    endloop
  endfacet
  facet normal -9.999944e-01 3.338194e-03 1.143102e-14
    outer loop
      vertex   -1.929945e+00 3.222934e+01 2.035938e+01
      vertex   -1.927566e+00 3.294214e+01 1.992257e+01
      vertex   -1.929879e+00 3.224932e+01 2.032257e+01
    endloop
  endfacet
  facet normal -9.999944e-01 3.338194e-03 -2.570727e-16
    outer loop
      vertex   -1.929879e+00 3.224932e+01 2.032257e+01
      vertex   -1.927566e+00 3.294214e+01 1.992257e+01
      vertex   -1.929805e+00 3.227121e+01 2.028686e+01
    endloop
  endfacet
  facet normal -9.999944e-01 3.338194e-03 -1.019733e-14
    outer loop
      vertex   -1.929805e+00 3.227121e+01 2.028686e+01
      vertex   -1.927566e+00 3.294214e+01 1.992257e+01
      vertex   -1.929726e+00 3.229493e+01 2.025234e+01
    endloop
  endfacet
  facet normal -9.999944e-01 3.338194e-03 3.360648e-15
    outer loop
      vertex   -1.929726e+00 3.229493e+01 2.025234e+01
      vertex   -1.927566e+00 3.294214e+01 1.992257e+01
      vertex   -1.929641e+00 3.232043e+01 2.021911e+01
    endloop
  endfacet
  facet normal -9.999944e-01 3.338194e-03 7.399095e-15
    outer loop
      vertex   -1.929641e+00 3.232043e+01 2.021911e+01
      vertex   -1.927566e+00 3.294214e+01 1.992257e+01
      vertex   -1.929550e+00 3.234763e+01 2.018726e+01
    endloop
  endfacet
  facet normal -9.999944e-01 3.338194e-03 -1.428617e-14
    outer loop
      vertex   -1.929550e+00 3.234763e+01 2.018726e+01
      vertex   -1.927566e+00 3.294214e+01 1.992257e+01
      vertex   -1.929454e+00 3.237646e+01 2.015688e+01
    endloop
  endfacet
  facet normal -9.999944e-01 3.338194e-03 7.174569e-15
    outer loop
      vertex   -1.929454e+00 3.237646e+01 2.015688e+01
      vertex   -1.927566e+00 3.294214e+01 1.992257e+01
      vertex   -1.929353e+00 3.240684e+01 2.012805e+01
    endloop
  endfacet
  facet normal -9.999944e-01 3.338194e-03 -4.840574e-15
    outer loop
      vertex   -1.929353e+00 3.240684e+01 2.012805e+01
      vertex   -1.927566e+00 3.294214e+01 1.992257e+01
      vertex   -1.929246e+00 3.243869e+01 2.010085e+01
    endloop
  endfacet
  facet normal -9.999944e-01 3.338194e-03 -1.148996e-14
    outer loop
      vertex   -1.929246e+00 3.243869e+01 2.010085e+01
      vertex   -1.927566e+00 3.294214e+01 1.992257e+01
      vertex   -1.929135e+00 3.247192e+01 2.007536e+01
    endloop
  endfacet
  facet normal -9.999944e-01 3.338194e-03 8.396430e-15
    outer loop
      vertex   -1.929135e+00 3.247192e+01 2.007536e+01
      vertex   -1.927566e+00 3.294214e+01 1.992257e+01
      vertex   -1.929020e+00 3.250643e+01 2.005163e+01
    endloop
  endfacet
  facet normal -9.999944e-01 3.338194e-03 2.127527e-14
    outer loop
      vertex   -1.929020e+00 3.250643e+01 2.005163e+01
      vertex   -1.927566e+00 3.294214e+01 1.992257e+01
      vertex   -1.928901e+00 3.254214e+01 2.002975e+01
    endloop
  endfacet
  facet normal -9.999944e-01 3.338194e-03 -2.229175e-14
    outer loop
      vertex   -1.928901e+00 3.254214e+01 2.002975e+01
      vertex   -1.927566e+00 3.294214e+01 1.992257e+01
      vertex   -1.928778e+00 3.257895e+01 2.000976e+01
    endloop
  endfacet
  facet normal -9.999944e-01 3.338194e-03 1.475115e-14
    outer loop
      vertex   -1.928778e+00 3.257895e+01 2.000976e+01
      vertex   -1.927566e+00 3.294214e+01 1.992257e+01
      vertex   -1.928652e+00 3.261675e+01 1.999173e+01
    endloop
  endfacet
  facet normal -9.999944e-01 3.338194e-03 6.317884e-15
    outer loop
      vertex   -1.928652e+00 3.261675e+01 1.999173e+01
      vertex   -1.927566e+00 3.294214e+01 1.992257e+01
      vertex   -1.928523e+00 3.265545e+01 1.997570e+01
    endloop
  endfacet
  facet normal -9.999944e-01 3.338194e-03 -1.187165e-14
    outer loop
      vertex   -1.928523e+00 3.265545e+01 1.997570e+01
      vertex   -1.927566e+00 3.294214e+01 1.992257e+01
      vertex   -1.928391e+00 3.269493e+01 1.996172e+01
    endloop
  endfacet
  facet normal -9.999944e-01 3.338194e-03 3.704091e-14
    outer loop
      vertex   -1.928391e+00 3.269493e+01 1.996172e+01
      vertex   -1.927566e+00 3.294214e+01 1.992257e+01
      vertex   -1.928257e+00 3.273509e+01 1.994983e+01
    endloop
  endfacet
  facet normal -9.999944e-01 3.338194e-03 -2.125577e-14
    outer loop
      vertex   -1.928257e+00 3.273509e+01 1.994983e+01
      vertex   -1.927566e+00 3.294214e+01 1.992257e+01
      vertex   -1.928121e+00 3.277581e+01 1.994005e+01
    endloop
  endfacet
  facet normal -9.999944e-01 3.338194e-03 -1.457400e-14
    outer loop
      vertex   -1.928121e+00 3.277581e+01 1.994005e+01
      vertex   -1.927566e+00 3.294214e+01 1.992257e+01
      vertex   -1.927984e+00 3.281699e+01 1.993242e+01
    endloop
  endfacet
  facet normal -9.999944e-01 3.338194e-03 4.871588e-14
    outer loop
      vertex   -1.927984e+00 3.281699e+01 1.993242e+01
      vertex   -1.927566e+00 3.294214e+01 1.992257e+01
      vertex   -1.927845e+00 3.285852e+01 1.992695e+01
    endloop
  endfacet
  facet normal -9.999944e-01 3.338194e-03 -1.373157e-13
    outer loop
      vertex   -1.927845e+00 3.285852e+01 1.992695e+01
      vertex   -1.927566e+00 3.294214e+01 1.992257e+01
      vertex   -1.927706e+00 3.290027e+01 1.992367e+01
    endloop
  endfacet
  facet normal -9.999944e-01 3.338194e-03 1.129462e-15
    outer loop
      vertex   -1.914213e+00 3.694212e+01 2.033485e+01
      vertex   -1.915589e+00 3.652984e+01 1.992257e+01
      vertex   -1.927566e+00 3.294214e+01 1.992257e+01
    endloop
  endfacet
  facet normal -9.999944e-01 3.338194e-03 8.591822e-17
    outer loop
      vertex   -1.976975e+00 1.814113e+01 2.068070e+01
      vertex   -1.976986e+00 1.813784e+01 2.063895e+01
      vertex   -1.979642e+00 1.734223e+01 1.992257e+01
    endloop
  endfacet
  facet normal -9.999944e-01 3.338194e-03 4.905282e-15
    outer loop
      vertex   -1.979642e+00 1.734223e+01 1.992257e+01
      vertex   -1.976986e+00 1.813784e+01 2.063895e+01
      vertex   -1.977004e+00 1.813237e+01 2.059742e+01
    endloop
  endfacet
  facet normal -9.999944e-01 3.338194e-03 -4.871644e-15
    outer loop
      vertex   -1.979642e+00 1.734223e+01 1.992257e+01
      vertex   -1.977004e+00 1.813237e+01 2.059742e+01
      vertex   -1.977029e+00 1.812474e+01 2.055624e+01
    endloop
  endfacet
  facet normal -9.999944e-01 3.338194e-03 3.284023e-15
    outer loop
      vertex   -1.977029e+00 1.812474e+01 2.055624e+01
      vertex   -1.977062e+00 1.811496e+01 2.051551e+01
      vertex   -1.979642e+00 1.734223e+01 1.992257e+01
    endloop
  endfacet
  facet normal -9.999944e-01 3.338194e-03 -3.915862e-15
    outer loop
      vertex   -1.979642e+00 1.734223e+01 1.992257e+01
      vertex   -1.977062e+00 1.811496e+01 2.051551e+01
      vertex   -1.977102e+00 1.810307e+01 2.047536e+01
    endloop
  endfacet
  facet normal -9.999944e-01 3.338194e-03 6.586288e-15
    outer loop
      vertex   -1.979642e+00 1.734223e+01 1.992257e+01
      vertex   -1.977102e+00 1.810307e+01 2.047536e+01
      vertex   -1.977148e+00 1.808909e+01 2.043587e+01
    endloop
  endfacet
  facet normal -9.999944e-01 3.338194e-03 -6.848533e-16
    outer loop
      vertex   -1.977148e+00 1.808909e+01 2.043587e+01
      vertex   -1.977202e+00 1.807306e+01 2.039718e+01
      vertex   -1.979642e+00 1.734223e+01 1.992257e+01
    endloop
  endfacet
  facet normal -9.999944e-01 3.338194e-03 -6.353529e-16
    outer loop
      vertex   -1.979642e+00 1.734223e+01 1.992257e+01
      vertex   -1.977202e+00 1.807306e+01 2.039718e+01
      vertex   -1.977262e+00 1.805503e+01 2.035938e+01
    endloop
  endfacet
  facet normal -9.999944e-01 3.338194e-03 -2.388592e-15
    outer loop
      vertex   -1.979642e+00 1.734223e+01 1.992257e+01
      vertex   -1.977262e+00 1.805503e+01 2.035938e+01
      vertex   -1.977329e+00 1.803504e+01 2.032257e+01
    endloop
  endfacet
  facet normal -9.999944e-01 3.338194e-03 1.074680e-15
    outer loop
      vertex   -1.977329e+00 1.803504e+01 2.032257e+01
      vertex   -1.977402e+00 1.801316e+01 2.028686e+01
      vertex   -1.979642e+00 1.734223e+01 1.992257e+01
    endloop
  endfacet
  facet normal -9.999944e-01 3.338194e-03 -7.744447e-16
    outer loop
      vertex   -1.979642e+00 1.734223e+01 1.992257e+01
      vertex   -1.977402e+00 1.801316e+01 2.028686e+01
      vertex   -1.977481e+00 1.798944e+01 2.025234e+01
    endloop
  endfacet
  facet normal -9.999944e-01 3.338194e-03 8.178825e-15
    outer loop
      vertex   -1.979642e+00 1.734223e+01 1.992257e+01
      vertex   -1.977481e+00 1.798944e+01 2.025234e+01
      vertex   -1.977566e+00 1.796394e+01 2.021911e+01
    endloop
  endfacet
  facet normal -9.999944e-01 3.338194e-03 -6.884644e-15
    outer loop
      vertex   -1.977566e+00 1.796394e+01 2.021911e+01
      vertex   -1.977657e+00 1.793674e+01 2.018726e+01
      vertex   -1.979642e+00 1.734223e+01 1.992257e+01
    endloop
  endfacet
  facet normal -9.999944e-01 3.338194e-03 2.235454e-15
    outer loop
      vertex   -1.979642e+00 1.734223e+01 1.992257e+01
      vertex   -1.977657e+00 1.793674e+01 2.018726e+01
      vertex   -1.977753e+00 1.790791e+01 2.015688e+01
    endloop
  endfacet
  facet normal -9.999944e-01 3.338194e-03 -7.904444e-15
    outer loop
      vertex   -1.979642e+00 1.734223e+01 1.992257e+01
      vertex   -1.977753e+00 1.790791e+01 2.015688e+01
      vertex   -1.977855e+00 1.787753e+01 2.012805e+01
    endloop
  endfacet
  facet normal -9.999944e-01 3.338194e-03 4.793653e-15
    outer loop
      vertex   -1.977855e+00 1.787753e+01 2.012805e+01
      vertex   -1.977961e+00 1.784568e+01 2.010085e+01
      vertex   -1.979642e+00 1.734223e+01 1.992257e+01
    endloop
  endfacet
  facet normal -9.999944e-01 3.338194e-03 -3.019066e-15
    outer loop
      vertex   -1.979642e+00 1.734223e+01 1.992257e+01
      vertex   -1.977961e+00 1.784568e+01 2.010085e+01
      vertex   -1.978072e+00 1.781245e+01 2.007536e+01
    endloop
  endfacet
  facet normal -9.999944e-01 3.338194e-03 -1.152262e-14
    outer loop
      vertex   -1.979642e+00 1.734223e+01 1.992257e+01
      vertex   -1.978072e+00 1.781245e+01 2.007536e+01
      vertex   -1.978187e+00 1.777794e+01 2.005163e+01
    endloop
  endfacet
  facet normal -9.999944e-01 3.338194e-03 1.735756e-14
    outer loop
      vertex   -1.978187e+00 1.777794e+01 2.005163e+01
      vertex   -1.978306e+00 1.774223e+01 2.002975e+01
      vertex   -1.979642e+00 1.734223e+01 1.992257e+01
    endloop
  endfacet
  facet normal -9.999944e-01 3.338194e-03 3.544880e-15
    outer loop
      vertex   -1.979642e+00 1.734223e+01 1.992257e+01
      vertex   -1.978306e+00 1.774223e+01 2.002975e+01
      vertex   -1.978429e+00 1.770542e+01 2.000976e+01
    endloop
  endfacet
  facet normal -9.999944e-01 3.338194e-03 -1.462122e-14
    outer loop
      vertex   -1.979642e+00 1.734223e+01 1.992257e+01
      vertex   -1.978429e+00 1.770542e+01 2.000976e+01
      vertex   -1.978555e+00 1.766762e+01 1.999173e+01
    endloop
  endfacet
  facet normal -9.999944e-01 3.338194e-03 -7.658503e-15
    outer loop
      vertex   -1.978555e+00 1.766762e+01 1.999173e+01
      vertex   -1.978685e+00 1.762892e+01 1.997570e+01
      vertex   -1.979642e+00 1.734223e+01 1.992257e+01
    endloop
  endfacet
  facet normal -9.999944e-01 3.338194e-03 4.342000e-14
    outer loop
      vertex   -1.979642e+00 1.734223e+01 1.992257e+01
      vertex   -1.978685e+00 1.762892e+01 1.997570e+01
      vertex   -1.978816e+00 1.758944e+01 1.996172e+01
    endloop
  endfacet
  facet normal -9.999944e-01 3.338194e-03 -2.873552e-14
    outer loop
      vertex   -1.979642e+00 1.734223e+01 1.992257e+01
      vertex   -1.978816e+00 1.758944e+01 1.996172e+01
      vertex   -1.978950e+00 1.754928e+01 1.994983e+01
    endloop
  endfacet
  facet normal -9.999944e-01 3.338194e-03 3.383314e-14
    outer loop
      vertex   -1.978950e+00 1.754928e+01 1.994983e+01
      vertex   -1.979086e+00 1.750856e+01 1.994005e+01
      vertex   -1.979642e+00 1.734223e+01 1.992257e+01
    endloop
  endfacet
  facet normal -9.999944e-01 3.338194e-03 2.491039e-14
    outer loop
      vertex   -1.979642e+00 1.734223e+01 1.992257e+01
      vertex   -1.979086e+00 1.750856e+01 1.994005e+01
      vertex   -1.979224e+00 1.746737e+01 1.993242e+01
    endloop
  endfacet
  facet normal -9.999944e-01 3.338194e-03 -1.125995e-13
    outer loop
      vertex   -1.979642e+00 1.734223e+01 1.992257e+01
      vertex   -1.979224e+00 1.746737e+01 1.993242e+01
      vertex   -1.979362e+00 1.742585e+01 1.992695e+01
    endloop
  endfacet
  facet normal -9.999944e-01 3.338194e-03 1.373116e-13
    outer loop
      vertex   -1.979362e+00 1.742585e+01 1.992695e+01
      vertex   -1.979502e+00 1.738410e+01 1.992367e+01
      vertex   -1.979642e+00 1.734223e+01 1.992257e+01
    endloop
  endfacet
  facet normal -7.523776e-01 -6.585046e-01 -1.730885e-02
    outer loop
      vertex   -1.730905e+00 3.194148e+01 2.072257e+01
      vertex   -1.730900e+00 3.194285e+01 2.067023e+01
      vertex   -1.730603e+00 3.194178e+01 2.069803e+01
    endloop
  endfacet
  facet normal -3.765316e-02 -9.985659e-01 -3.805829e-02
    outer loop
      vertex   -1.730603e+00 3.194178e+01 2.069803e+01
      vertex   -1.730900e+00 3.194285e+01 2.067023e+01
      vertex   -1.729696e+00 3.194268e+01 2.067350e+01
    endloop
  endfacet
  facet normal 2.140524e-02 -9.979818e-01 -5.978341e-02
    outer loop
      vertex   -1.729696e+00 3.194268e+01 2.067350e+01
      vertex   -1.730900e+00 3.194285e+01 2.067023e+01
      vertex   -1.728186e+00 3.194418e+01 2.064900e+01
    endloop
  endfacet
  facet normal -1.244511e-01 -9.891648e-01 -7.787784e-02
    outer loop
      vertex   -1.728186e+00 3.194418e+01 2.064900e+01
      vertex   -1.730900e+00 3.194285e+01 2.067023e+01
      vertex   -1.730887e+00 3.194696e+01 2.061804e+01
    endloop
  endfacet
  facet normal -2.224047e-02 -9.959252e-01 -8.739769e-02
    outer loop
      vertex   -1.728186e+00 3.194418e+01 2.064900e+01
      vertex   -1.730887e+00 3.194696e+01 2.061804e+01
      vertex   -1.726074e+00 3.194628e+01 2.062455e+01
    endloop
  endfacet
  facet normal 7.317587e-03 -9.940097e-01 -1.090468e-01
    outer loop
      vertex   -1.726074e+00 3.194628e+01 2.062455e+01
      vertex   -1.730887e+00 3.194696e+01 2.061804e+01
      vertex   -1.723359e+00 3.194897e+01 2.060016e+01
    endloop
  endfacet
  facet normal -4.439820e-02 -9.904648e-01 -1.304157e-01
    outer loop
      vertex   -1.723359e+00 3.194897e+01 2.060016e+01
      vertex   -1.730887e+00 3.194696e+01 2.061804e+01
      vertex   -1.730864e+00 3.195379e+01 2.056613e+01
    endloop
  endfacet
  facet normal -1.719333e-02 -9.905017e-01 -1.364213e-01
    outer loop
      vertex   -1.723359e+00 3.194897e+01 2.060016e+01
      vertex   -1.730864e+00 3.195379e+01 2.056613e+01
      vertex   -1.720045e+00 3.195227e+01 2.057584e+01
    endloop
  endfacet
  facet normal 2.546809e-03 -9.874442e-01 -1.579479e-01
    outer loop
      vertex   -1.720045e+00 3.195227e+01 2.057584e+01
      vertex   -1.730864e+00 3.195379e+01 2.056613e+01
      vertex   -1.716134e+00 3.195615e+01 2.055161e+01
    endloop
  endfacet
  facet normal -2.208231e-02 -9.830133e-01 -1.822009e-01
    outer loop
      vertex   -1.716134e+00 3.195615e+01 2.055161e+01
      vertex   -1.730864e+00 3.195379e+01 2.056613e+01
      vertex   -1.730832e+00 3.196333e+01 2.051466e+01
    endloop
  endfacet
  facet normal -1.466676e-02 -9.826152e-01 -1.850734e-01
    outer loop
      vertex   -1.716134e+00 3.195615e+01 2.055161e+01
      vertex   -1.730832e+00 3.196333e+01 2.051466e+01
      vertex   -1.711626e+00 3.196063e+01 2.052748e+01
    endloop
  endfacet
  facet normal 1.614677e-04 -9.784653e-01 -2.064112e-01
    outer loop
      vertex   -1.711626e+00 3.196063e+01 2.052748e+01
      vertex   -1.730832e+00 3.196333e+01 2.051466e+01
      vertex   -1.706526e+00 3.196570e+01 2.050347e+01
    endloop
  endfacet
  facet normal -1.288037e-02 -9.722873e-01 -2.334341e-01
    outer loop
      vertex   -1.706526e+00 3.196570e+01 2.050347e+01
      vertex   -1.730832e+00 3.196333e+01 2.051466e+01
      vertex   -1.730791e+00 3.197555e+01 2.046375e+01
    endloop
  endfacet
  facet normal -1.314508e-02 -9.723206e-01 -2.332807e-01
    outer loop
      vertex   -1.706526e+00 3.196570e+01 2.050347e+01
      vertex   -1.730791e+00 3.197555e+01 2.046375e+01
      vertex   -1.700836e+00 3.197135e+01 2.047959e+01
    endloop
  endfacet
  facet normal -1.257691e-03 -9.671043e-01 -2.543772e-01
    outer loop
      vertex   -1.700836e+00 3.197135e+01 2.047959e+01
      vertex   -1.730791e+00 3.197555e+01 2.046375e+01
      vertex   -1.694560e+00 3.197758e+01 2.045586e+01
    endloop
  endfacet
  facet normal -7.136004e-03 -9.601022e-01 -2.795582e-01
    outer loop
      vertex   -1.694560e+00 3.197758e+01 2.045586e+01
      vertex   -1.730791e+00 3.197555e+01 2.046375e+01
      vertex   -1.687702e+00 3.198439e+01 2.043228e+01
    endloop
  endfacet
  facet normal -1.066457e-02 -9.587610e-01 -2.840134e-01
    outer loop
      vertex   -1.687702e+00 3.198439e+01 2.043228e+01
      vertex   -1.730791e+00 3.197555e+01 2.046375e+01
      vertex   -1.730742e+00 3.199042e+01 2.041355e+01
    endloop
  endfacet
  facet normal -2.199528e-03 -9.533896e-01 -3.017342e-01
    outer loop
      vertex   -1.687702e+00 3.198439e+01 2.043228e+01
      vertex   -1.730742e+00 3.199042e+01 2.041355e+01
      vertex   -1.680265e+00 3.199178e+01 2.040889e+01
    endloop
  endfacet
  facet normal -4.634425e-03 -9.454391e-01 -3.257660e-01
    outer loop
      vertex   -1.680265e+00 3.199178e+01 2.040889e+01
      vertex   -1.730742e+00 3.199042e+01 2.041355e+01
      vertex   -1.672254e+00 3.199974e+01 2.038568e+01
    endloop
  endfacet
  facet normal -8.916404e-03 -9.426009e-01 -3.338025e-01
    outer loop
      vertex   -1.672254e+00 3.199974e+01 2.038568e+01
      vertex   -1.730742e+00 3.199042e+01 2.041355e+01
      vertex   -1.730683e+00 3.200790e+01 2.036420e+01
    endloop
  endfacet
  facet normal -2.850305e-03 -9.373720e-01 -3.483184e-01
    outer loop
      vertex   -1.672254e+00 3.199974e+01 2.038568e+01
      vertex   -1.730683e+00 3.200790e+01 2.036420e+01
      vertex   -1.663674e+00 3.200826e+01 2.036267e+01
    endloop
  endfacet
  facet normal -3.425645e-03 -9.284522e-01 -3.714361e-01
    outer loop
      vertex   -1.663674e+00 3.200826e+01 2.036267e+01
      vertex   -1.730683e+00 3.200790e+01 2.036420e+01
      vertex   -1.654531e+00 3.201735e+01 2.033989e+01
    endloop
  endfacet
  facet normal -7.584874e-03 -9.238519e-01 -3.826750e-01
    outer loop
      vertex   -1.654531e+00 3.201735e+01 2.033989e+01
      vertex   -1.730683e+00 3.200790e+01 2.036420e+01
      vertex   -1.730616e+00 3.202793e+01 2.031583e+01
    endloop
  endfacet
  facet normal -3.315120e-03 -9.190716e-01 -3.940767e-01
    outer loop
      vertex   -1.654531e+00 3.201735e+01 2.033989e+01
      vertex   -1.730616e+00 3.202793e+01 2.031583e+01
      vertex   -1.644829e+00 3.202698e+01 2.031733e+01
    endloop
  endfacet
  facet normal -2.817439e-03 -9.091991e-01 -4.163522e-01
    outer loop
      vertex   -1.644829e+00 3.202698e+01 2.031733e+01
      vertex   -1.730616e+00 3.202793e+01 2.031583e+01
      vertex   -1.634574e+00 3.203717e+01 2.029501e+01
    endloop
  endfacet
  facet normal -6.523497e-03 -9.025641e-01 -4.305061e-01
    outer loop
      vertex   -1.634574e+00 3.203717e+01 2.029501e+01
      vertex   -1.730616e+00 3.202793e+01 2.031583e+01
      vertex   -1.730541e+00 3.205047e+01 2.026858e+01
    endloop
  endfacet
  facet normal -3.663199e-03 -8.985446e-01 -4.388669e-01
    outer loop
      vertex   -1.634574e+00 3.203717e+01 2.029501e+01
      vertex   -1.730541e+00 3.205047e+01 2.026858e+01
      vertex   -1.623774e+00 3.204790e+01 2.027296e+01
    endloop
  endfacet
  facet normal -2.520601e-03 -8.877263e-01 -4.603646e-01
    outer loop
      vertex   -1.623774e+00 3.204790e+01 2.027296e+01
      vertex   -1.730541e+00 3.205047e+01 2.026858e+01
      vertex   -1.612433e+00 3.205916e+01 2.025117e+01
    endloop
  endfacet
  facet normal -5.653283e-03 -8.787970e-01 -4.771623e-01
    outer loop
      vertex   -1.612433e+00 3.205916e+01 2.025117e+01
      vertex   -1.730541e+00 3.205047e+01 2.026858e+01
      vertex   -1.730458e+00 3.207545e+01 2.022257e+01
    endloop
  endfacet
  facet normal -3.923515e-03 -8.758274e-01 -4.826085e-01
    outer loop
      vertex   -1.612433e+00 3.205916e+01 2.025117e+01
      vertex   -1.730458e+00 3.207545e+01 2.022257e+01
      vertex   -1.600559e+00 3.207096e+01 2.022967e+01
    endloop
  endfacet
  facet normal -2.386049e-03 -8.641035e-01 -5.033086e-01
    outer loop
      vertex   -1.600559e+00 3.207096e+01 2.022967e+01
      vertex   -1.730458e+00 3.207545e+01 2.022257e+01
      vertex   -1.588159e+00 3.208327e+01 2.020847e+01
    endloop
  endfacet
  facet normal -4.918352e-03 -8.526281e-01 -5.224952e-01
    outer loop
      vertex   -1.588159e+00 3.208327e+01 2.020847e+01
      vertex   -1.730458e+00 3.207545e+01 2.022257e+01
      vertex   -1.730366e+00 3.210281e+01 2.017793e+01
    endloop
  endfacet
  facet normal -4.119357e-03 -8.509889e-01 -5.251675e-01
    outer loop
      vertex   -1.588159e+00 3.208327e+01 2.020847e+01
      vertex   -1.730366e+00 3.210281e+01 2.017793e+01
      vertex   -1.575242e+00 3.209611e+01 2.018757e+01
    endloop
  endfacet
  facet normal -2.334432e-03 -8.383617e-01 -5.451093e-01
    outer loop
      vertex   -1.575242e+00 3.209611e+01 2.018757e+01
      vertex   -1.730366e+00 3.210281e+01 2.017793e+01
      vertex   -1.561813e+00 3.210945e+01 2.016700e+01
    endloop
  endfacet
  facet normal -4.276630e-03 -8.241152e-01 -5.664060e-01
    outer loop
      vertex   -1.561813e+00 3.210945e+01 2.016700e+01
      vertex   -1.730366e+00 3.210281e+01 2.017793e+01
      vertex   -1.730267e+00 3.213246e+01 2.013478e+01
    endloop
  endfacet
  facet normal -1.722633e-03 -8.179174e-01 -5.753331e-01
    outer loop
      vertex   -1.561813e+00 3.210945e+01 2.016700e+01
      vertex   -1.730267e+00 3.213246e+01 2.013478e+01
      vertex   -1.533457e+00 3.213761e+01 2.012687e+01
    endloop
  endfacet
  facet normal -3.709842e-03 -7.933484e-01 -6.087566e-01
    outer loop
      vertex   -1.533457e+00 3.213761e+01 2.012687e+01
      vertex   -1.730267e+00 3.213246e+01 2.013478e+01
      vertex   -1.730161e+00 3.216433e+01 2.009325e+01
    endloop
  endfacet
  facet normal -2.006962e-03 -7.885794e-01 -6.149296e-01
    outer loop
      vertex   -1.533457e+00 3.213761e+01 2.012687e+01
      vertex   -1.730161e+00 3.216433e+01 2.009325e+01
      vertex   -1.503159e+00 3.216771e+01 2.008818e+01
    endloop
  endfacet
  facet normal -3.197730e-03 -7.603971e-01 -6.494506e-01
    outer loop
      vertex   -1.503159e+00 3.216771e+01 2.008818e+01
      vertex   -1.730161e+00 3.216433e+01 2.009325e+01
      vertex   -1.730048e+00 3.219833e+01 2.005344e+01
    endloop
  endfacet
  facet normal -2.236332e-03 -7.573312e-01 -6.530272e-01
    outer loop
      vertex   -1.503159e+00 3.216771e+01 2.008818e+01
      vertex   -1.730048e+00 3.219833e+01 2.005344e+01
      vertex   -1.470993e+00 3.219966e+01 2.005101e+01
    endloop
  endfacet
  facet normal -2.731413e-03 -7.253669e-01 -6.883570e-01
    outer loop
      vertex   -1.470993e+00 3.219966e+01 2.005101e+01
      vertex   -1.730048e+00 3.219833e+01 2.005344e+01
      vertex   -1.729927e+00 3.223437e+01 2.001546e+01
    endloop
  endfacet
  facet normal -2.417670e-03 -7.242409e-01 -6.895428e-01
    outer loop
      vertex   -1.470993e+00 3.219966e+01 2.005101e+01
      vertex   -1.729927e+00 3.223437e+01 2.001546e+01
      vertex   -1.437036e+00 3.223339e+01 2.001546e+01
    endloop
  endfacet
  facet normal -2.301827e-03 -6.895390e-01 -7.242449e-01
    outer loop
      vertex   -1.437036e+00 3.223339e+01 2.001546e+01
      vertex   -1.729927e+00 3.223437e+01 2.001546e+01
      vertex   -1.401369e+00 3.226882e+01 1.998162e+01
    endloop
  endfacet
  facet normal -2.542308e-03 -6.883526e-01 -7.253718e-01
    outer loop
      vertex   -1.401369e+00 3.226882e+01 1.998162e+01
      vertex   -1.729927e+00 3.223437e+01 2.001546e+01
      vertex   -1.729800e+00 3.227235e+01 1.997942e+01
    endloop
  endfacet
  facet normal -1.954157e-03 -6.532986e-01 -7.570978e-01
    outer loop
      vertex   -1.401369e+00 3.226882e+01 1.998162e+01
      vertex   -1.729800e+00 3.227235e+01 1.997942e+01
      vertex   -1.364080e+00 3.230586e+01 1.994956e+01
    endloop
  endfacet
  facet normal -2.578064e-03 -6.494404e-01 -7.604081e-01
    outer loop
      vertex   -1.364080e+00 3.230586e+01 1.994956e+01
      vertex   -1.729800e+00 3.227235e+01 1.997942e+01
      vertex   -1.729668e+00 3.231216e+01 1.994542e+01
    endloop
  endfacet
  facet normal -1.679079e-03 -6.154595e-01 -7.881667e-01
    outer loop
      vertex   -1.364080e+00 3.230586e+01 1.994956e+01
      vertex   -1.729668e+00 3.231216e+01 1.994542e+01
      vertex   -1.325257e+00 3.234443e+01 1.991936e+01
    endloop
  endfacet
  facet normal -2.548073e-03 -6.087575e-01 -7.933523e-01
    outer loop
      vertex   -1.325257e+00 3.234443e+01 1.991936e+01
      vertex   -1.729668e+00 3.231216e+01 1.994542e+01
      vertex   -1.729529e+00 3.235369e+01 1.991355e+01
    endloop
  endfacet
  facet normal -1.455251e-03 -5.761235e-01 -8.173613e-01
    outer loop
      vertex   -1.325257e+00 3.234443e+01 1.991936e+01
      vertex   -1.729529e+00 3.235369e+01 1.991355e+01
      vertex   -1.284994e+00 3.238442e+01 1.989110e+01
    endloop
  endfacet
  facet normal -2.468993e-03 -5.664015e-01 -8.241258e-01
    outer loop
      vertex   -1.284994e+00 3.238442e+01 1.989110e+01
      vertex   -1.729529e+00 3.235369e+01 1.991355e+01
      vertex   -1.729385e+00 3.239684e+01 1.988390e+01
    endloop
  endfacet
  facet normal -1.269751e-03 -5.353632e-01 -8.446210e-01
    outer loop
      vertex   -1.284994e+00 3.238442e+01 1.989110e+01
      vertex   -1.729385e+00 3.239684e+01 1.988390e+01
      vertex   -1.243388e+00 3.242575e+01 1.986484e+01
    endloop
  endfacet
  facet normal -2.350065e-03 -5.224912e-01 -8.526414e-01
    outer loop
      vertex   -1.243388e+00 3.242575e+01 1.986484e+01
      vertex   -1.729385e+00 3.239684e+01 1.988390e+01
      vertex   -1.729236e+00 3.244148e+01 1.985654e+01
    endloop
  endfacet
  facet normal -1.111441e-03 -4.933047e-01 -8.698559e-01
    outer loop
      vertex   -1.243388e+00 3.242575e+01 1.986484e+01
      vertex   -1.729236e+00 3.244148e+01 1.985654e+01
      vertex   -1.200540e+00 3.246831e+01 1.984065e+01
    endloop
  endfacet
  facet normal -2.200850e-03 -4.771522e-01 -8.788179e-01
    outer loop
      vertex   -1.200540e+00 3.246831e+01 1.984065e+01
      vertex   -1.729236e+00 3.244148e+01 1.985654e+01
      vertex   -1.729082e+00 3.248749e+01 1.983156e+01
    endloop
  endfacet
  facet normal -9.731350e-04 -4.500310e-01 -8.930124e-01
    outer loop
      vertex   -1.200540e+00 3.246831e+01 1.984065e+01
      vertex   -1.729082e+00 3.248749e+01 1.983156e+01
      vertex   -1.156552e+00 3.251201e+01 1.981858e+01
    endloop
  endfacet
  facet normal -2.026262e-03 -4.305117e-01 -9.025827e-01
    outer loop
      vertex   -1.156552e+00 3.251201e+01 1.981858e+01
      vertex   -1.729082e+00 3.248749e+01 1.983156e+01
      vertex   -1.728925e+00 3.253474e+01 1.980902e+01
    endloop
  endfacet
  facet normal -8.486985e-04 -4.056668e-01 -9.140206e-01
    outer loop
      vertex   -1.156552e+00 3.251201e+01 1.981858e+01
      vertex   -1.728925e+00 3.253474e+01 1.980902e+01
      vertex   -1.111531e+00 3.255673e+01 1.979869e+01
    endloop
  endfacet
  facet normal -1.832745e-03 -3.826749e-01 -9.238813e-01
    outer loop
      vertex   -1.111531e+00 3.255673e+01 1.979869e+01
      vertex   -1.728925e+00 3.253474e+01 1.980902e+01
      vertex   -1.728763e+00 3.258311e+01 1.978899e+01
    endloop
  endfacet
  facet normal -7.358257e-04 -3.602995e-01 -9.328364e-01
    outer loop
      vertex   -1.111531e+00 3.255673e+01 1.979869e+01
      vertex   -1.728763e+00 3.258311e+01 1.978899e+01
      vertex   -1.065585e+00 3.260237e+01 1.978102e+01
    endloop
  endfacet
  facet normal -1.623191e-03 -3.338044e-01 -9.426410e-01
    outer loop
      vertex   -1.065585e+00 3.260237e+01 1.978102e+01
      vertex   -1.728763e+00 3.258311e+01 1.978899e+01
      vertex   -1.728598e+00 3.263246e+01 1.977151e+01
    endloop
  endfacet
  facet normal -6.298724e-04 -3.140534e-01 -9.494051e-01
    outer loop
      vertex   -1.065585e+00 3.260237e+01 1.978102e+01
      vertex   -1.728598e+00 3.263246e+01 1.977151e+01
      vertex   -1.018825e+00 3.264882e+01 1.976563e+01
    endloop
  endfacet
  facet normal -1.400550e-03 -2.840099e-01 -9.588203e-01
    outer loop
      vertex   -1.018825e+00 3.264882e+01 1.976563e+01
      vertex   -1.728598e+00 3.263246e+01 1.977151e+01
      vertex   -1.728431e+00 3.268266e+01 1.975664e+01
    endloop
  endfacet
  facet normal -5.304664e-04 -2.670528e-01 -9.636818e-01
    outer loop
      vertex   -1.018825e+00 3.264882e+01 1.976563e+01
      vertex   -1.728431e+00 3.268266e+01 1.975664e+01
      vertex   -9.713624e-01 3.269597e+01 1.975254e+01
    endloop
  endfacet
  facet normal -1.168513e-03 -2.334444e-01 -9.723695e-01
    outer loop
      vertex   -9.713624e-01 3.269597e+01 1.975254e+01
      vertex   -1.728431e+00 3.268266e+01 1.975664e+01
      vertex   -1.728261e+00 3.273356e+01 1.974442e+01
    endloop
  endfacet
  facet normal -4.350809e-04 -2.193841e-01 -9.756385e-01
    outer loop
      vertex   -9.713624e-01 3.269597e+01 1.975254e+01
      vertex   -1.728261e+00 3.273356e+01 1.974442e+01
      vertex   -9.233129e-01 3.274370e+01 1.974178e+01
    endloop
  endfacet
  facet normal -9.277218e-04 -1.822382e-01 -9.832540e-01
    outer loop
      vertex   -9.233129e-01 3.274370e+01 1.974178e+01
      vertex   -1.728261e+00 3.273356e+01 1.974442e+01
      vertex   -1.728089e+00 3.278504e+01 1.973488e+01
    endloop
  endfacet
  facet normal -3.425608e-04 -1.711790e-01 -9.852399e-01
    outer loop
      vertex   -9.233129e-01 3.274370e+01 1.974178e+01
      vertex   -1.728089e+00 3.278504e+01 1.973488e+01
      vertex   -8.747919e-01 3.279190e+01 1.973339e+01
    endloop
  endfacet
  facet normal -6.799896e-04 -1.305244e-01 -9.914449e-01
    outer loop
      vertex   -8.747919e-01 3.279190e+01 1.973339e+01
      vertex   -1.728089e+00 3.278504e+01 1.973488e+01
      vertex   -1.727916e+00 3.283695e+01 1.972805e+01
    endloop
  endfacet
  facet normal -2.536421e-04 -1.225710e-01 -9.924597e-01
    outer loop
      vertex   -8.747919e-01 3.279190e+01 1.973339e+01
      vertex   -1.727916e+00 3.283695e+01 1.972805e+01
      vertex   -8.259162e-01 3.284045e+01 1.972738e+01
    endloop
  endfacet
  facet normal -4.281070e-04 -7.845543e-02 -9.969175e-01
    outer loop
      vertex   -8.259162e-01 3.284045e+01 1.972738e+01
      vertex   -1.727916e+00 3.283695e+01 1.972805e+01
      vertex   -1.727742e+00 3.288914e+01 1.972394e+01
    endloop
  endfacet
  facet normal -1.667608e-04 -7.364099e-02 -9.972848e-01
    outer loop
      vertex   -8.259162e-01 3.284045e+01 1.972738e+01
      vertex   -1.727742e+00 3.288914e+01 1.972394e+01
      vertex   -7.768036e-01 3.288923e+01 1.972377e+01
    endloop
  endfacet
  facet normal -1.718582e-04 -2.617572e-02 -9.996573e-01
    outer loop
      vertex   -7.768036e-01 3.288923e+01 1.972377e+01
      vertex   -1.727742e+00 3.288914e+01 1.972394e+01
      vertex   -1.727567e+00 3.294147e+01 1.972257e+01
    endloop
  endfacet
  facet normal -8.191926e-05 -2.453986e-02 -9.996988e-01
    outer loop
      vertex   -7.768036e-01 3.288923e+01 1.972377e+01
      vertex   -1.727567e+00 3.294147e+01 1.972257e+01
      vertex   -7.275724e-01 3.293814e+01 1.972257e+01
    endloop
  endfacet
  facet normal 8.191926e-05 2.453986e-02 -9.996988e-01
    outer loop
      vertex   -7.796482e-01 1.733822e+01 1.972257e+01
      vertex   -1.779643e+00 1.734156e+01 1.972257e+01
      vertex   -8.285518e-01 1.738745e+01 1.972377e+01
    endloop
  endfacet
  facet normal 2.903890e-06 2.617628e-02 -9.996573e-01
    outer loop
      vertex   -8.285518e-01 1.738745e+01 1.972377e+01
      vertex   -1.779643e+00 1.734156e+01 1.972257e+01
      vertex   -1.779468e+00 1.739390e+01 1.972394e+01
    endloop
  endfacet
  facet normal 3.248959e-04 7.364046e-02 -9.972848e-01
    outer loop
      vertex   -8.285518e-01 1.738745e+01 1.972377e+01
      vertex   -1.779468e+00 1.739390e+01 1.972394e+01
      vertex   -8.773376e-01 1.743657e+01 1.972738e+01
    endloop
  endfacet
  facet normal 9.569844e-05 7.845654e-02 -9.969175e-01
    outer loop
      vertex   -8.773376e-01 1.743657e+01 1.972738e+01
      vertex   -1.779468e+00 1.739390e+01 1.972394e+01
      vertex   -1.779294e+00 1.744609e+01 1.972805e+01
    endloop
  endfacet
  facet normal 5.646907e-04 1.225700e-01 -9.924597e-01
    outer loop
      vertex   -8.773376e-01 1.743657e+01 1.972738e+01
      vertex   -1.779294e+00 1.744609e+01 1.972805e+01
      vertex   -9.258881e-01 1.748544e+01 1.973339e+01
    endloop
  endfacet
  facet normal 1.914518e-04 1.305260e-01 -9.914449e-01
    outer loop
      vertex   -9.258881e-01 1.748544e+01 1.973339e+01
      vertex   -1.779294e+00 1.744609e+01 1.972805e+01
      vertex   -1.779120e+00 1.749799e+01 1.973488e+01
    endloop
  endfacet
  facet normal 8.002976e-04 1.711775e-01 -9.852399e-01
    outer loop
      vertex   -9.258881e-01 1.748544e+01 1.973339e+01
      vertex   -1.779120e+00 1.749799e+01 1.973488e+01
      vertex   -9.740862e-01 1.753396e+01 1.974178e+01
    endloop
  endfacet
  facet normal 2.889847e-04 1.822403e-01 -9.832540e-01
    outer loop
      vertex   -9.740862e-01 1.753396e+01 1.974178e+01
      vertex   -1.779120e+00 1.749799e+01 1.973488e+01
      vertex   -1.778949e+00 1.754947e+01 1.974442e+01
    endloop
  endfacet
  facet normal 1.029614e-03 2.193821e-01 -9.756385e-01
    outer loop
      vertex   -9.740862e-01 1.753396e+01 1.974178e+01
      vertex   -1.778949e+00 1.754947e+01 1.974442e+01
      vertex   -1.021816e+00 1.758201e+01 1.975254e+01
    endloop
  endfacet
  facet normal 3.900700e-04 2.334470e-01 -9.723695e-01
    outer loop
      vertex   -1.021816e+00 1.758201e+01 1.975254e+01
      vertex   -1.778949e+00 1.754947e+01 1.974442e+01
      vertex   -1.778779e+00 1.760038e+01 1.975664e+01
    endloop
  endfacet
  facet normal 1.252483e-03 2.670504e-01 -9.636818e-01
    outer loop
      vertex   -1.021816e+00 1.758201e+01 1.975254e+01
      vertex   -1.778779e+00 1.760038e+01 1.975664e+01
      vertex   -1.068962e+00 1.762947e+01 1.976563e+01
    endloop
  endfacet
  facet normal 4.956307e-04 2.840129e-01 -9.588203e-01
    outer loop
      vertex   -1.068962e+00 1.762947e+01 1.976563e+01
      vertex   -1.778779e+00 1.760038e+01 1.975664e+01
      vertex   -1.778611e+00 1.765058e+01 1.977151e+01
    endloop
  endfacet
  facet normal 1.466872e-03 3.140506e-01 -9.494051e-01
    outer loop
      vertex   -1.068962e+00 1.762947e+01 1.976563e+01
      vertex   -1.778611e+00 1.765058e+01 1.977151e+01
      vertex   -1.115412e+00 1.767623e+01 1.978102e+01
    endloop
  endfacet
  facet normal 6.054406e-04 3.338078e-01 -9.426410e-01
    outer loop
      vertex   -1.115412e+00 1.767623e+01 1.978102e+01
      vertex   -1.778611e+00 1.765058e+01 1.977151e+01
      vertex   -1.778446e+00 1.769993e+01 1.978899e+01
    endloop
  endfacet
  facet normal 1.669676e-03 3.602964e-01 -9.328364e-01
    outer loop
      vertex   -1.115412e+00 1.767623e+01 1.978102e+01
      vertex   -1.778446e+00 1.769993e+01 1.978899e+01
      vertex   -1.161052e+00 1.772218e+01 1.979869e+01
    endloop
  endfacet
  facet normal 7.221668e-04 3.826786e-01 -9.238813e-01
    outer loop
      vertex   -1.161052e+00 1.772218e+01 1.979869e+01
      vertex   -1.778446e+00 1.769993e+01 1.978899e+01
      vertex   -1.778285e+00 1.774829e+01 1.980902e+01
    endloop
  endfacet
  facet normal 1.859694e-03 4.056634e-01 -9.140206e-01
    outer loop
      vertex   -1.161052e+00 1.772218e+01 1.979869e+01
      vertex   -1.778285e+00 1.774829e+01 1.980902e+01
      vertex   -1.205774e+00 1.776720e+01 1.981858e+01
    endloop
  endfacet
  facet normal 8.480299e-04 4.305156e-01 -9.025827e-01
    outer loop
      vertex   -1.205774e+00 1.776720e+01 1.981858e+01
      vertex   -1.778285e+00 1.774829e+01 1.980902e+01
      vertex   -1.778127e+00 1.779555e+01 1.983156e+01
    endloop
  endfacet
  facet normal 2.031451e-03 4.500275e-01 -8.930124e-01
    outer loop
      vertex   -1.205774e+00 1.776720e+01 1.981858e+01
      vertex   -1.778127e+00 1.779555e+01 1.983156e+01
      vertex   -1.249469e+00 1.781119e+01 1.984065e+01
    endloop
  endfacet
  facet normal 9.848343e-04 4.771563e-01 -8.788179e-01
    outer loop
      vertex   -1.249469e+00 1.781119e+01 1.984065e+01
      vertex   -1.778127e+00 1.779555e+01 1.983156e+01
      vertex   -1.777974e+00 1.784156e+01 1.985654e+01
    endloop
  endfacet
  facet normal 2.182059e-03 4.933011e-01 -8.698559e-01
    outer loop
      vertex   -1.249469e+00 1.781119e+01 1.984065e+01
      vertex   -1.777974e+00 1.784156e+01 1.985654e+01
      vertex   -1.292032e+00 1.785404e+01 1.986484e+01
    endloop
  endfacet
  facet normal 1.138322e-03 5.224953e-01 -8.526414e-01
    outer loop
      vertex   -1.292032e+00 1.785404e+01 1.986484e+01
      vertex   -1.777974e+00 1.784156e+01 1.985654e+01
      vertex   -1.777825e+00 1.788620e+01 1.988390e+01
    endloop
  endfacet
  facet normal 2.304549e-03 5.353597e-01 -8.446210e-01
    outer loop
      vertex   -1.292032e+00 1.785404e+01 1.986484e+01
      vertex   -1.777825e+00 1.788620e+01 1.988390e+01
      vertex   -1.333361e+00 1.789564e+01 1.989110e+01
    endloop
  endfacet
  facet normal 1.312557e-03 5.664053e-01 -8.241258e-01
    outer loop
      vertex   -1.333361e+00 1.789564e+01 1.989110e+01
      vertex   -1.777825e+00 1.788620e+01 1.988390e+01
      vertex   -1.777680e+00 1.792934e+01 1.991355e+01
    endloop
  endfacet
  facet normal 2.391183e-03 5.761204e-01 -8.173613e-01
    outer loop
      vertex   -1.333361e+00 1.789564e+01 1.989110e+01
      vertex   -1.777680e+00 1.792934e+01 1.991355e+01
      vertex   -1.373356e+00 1.793591e+01 1.991936e+01
    endloop
  endfacet
  facet normal 1.516262e-03 6.087609e-01 -7.933523e-01
    outer loop
      vertex   -1.373356e+00 1.793591e+01 1.991936e+01
      vertex   -1.777680e+00 1.792934e+01 1.991355e+01
      vertex   -1.777542e+00 1.797088e+01 1.994542e+01
    endloop
  endfacet
  facet normal 2.429982e-03 6.154570e-01 -7.881667e-01
    outer loop
      vertex   -1.373356e+00 1.793591e+01 1.991936e+01
      vertex   -1.777542e+00 1.797088e+01 1.994542e+01
      vertex   -1.411920e+00 1.797473e+01 1.994956e+01
    endloop
  endfacet
  facet normal 1.757886e-03 6.494432e-01 -7.604081e-01
    outer loop
      vertex   -1.411920e+00 1.797473e+01 1.994956e+01
      vertex   -1.777542e+00 1.797088e+01 1.994542e+01
      vertex   -1.777409e+00 1.801069e+01 1.997942e+01
    endloop
  endfacet
  facet normal 2.407536e-03 6.532971e-01 -7.570978e-01
    outer loop
      vertex   -1.411920e+00 1.797473e+01 1.994956e+01
      vertex   -1.777409e+00 1.801069e+01 1.997942e+01
      vertex   -1.448962e+00 1.801202e+01 1.998162e+01
    endloop
  endfacet
  facet normal 2.053431e-03 6.883542e-01 -7.253718e-01
    outer loop
      vertex   -1.448962e+00 1.801202e+01 1.998162e+01
      vertex   -1.777409e+00 1.801069e+01 1.997942e+01
      vertex   -1.777282e+00 1.804866e+01 2.001546e+01
    endloop
  endfacet
  facet normal 2.301827e-03 6.895390e-01 -7.242449e-01
    outer loop
      vertex   -1.448962e+00 1.801202e+01 1.998162e+01
      vertex   -1.777282e+00 1.804866e+01 2.001546e+01
      vertex   -1.484391e+00 1.804769e+01 2.001546e+01
    endloop
  endfacet
  facet normal 2.417670e-03 7.242409e-01 -6.895428e-01
    outer loop
      vertex   -1.484391e+00 1.804769e+01 2.001546e+01
      vertex   -1.777282e+00 1.804866e+01 2.001546e+01
      vertex   -1.518122e+00 1.808164e+01 2.005101e+01
    endloop
  endfacet
  facet normal 2.111451e-03 7.253690e-01 -6.883570e-01
    outer loop
      vertex   -1.518122e+00 1.808164e+01 2.005101e+01
      vertex   -1.777282e+00 1.804866e+01 2.001546e+01
      vertex   -1.777162e+00 1.808470e+01 2.005344e+01
    endloop
  endfacet
  facet normal 2.819926e-03 7.573292e-01 -6.530272e-01
    outer loop
      vertex   -1.518122e+00 1.808164e+01 2.005101e+01
      vertex   -1.777162e+00 1.808470e+01 2.005344e+01
      vertex   -1.550074e+00 1.811381e+01 2.008818e+01
    endloop
  endfacet
  facet normal 1.879018e-03 7.604015e-01 -6.494506e-01
    outer loop
      vertex   -1.550074e+00 1.811381e+01 2.008818e+01
      vertex   -1.777162e+00 1.808470e+01 2.005344e+01
      vertex   -1.777048e+00 1.811870e+01 2.009325e+01
    endloop
  endfacet
  facet normal 3.257915e-03 7.885753e-01 -6.149296e-01
    outer loop
      vertex   -1.550074e+00 1.811381e+01 2.008818e+01
      vertex   -1.777048e+00 1.811870e+01 2.009325e+01
      vertex   -1.580170e+00 1.814411e+01 2.012687e+01
    endloop
  endfacet
  facet normal 1.586912e-03 7.933555e-01 -6.087566e-01
    outer loop
      vertex   -1.580170e+00 1.814411e+01 2.012687e+01
      vertex   -1.777048e+00 1.811870e+01 2.009325e+01
      vertex   -1.776942e+00 1.815057e+01 2.013478e+01
    endloop
  endfacet
  facet normal 3.738108e-03 8.179107e-01 -5.753331e-01
    outer loop
      vertex   -1.580170e+00 1.814411e+01 2.012687e+01
      vertex   -1.776942e+00 1.815057e+01 2.013478e+01
      vertex   -1.608338e+00 1.817246e+01 2.016700e+01
    endloop
  endfacet
  facet normal 1.225547e-03 8.241254e-01 -5.664060e-01
    outer loop
      vertex   -1.608338e+00 1.817246e+01 2.016700e+01
      vertex   -1.776942e+00 1.815057e+01 2.013478e+01
      vertex   -1.776843e+00 1.818023e+01 2.017793e+01
    endloop
  endfacet
  facet normal 3.262816e-03 8.383586e-01 -5.451093e-01
    outer loop
      vertex   -1.608338e+00 1.817246e+01 2.016700e+01
      vertex   -1.776843e+00 1.818023e+01 2.017793e+01
      vertex   -1.621677e+00 1.818589e+01 2.018757e+01
    endloop
  endfacet
  facet normal 1.562234e-03 8.509974e-01 -5.251675e-01
    outer loop
      vertex   -1.621677e+00 1.818589e+01 2.018757e+01
      vertex   -1.776843e+00 1.818023e+01 2.017793e+01
      vertex   -1.634509e+00 1.819881e+01 2.020847e+01
    endloop
  endfacet
  facet normal 7.742005e-04 8.526419e-01 -5.224952e-01
    outer loop
      vertex   -1.634509e+00 1.819881e+01 2.020847e+01
      vertex   -1.776843e+00 1.818023e+01 2.017793e+01
      vertex   -1.776752e+00 1.820758e+01 2.022257e+01
    endloop
  endfacet
  facet normal 3.383061e-03 8.641001e-01 -5.033086e-01
    outer loop
      vertex   -1.634509e+00 1.819881e+01 2.020847e+01
      vertex   -1.776752e+00 1.820758e+01 2.022257e+01
      vertex   -1.646826e+00 1.821121e+01 2.022967e+01
    endloop
  endfacet
  facet normal 1.923902e-03 8.758341e-01 -4.826085e-01
    outer loop
      vertex   -1.646826e+00 1.821121e+01 2.022967e+01
      vertex   -1.776752e+00 1.820758e+01 2.022257e+01
      vertex   -1.658621e+00 1.822308e+01 2.025117e+01
    endloop
  endfacet
  facet normal 2.139993e-04 8.788152e-01 -4.771623e-01
    outer loop
      vertex   -1.658621e+00 1.822308e+01 2.025117e+01
      vertex   -1.776752e+00 1.820758e+01 2.022257e+01
      vertex   -1.776668e+00 1.823256e+01 2.026858e+01
    endloop
  endfacet
  facet normal 3.406227e-03 8.877234e-01 -4.603646e-01
    outer loop
      vertex   -1.658621e+00 1.822308e+01 2.025117e+01
      vertex   -1.776668e+00 1.823256e+01 2.026858e+01
      vertex   -1.669886e+00 1.823442e+01 2.027296e+01
    endloop
  endfacet
  facet normal 2.335881e-03 8.985490e-01 -4.388669e-01
    outer loop
      vertex   -1.669886e+00 1.823442e+01 2.027296e+01
      vertex   -1.776668e+00 1.823256e+01 2.026858e+01
      vertex   -1.680615e+00 1.824522e+01 2.029501e+01
    endloop
  endfacet
  facet normal -4.975176e-04 9.025875e-01 -4.305061e-01
    outer loop
      vertex   -1.680615e+00 1.824522e+01 2.029501e+01
      vertex   -1.776668e+00 1.823256e+01 2.026858e+01
      vertex   -1.776593e+00 1.825510e+01 2.031583e+01
    endloop
  endfacet
  facet normal 3.252755e-03 9.091976e-01 -4.163522e-01
    outer loop
      vertex   -1.680615e+00 1.824522e+01 2.029501e+01
      vertex   -1.776593e+00 1.825510e+01 2.031583e+01
      vertex   -1.690801e+00 1.825548e+01 2.031733e+01
    endloop
  endfacet
  facet normal 2.820997e-03 9.190732e-01 -3.940767e-01
    outer loop
      vertex   -1.690801e+00 1.825548e+01 2.031733e+01
      vertex   -1.776593e+00 1.825510e+01 2.031583e+01
      vertex   -1.700439e+00 1.826518e+01 2.033989e+01
    endloop
  endfacet
  facet normal -1.416746e-03 9.238819e-01 -3.826750e-01
    outer loop
      vertex   -1.700439e+00 1.826518e+01 2.033989e+01
      vertex   -1.776593e+00 1.825510e+01 2.031583e+01
      vertex   -1.776526e+00 1.827514e+01 2.036420e+01
    endloop
  endfacet
  facet normal 2.773104e-03 9.284544e-01 -3.714361e-01
    outer loop
      vertex   -1.700439e+00 1.826518e+01 2.033989e+01
      vertex   -1.776526e+00 1.827514e+01 2.036420e+01
      vertex   -1.709521e+00 1.827432e+01 2.036267e+01
    endloop
  endfacet
  facet normal 3.407982e-03 9.373701e-01 -3.483184e-01
    outer loop
      vertex   -1.709521e+00 1.827432e+01 2.036267e+01
      vertex   -1.776526e+00 1.827514e+01 2.036420e+01
      vertex   -1.718044e+00 1.828290e+01 2.038568e+01
    endloop
  endfacet
  facet normal -2.623072e-03 9.426394e-01 -3.338025e-01
    outer loop
      vertex   -1.718044e+00 1.828290e+01 2.038568e+01
      vertex   -1.776526e+00 1.827514e+01 2.036420e+01
      vertex   -1.776468e+00 1.829261e+01 2.041355e+01
    endloop
  endfacet
  facet normal 1.677761e-03 9.454489e-01 -3.257660e-01
    outer loop
      vertex   -1.718044e+00 1.828290e+01 2.038568e+01
      vertex   -1.776468e+00 1.829261e+01 2.041355e+01
      vertex   -1.726001e+00 1.829091e+01 2.040889e+01
    endloop
  endfacet
  facet normal 4.165683e-03 9.533830e-01 -3.017342e-01
    outer loop
      vertex   -1.726001e+00 1.829091e+01 2.040889e+01
      vertex   -1.776468e+00 1.829261e+01 2.041355e+01
      vertex   -1.733389e+00 1.829835e+01 2.043228e+01
    endloop
  endfacet
  facet normal -4.263310e-03 9.588108e-01 -2.840134e-01
    outer loop
      vertex   -1.733389e+00 1.829835e+01 2.043228e+01
      vertex   -1.776468e+00 1.829261e+01 2.041355e+01
      vertex   -1.776418e+00 1.830748e+01 2.046375e+01
    endloop
  endfacet
  facet normal -7.258664e-04 9.601285e-01 -2.795582e-01
    outer loop
      vertex   -1.733389e+00 1.829835e+01 2.043228e+01
      vertex   -1.776418e+00 1.830748e+01 2.046375e+01
      vertex   -1.740202e+00 1.830521e+01 2.045586e+01
    endloop
  endfacet
  facet normal 5.199064e-03 9.670911e-01 -2.543772e-01
    outer loop
      vertex   -1.740202e+00 1.830521e+01 2.045586e+01
      vertex   -1.776418e+00 1.830748e+01 2.046375e+01
      vertex   -1.746436e+00 1.831149e+01 2.047959e+01
    endloop
  endfacet
  facet normal -6.653237e-03 9.723867e-01 -2.332807e-01
    outer loop
      vertex   -1.746436e+00 1.831149e+01 2.047959e+01
      vertex   -1.776418e+00 1.830748e+01 2.046375e+01
      vertex   -1.752088e+00 1.831718e+01 2.050347e+01
    endloop
  endfacet
  facet normal -6.388755e-03 9.723516e-01 -2.334341e-01
    outer loop
      vertex   -1.752088e+00 1.831718e+01 2.050347e+01
      vertex   -1.776418e+00 1.830748e+01 2.046375e+01
      vertex   -1.776377e+00 1.831970e+01 2.051466e+01
    endloop
  endfacet
  facet normal 6.694041e-03 9.784424e-01 -2.064112e-01
    outer loop
      vertex   -1.752088e+00 1.831718e+01 2.050347e+01
      vertex   -1.776377e+00 1.831970e+01 2.051466e+01
      vertex   -1.757154e+00 1.832228e+01 2.052748e+01
    endloop
  endfacet
  facet normal -8.106152e-03 9.826913e-01 -1.850734e-01
    outer loop
      vertex   -1.757154e+00 1.832228e+01 2.052748e+01
      vertex   -1.776377e+00 1.831970e+01 2.051466e+01
      vertex   -1.761631e+00 1.832678e+01 2.055161e+01
    endloop
  endfacet
  facet normal -1.551888e-02 9.831389e-01 -1.822009e-01
    outer loop
      vertex   -1.761631e+00 1.832678e+01 2.055161e+01
      vertex   -1.776377e+00 1.831970e+01 2.051466e+01
      vertex   -1.776346e+00 1.832924e+01 2.056613e+01
    endloop
  endfacet
  facet normal 9.139275e-03 9.874051e-01 -1.579479e-01
    outer loop
      vertex   -1.761631e+00 1.832678e+01 2.055161e+01
      vertex   -1.776346e+00 1.832924e+01 2.056613e+01
      vertex   -1.765517e+00 1.833070e+01 2.057584e+01
    endloop
  endfacet
  facet normal -1.058001e-02 9.905944e-01 -1.364213e-01
    outer loop
      vertex   -1.765517e+00 1.833070e+01 2.057584e+01
      vertex   -1.776346e+00 1.832924e+01 2.056613e+01
      vertex   -1.768809e+00 1.833401e+01 2.060016e+01
    endloop
  endfacet
  facet normal -3.778452e-02 9.907392e-01 -1.304157e-01
    outer loop
      vertex   -1.768809e+00 1.833401e+01 2.060016e+01
      vertex   -1.776346e+00 1.832924e+01 2.056613e+01
      vertex   -1.776323e+00 1.833608e+01 2.061804e+01
    endloop
  endfacet
  facet normal 1.395378e-02 9.939387e-01 -1.090468e-01
    outer loop
      vertex   -1.768809e+00 1.833401e+01 2.060016e+01
      vertex   -1.776323e+00 1.833608e+01 2.061804e+01
      vertex   -1.771505e+00 1.833672e+01 2.062455e+01
    endloop
  endfacet
  facet normal -1.559083e-02 9.960515e-01 -8.739769e-02
    outer loop
      vertex   -1.771505e+00 1.833672e+01 2.062455e+01
      vertex   -1.776323e+00 1.833608e+01 2.061804e+01
      vertex   -1.773604e+00 1.833884e+01 2.064900e+01
    endloop
  endfacet
  facet normal -1.178443e-01 9.899736e-01 -7.787784e-02
    outer loop
      vertex   -1.773604e+00 1.833884e+01 2.064900e+01
      vertex   -1.776323e+00 1.833608e+01 2.061804e+01
      vertex   -1.776309e+00 1.834018e+01 2.067023e+01
    endloop
  endfacet
  facet normal 2.806764e-02 9.978167e-01 -5.978341e-02
    outer loop
      vertex   -1.773604e+00 1.833884e+01 2.064900e+01
      vertex   -1.776309e+00 1.834018e+01 2.067023e+01
      vertex   -1.775104e+00 1.834035e+01 2.067350e+01
    endloop
  endfacet
  facet normal -3.098555e-02 9.987950e-01 -3.805829e-02
    outer loop
      vertex   -1.775104e+00 1.834035e+01 2.067350e+01
      vertex   -1.776309e+00 1.834018e+01 2.067023e+01
      vertex   -1.776004e+00 1.834125e+01 2.069803e+01
    endloop
  endfacet
  facet normal -7.479644e-01 6.635131e-01 -1.730885e-02
    outer loop
      vertex   -1.776004e+00 1.834125e+01 2.069803e+01
      vertex   -1.776309e+00 1.834018e+01 2.067023e+01
      vertex   -1.776304e+00 1.834155e+01 2.072257e+01
    endloop
  endfacet
  facet normal 7.094632e-01 7.047425e-01 -7.160567e-17
    outer loop
      vertex   -8.198885e-02 1.663589e+01 1.972257e+01
      vertex   -7.796482e-01 1.733822e+01 1.972257e+01
      vertex   -8.198885e-02 1.663589e+01 2.522257e+01
    endloop
  endfacet
  facet normal 7.094654e-01 7.047402e-01 -5.706849e-07
    outer loop
      vertex   -8.198885e-02 1.663589e+01 2.522257e+01
      vertex   -7.796482e-01 1.733822e+01 1.972257e+01
      vertex   -8.285518e-01 1.738745e+01 1.972377e+01
    endloop
  endfacet
  facet normal 7.094616e-01 7.047441e-01 4.768354e-07
    outer loop
      vertex   -8.198885e-02 1.663589e+01 2.522257e+01
      vertex   -8.285518e-01 1.738745e+01 1.972377e+01
      vertex   -8.773376e-01 1.743657e+01 1.972738e+01
    endloop
  endfacet
  facet normal 7.094658e-01 7.047398e-01 -7.584998e-07
    outer loop
      vertex   -8.773376e-01 1.743657e+01 1.972738e+01
      vertex   -9.258881e-01 1.748544e+01 1.973339e+01
      vertex   -8.198885e-02 1.663589e+01 2.522257e+01
    endloop
  endfacet
  facet normal 7.094603e-01 7.047454e-01 9.436396e-07
    outer loop
      vertex   -8.198885e-02 1.663589e+01 2.522257e+01
      vertex   -9.258881e-01 1.748544e+01 1.973339e+01
      vertex   -9.740862e-01 1.753396e+01 1.974178e+01
    endloop
  endfacet
  facet normal 7.094654e-01 7.047403e-01 -7.182567e-07
    outer loop
      vertex   -8.198885e-02 1.663589e+01 2.522257e+01
      vertex   -9.740862e-01 1.753396e+01 1.974178e+01
      vertex   -1.021816e+00 1.758201e+01 1.975254e+01
    endloop
  endfacet
  facet normal 7.094608e-01 7.047449e-01 8.915565e-07
    outer loop
      vertex   -1.021816e+00 1.758201e+01 1.975254e+01
      vertex   -1.068962e+00 1.762947e+01 1.976563e+01
      vertex   -8.198885e-02 1.663589e+01 2.522257e+01
    endloop
  endfacet
  facet normal 7.094667e-01 7.047390e-01 -1.270519e-06
    outer loop
      vertex   -8.198885e-02 1.663589e+01 2.522257e+01
      vertex   -1.068962e+00 1.762947e+01 1.976563e+01
      vertex   -1.115412e+00 1.767623e+01 1.978102e+01
    endloop
  endfacet
  facet normal 7.094625e-01 7.047432e-01 3.528910e-07
    outer loop
      vertex   -8.198885e-02 1.663589e+01 2.522257e+01
      vertex   -1.115412e+00 1.767623e+01 1.978102e+01
      vertex   -1.161052e+00 1.772218e+01 1.979869e+01
    endloop
  endfacet
  facet normal 7.094616e-01 7.047441e-01 7.006093e-07
    outer loop
      vertex   -1.161052e+00 1.772218e+01 1.979869e+01
      vertex   -1.205774e+00 1.776720e+01 1.981858e+01
      vertex   -8.198885e-02 1.663589e+01 2.522257e+01
    endloop
  endfacet
  facet normal 7.094642e-01 7.047415e-01 -3.798052e-07
    outer loop
      vertex   -8.198885e-02 1.663589e+01 2.522257e+01
      vertex   -1.205774e+00 1.776720e+01 1.981858e+01
      vertex   -1.249469e+00 1.781119e+01 1.984065e+01
    endloop
  endfacet
  facet normal 7.094633e-01 7.047424e-01 -2.614347e-09
    outer loop
      vertex   -8.198885e-02 1.663589e+01 2.522257e+01
      vertex   -1.249469e+00 1.781119e+01 1.984065e+01
      vertex   -1.292032e+00 1.785404e+01 1.986484e+01
    endloop
  endfacet
  facet normal 7.094633e-01 7.047424e-01 -2.245851e-09
    outer loop
      vertex   -8.198885e-02 1.663589e+01 2.522257e+01
      vertex   -1.292032e+00 1.785404e+01 1.986484e+01
      vertex   -1.752088e+00 1.831718e+01 2.050347e+01
    endloop
  endfacet
  facet normal 7.094670e-01 7.047386e-01 5.418761e-06
    outer loop
      vertex   -1.752088e+00 1.831718e+01 2.050347e+01
      vertex   -1.292032e+00 1.785404e+01 1.986484e+01
      vertex   -1.333361e+00 1.789564e+01 1.989110e+01
    endloop
  endfacet
  facet normal 7.094574e-01 7.047483e-01 -7.833033e-06
    outer loop
      vertex   -1.752088e+00 1.831718e+01 2.050347e+01
      vertex   -1.333361e+00 1.789564e+01 1.989110e+01
      vertex   -1.373356e+00 1.793591e+01 1.991936e+01
    endloop
  endfacet
  facet normal 7.094698e-01 7.047358e-01 8.343484e-06
    outer loop
      vertex   -1.373356e+00 1.793591e+01 1.991936e+01
      vertex   -1.411920e+00 1.797473e+01 1.994956e+01
      vertex   -1.752088e+00 1.831718e+01 2.050347e+01
    endloop
  endfacet
  facet normal 7.094636e-01 7.047421e-01 6.496752e-07
    outer loop
      vertex   -1.752088e+00 1.831718e+01 2.050347e+01
      vertex   -1.411920e+00 1.797473e+01 1.994956e+01
      vertex   -1.448962e+00 1.801202e+01 1.998162e+01
    endloop
  endfacet
  facet normal 7.094610e-01 7.047447e-01 -2.379113e-06
    outer loop
      vertex   -1.752088e+00 1.831718e+01 2.050347e+01
      vertex   -1.448962e+00 1.801202e+01 1.998162e+01
      vertex   -1.484391e+00 1.804769e+01 2.001546e+01
    endloop
  endfacet
  facet normal 7.094665e-01 7.047392e-01 3.658537e-06
    outer loop
      vertex   -1.484391e+00 1.804769e+01 2.001546e+01
      vertex   -1.518122e+00 1.808164e+01 2.005101e+01
      vertex   -1.752088e+00 1.831718e+01 2.050347e+01
    endloop
  endfacet
  facet normal 7.094606e-01 7.047451e-01 -2.488113e-06
    outer loop
      vertex   -1.752088e+00 1.831718e+01 2.050347e+01
      vertex   -1.518122e+00 1.808164e+01 2.005101e+01
      vertex   -1.550074e+00 1.811381e+01 2.008818e+01
    endloop
  endfacet
  facet normal 7.094636e-01 7.047420e-01 5.418463e-07
    outer loop
      vertex   -1.752088e+00 1.831718e+01 2.050347e+01
      vertex   -1.550074e+00 1.811381e+01 2.008818e+01
      vertex   -1.580170e+00 1.814411e+01 2.012687e+01
    endloop
  endfacet
  facet normal 7.094680e-01 7.047376e-01 4.547380e-06
    outer loop
      vertex   -1.580170e+00 1.814411e+01 2.012687e+01
      vertex   -1.608338e+00 1.817246e+01 2.016700e+01
      vertex   -1.752088e+00 1.831718e+01 2.050347e+01
    endloop
  endfacet
  facet normal 7.094552e-01 7.047505e-01 -6.446187e-06
    outer loop
      vertex   -1.752088e+00 1.831718e+01 2.050347e+01
      vertex   -1.608338e+00 1.817246e+01 2.016700e+01
      vertex   -1.621677e+00 1.818589e+01 2.018757e+01
    endloop
  endfacet
  facet normal 7.094739e-01 7.047317e-01 9.087481e-06
    outer loop
      vertex   -1.752088e+00 1.831718e+01 2.050347e+01
      vertex   -1.621677e+00 1.818589e+01 2.018757e+01
      vertex   -1.634509e+00 1.819881e+01 2.020847e+01
    endloop
  endfacet
  facet normal 7.094432e-01 7.047626e-01 -1.556280e-05
    outer loop
      vertex   -1.634509e+00 1.819881e+01 2.020847e+01
      vertex   -1.646826e+00 1.821121e+01 2.022967e+01
      vertex   -1.752088e+00 1.831718e+01 2.050347e+01
    endloop
  endfacet
  facet normal 7.094514e-01 7.047543e-01 -9.184409e-06
    outer loop
      vertex   -1.752088e+00 1.831718e+01 2.050347e+01
      vertex   -1.646826e+00 1.821121e+01 2.022967e+01
      vertex   -1.658621e+00 1.822308e+01 2.025117e+01
    endloop
  endfacet
  facet normal 7.095015e-01 7.047039e-01 2.814819e-05
    outer loop
      vertex   -1.752088e+00 1.831718e+01 2.050347e+01
      vertex   -1.658621e+00 1.822308e+01 2.025117e+01
      vertex   -1.669886e+00 1.823442e+01 2.027296e+01
    endloop
  endfacet
  facet normal 7.094222e-01 7.047837e-01 -2.875386e-05
    outer loop
      vertex   -1.669886e+00 1.823442e+01 2.027296e+01
      vertex   -1.680615e+00 1.824522e+01 2.029501e+01
      vertex   -1.752088e+00 1.831718e+01 2.050347e+01
    endloop
  endfacet
  facet normal 7.094615e-01 7.047442e-01 -1.624498e-06
    outer loop
      vertex   -1.752088e+00 1.831718e+01 2.050347e+01
      vertex   -1.680615e+00 1.824522e+01 2.029501e+01
      vertex   -1.690801e+00 1.825548e+01 2.031733e+01
    endloop
  endfacet
  facet normal 7.094610e-01 7.047447e-01 -1.974686e-06
    outer loop
      vertex   -1.752088e+00 1.831718e+01 2.050347e+01
      vertex   -1.690801e+00 1.825548e+01 2.031733e+01
      vertex   -1.700439e+00 1.826518e+01 2.033989e+01
    endloop
  endfacet
  facet normal 7.094824e-01 7.047232e-01 1.161982e-05
    outer loop
      vertex   -1.700439e+00 1.826518e+01 2.033989e+01
      vertex   -1.709521e+00 1.827432e+01 2.036267e+01
      vertex   -1.752088e+00 1.831718e+01 2.050347e+01
    endloop
  endfacet
  facet normal 7.094366e-01 7.047693e-01 -1.626046e-05
    outer loop
      vertex   -1.752088e+00 1.831718e+01 2.050347e+01
      vertex   -1.709521e+00 1.827432e+01 2.036267e+01
      vertex   -1.718044e+00 1.828290e+01 2.038568e+01
    endloop
  endfacet
  facet normal 7.094567e-01 7.047490e-01 -4.556839e-06
    outer loop
      vertex   -1.752088e+00 1.831718e+01 2.050347e+01
      vertex   -1.718044e+00 1.828290e+01 2.038568e+01
      vertex   -1.726001e+00 1.829091e+01 2.040889e+01
    endloop
  endfacet
  facet normal 7.095418e-01 7.046633e-01 4.272007e-05
    outer loop
      vertex   -1.726001e+00 1.829091e+01 2.040889e+01
      vertex   -1.733389e+00 1.829835e+01 2.043228e+01
      vertex   -1.752088e+00 1.831718e+01 2.050347e+01
    endloop
  endfacet
  facet normal 7.093507e-01 7.048557e-01 -5.835509e-05
    outer loop
      vertex   -1.752088e+00 1.831718e+01 2.050347e+01
      vertex   -1.733389e+00 1.829835e+01 2.043228e+01
      vertex   -1.740202e+00 1.830521e+01 2.045586e+01
    endloop
  endfacet
  facet normal 7.093958e-01 7.048103e-01 -3.568185e-05
    outer loop
      vertex   -1.752088e+00 1.831718e+01 2.050347e+01
      vertex   -1.740202e+00 1.830521e+01 2.045586e+01
      vertex   -1.746436e+00 1.831149e+01 2.047959e+01
    endloop
  endfacet
  facet normal 7.094602e-01 7.047455e-01 2.198121e-06
    outer loop
      vertex   -1.752088e+00 1.831718e+01 2.050347e+01
      vertex   -1.757154e+00 1.832228e+01 2.052748e+01
      vertex   -8.198885e-02 1.663589e+01 2.522257e+01
    endloop
  endfacet
  facet normal 7.094633e-01 7.047424e-01 -7.294354e-09
    outer loop
      vertex   -8.198885e-02 1.663589e+01 2.522257e+01
      vertex   -1.757154e+00 1.832228e+01 2.052748e+01
      vertex   -1.761631e+00 1.832678e+01 2.055161e+01
    endloop
  endfacet
  facet normal 7.094699e-01 7.047357e-01 -4.818175e-06
    outer loop
      vertex   -8.198885e-02 1.663589e+01 2.522257e+01
      vertex   -1.761631e+00 1.832678e+01 2.055161e+01
      vertex   -1.765517e+00 1.833070e+01 2.057584e+01
    endloop
  endfacet
  facet normal 7.094633e-01 7.047424e-01 4.008976e-09
    outer loop
      vertex   -1.765517e+00 1.833070e+01 2.057584e+01
      vertex   -1.768809e+00 1.833401e+01 2.060016e+01
      vertex   -8.198885e-02 1.663589e+01 2.522257e+01
    endloop
  endfacet
  facet normal 7.094597e-01 7.047460e-01 2.655713e-06
    outer loop
      vertex   -8.198885e-02 1.663589e+01 2.522257e+01
      vertex   -1.768809e+00 1.833401e+01 2.060016e+01
      vertex   -1.771505e+00 1.833672e+01 2.062455e+01
    endloop
  endfacet
  facet normal 7.094633e-01 7.047424e-01 -6.508144e-10
    outer loop
      vertex   -8.198885e-02 1.663589e+01 2.522257e+01
      vertex   -1.771505e+00 1.833672e+01 2.062455e+01
      vertex   -1.773604e+00 1.833884e+01 2.064900e+01
    endloop
  endfacet
  facet normal 7.094593e-01 7.047464e-01 2.951762e-06
    outer loop
      vertex   -1.773604e+00 1.833884e+01 2.064900e+01
      vertex   -1.775104e+00 1.834035e+01 2.067350e+01
      vertex   -8.198885e-02 1.663589e+01 2.522257e+01
    endloop
  endfacet
  facet normal 7.094716e-01 7.047340e-01 -6.258584e-06
    outer loop
      vertex   -8.198885e-02 1.663589e+01 2.522257e+01
      vertex   -1.775104e+00 1.834035e+01 2.067350e+01
      vertex   -1.776004e+00 1.834125e+01 2.069803e+01
    endloop
  endfacet
  facet normal 7.094545e-01 7.047512e-01 6.652800e-06
    outer loop
      vertex   -8.198885e-02 1.663589e+01 2.522257e+01
      vertex   -1.776004e+00 1.834125e+01 2.069803e+01
      vertex   -1.776304e+00 1.834155e+01 2.072257e+01
    endloop
  endfacet
  facet normal 7.094633e-01 7.047424e-01 -1.050217e-16
    outer loop
      vertex   -1.776304e+00 1.834155e+01 2.072257e+01
      vertex   -1.776304e+00 1.834155e+01 2.522257e+01
      vertex   -8.198885e-02 1.663589e+01 2.522257e+01
    endloop
  endfacet
  facet normal -7.047420e-01 7.094636e-01 7.029562e-17
    outer loop
      vertex   1.801060e-02 1.663556e+01 2.212257e+01
      vertex   2.186771e-01 1.683489e+01 2.212257e+01
      vertex   1.801060e-02 1.663556e+01 1.972257e+01
    endloop
  endfacet
  facet normal -7.047423e-01 7.094634e-01 4.880977e-08
    outer loop
      vertex   1.801060e-02 1.663556e+01 1.972257e+01
      vertex   2.186771e-01 1.683489e+01 2.212257e+01
      vertex   1.723676e+00 1.832987e+01 1.972257e+01
    endloop
  endfacet
  facet normal -7.047424e-01 7.094633e-01 -3.945022e-08
    outer loop
      vertex   1.723676e+00 1.832987e+01 1.972257e+01
      vertex   2.186771e-01 1.683489e+01 2.212257e+01
      vertex   8.672781e-01 1.747917e+01 2.276902e+01
    endloop
  endfacet
  facet normal -7.047425e-01 7.094632e-01 -8.501905e-08
    outer loop
      vertex   1.723676e+00 1.832987e+01 1.972257e+01
      vertex   8.672781e-01 1.747917e+01 2.276902e+01
      vertex   1.924343e+00 1.852920e+01 2.221546e+01
    endloop
  endfacet
  facet normal -7.047424e-01 7.094633e-01 4.240358e-07
    outer loop
      vertex   1.924343e+00 1.852920e+01 2.221546e+01
      vertex   8.672781e-01 1.747917e+01 2.276902e+01
      vertex   1.222010e+00 1.783154e+01 2.291546e+01
    endloop
  endfacet
  facet normal -7.047430e-01 7.094627e-01 1.364951e-16
    outer loop
      vertex   1.924343e+00 1.852920e+01 2.221546e+01
      vertex   1.924343e+00 1.852920e+01 1.992257e+01
      vertex   1.723676e+00 1.832987e+01 1.972257e+01
    endloop
  endfacet
  facet normal -7.094630e-01 -7.047427e-01 6.974091e-17
    outer loop
      vertex   7.475989e-02 3.363546e+01 2.212257e+01
      vertex   7.475989e-02 3.363546e+01 1.972257e+01
      vertex   2.740911e-01 3.343479e+01 2.212257e+01
    endloop
  endfacet
  facet normal -7.094633e-01 -7.047424e-01 4.880977e-08
    outer loop
      vertex   2.740911e-01 3.343479e+01 2.212257e+01
      vertex   7.475989e-02 3.363546e+01 1.972257e+01
      vertex   1.769076e+00 3.192980e+01 1.972257e+01
    endloop
  endfacet
  facet normal -7.094633e-01 -7.047424e-01 -3.945023e-08
    outer loop
      vertex   2.740911e-01 3.343479e+01 2.212257e+01
      vertex   1.769076e+00 3.192980e+01 1.972257e+01
      vertex   9.183762e-01 3.278619e+01 2.276902e+01
    endloop
  endfacet
  facet normal -7.094634e-01 -7.047423e-01 -8.501905e-08
    outer loop
      vertex   9.183762e-01 3.278619e+01 2.276902e+01
      vertex   1.769076e+00 3.192980e+01 1.972257e+01
      vertex   1.968407e+00 3.172913e+01 2.221546e+01
    endloop
  endfacet
  facet normal -7.094633e-01 -7.047424e-01 4.240358e-07
    outer loop
      vertex   9.183762e-01 3.278619e+01 2.276902e+01
      vertex   1.968407e+00 3.172913e+01 2.221546e+01
      vertex   1.270747e+00 3.243146e+01 2.291546e+01
    endloop
  endfacet
  facet normal -7.094639e-01 -7.047417e-01 6.906433e-17
    outer loop
      vertex   1.769076e+00 3.192980e+01 1.972257e+01
      vertex   1.968407e+00 3.172913e+01 1.992257e+01
      vertex   1.968407e+00 3.172913e+01 2.221546e+01
    endloop
  endfacet
  facet normal -0.000000e+00 0.000000e+00 1.000000e+00
    outer loop
      vertex   1.801060e-02 1.663556e+01 2.212257e+01
      vertex   7.662194e-03 1.353557e+01 2.212257e+01
      vertex   2.186771e-01 1.683489e+01 2.212257e+01
    endloop
  endfacet
  facet normal 0.000000e+00 0.000000e+00 1.000000e+00
    outer loop
      vertex   2.186771e-01 1.683489e+01 2.212257e+01
      vertex   7.662194e-03 1.353557e+01 2.212257e+01
      vertex   2.049905e-01 1.273491e+01 2.212257e+01
    endloop
  endfacet
  facet normal 0.000000e+00 0.000000e+00 1.000000e+00
    outer loop
      vertex   2.049905e-01 1.273491e+01 2.212257e+01
      vertex   7.662194e-03 1.353557e+01 2.212257e+01
      vertex   -2.933376e-01 1.323658e+01 2.212257e+01
    endloop
  endfacet
  facet normal -7.071028e-01 2.360459e-03 7.071068e-01
    outer loop
      vertex   2.877777e-01 3.753477e+01 2.212257e+01
      vertex   2.740911e-01 3.343479e+01 2.212257e+01
      vertex   9.485512e-01 3.819115e+01 2.278115e+01
    endloop
  endfacet
  facet normal -7.071028e-01 2.360435e-03 7.071069e-01
    outer loop
      vertex   9.485512e-01 3.819115e+01 2.278115e+01
      vertex   2.740911e-01 3.343479e+01 2.212257e+01
      vertex   9.183762e-01 3.278619e+01 2.276902e+01
    endloop
  endfacet
  facet normal -7.071030e-01 2.360437e-03 7.071067e-01
    outer loop
      vertex   9.485512e-01 3.819115e+01 2.278115e+01
      vertex   9.183762e-01 3.278619e+01 2.276902e+01
      vertex   1.271439e+00 3.263857e+01 2.312257e+01
    endloop
  endfacet
  facet normal -7.071028e-01 2.360459e-03 7.071068e-01
    outer loop
      vertex   1.271439e+00 3.263857e+01 2.312257e+01
      vertex   1.290443e+00 3.833143e+01 2.312257e+01
      vertex   9.485512e-01 3.819115e+01 2.278115e+01
    endloop
  endfacet
  facet normal -7.087720e-01 -4.976370e-01 4.999997e-01
    outer loop
      vertex   9.183762e-01 3.278619e+01 2.276902e+01
      vertex   1.270747e+00 3.243146e+01 2.291546e+01
      vertex   1.271439e+00 3.263857e+01 2.312257e+01
    endloop
  endfacet
  facet normal -2.360461e-03 -7.071032e-01 7.071064e-01
    outer loop
      vertex   1.271439e+00 3.263857e+01 2.312257e+01
      vertex   1.270747e+00 3.243146e+01 2.291546e+01
      vertex   2.071434e+00 3.263590e+01 2.312257e+01
    endloop
  endfacet
  facet normal -2.360676e-03 -7.071028e-01 7.071068e-01
    outer loop
      vertex   2.071434e+00 3.263590e+01 2.312257e+01
      vertex   1.270747e+00 3.243146e+01 2.291546e+01
      vertex   1.968407e+00 3.172913e+01 2.221546e+01
    endloop
  endfacet
  facet normal -2.360459e-03 -7.071028e-01 7.071068e-01
    outer loop
      vertex   2.071434e+00 3.263590e+01 2.312257e+01
      vertex   1.968407e+00 3.172913e+01 2.221546e+01
      vertex   2.068406e+00 3.172879e+01 2.221546e+01
    endloop
  endfacet
  facet normal -3.338194e-03 -9.999944e-01 3.232718e-19
    outer loop
      vertex   1.968407e+00 3.172913e+01 2.221546e+01
      vertex   1.968407e+00 3.172913e+01 1.992257e+01
      vertex   2.068406e+00 3.172879e+01 2.221546e+01
    endloop
  endfacet
  facet normal -3.338194e-03 -9.999944e-01 -0.000000e+00
    outer loop
      vertex   2.068406e+00 3.172879e+01 2.221546e+01
      vertex   1.968407e+00 3.172913e+01 1.992257e+01
      vertex   2.068406e+00 3.172879e+01 1.992257e+01
    endloop
  endfacet
  facet normal -2.360456e-03 -7.071020e-01 -7.071076e-01
    outer loop
      vertex   1.769076e+00 3.192980e+01 1.972257e+01
      vertex   2.069074e+00 3.192879e+01 1.972257e+01
      vertex   1.968407e+00 3.172913e+01 1.992257e+01
    endloop
  endfacet
  facet normal -2.360456e-03 -7.071020e-01 -7.071076e-01
    outer loop
      vertex   1.968407e+00 3.172913e+01 1.992257e+01
      vertex   2.069074e+00 3.192879e+01 1.972257e+01
      vertex   2.068406e+00 3.172879e+01 1.992257e+01
    endloop
  endfacet
  facet normal 3.338194e-03 9.999944e-01 -3.329734e-19
    outer loop
      vertex   1.801060e-02 1.663556e+01 1.972257e+01
      vertex   -8.198885e-02 1.663589e+01 1.972257e+01
      vertex   1.801060e-02 1.663556e+01 2.212257e+01
    endloop
  endfacet
  facet normal 3.338194e-03 9.999944e-01 -3.413296e-19
    outer loop
      vertex   1.801060e-02 1.663556e+01 2.212257e+01
      vertex   -8.198885e-02 1.663589e+01 1.972257e+01
      vertex   -8.198885e-02 1.663589e+01 2.522257e+01
    endloop
  endfacet
  facet normal 3.338194e-03 9.999944e-01 -3.362425e-19
    outer loop
      vertex   1.801060e-02 1.663556e+01 2.212257e+01
      vertex   -8.198885e-02 1.663589e+01 2.522257e+01
      vertex   1.801060e-02 1.663556e+01 2.522257e+01
    endloop
  endfacet
  facet normal -3.338194e-03 -9.999944e-01 3.281477e-19
    outer loop
      vertex   7.475989e-02 3.363546e+01 1.972257e+01
      vertex   7.475989e-02 3.363546e+01 2.212257e+01
      vertex   -2.523956e-02 3.363579e+01 1.972257e+01
    endloop
  endfacet
  facet normal -3.338194e-03 -9.999944e-01 3.327102e-19
    outer loop
      vertex   -2.523956e-02 3.363579e+01 1.972257e+01
      vertex   7.475989e-02 3.363546e+01 2.212257e+01
      vertex   -2.523956e-02 3.363579e+01 2.522257e+01
    endloop
  endfacet
  facet normal -3.338194e-03 -9.999944e-01 3.269782e-19
    outer loop
      vertex   -2.523956e-02 3.363579e+01 2.522257e+01
      vertex   7.475989e-02 3.363546e+01 2.212257e+01
      vertex   7.475989e-02 3.363546e+01 2.522257e+01
    endloop
  endfacet
  facet normal 7.047424e-01 -7.094633e-01 -3.477427e-17
    outer loop
      vertex   -1.730905e+00 3.194148e+01 2.522257e+01
      vertex   -1.730905e+00 3.194148e+01 2.072257e+01
      vertex   -2.523956e-02 3.363579e+01 2.522257e+01
    endloop
  endfacet
  facet normal 7.047335e-01 -7.094721e-01 6.652801e-06
    outer loop
      vertex   -2.523956e-02 3.363579e+01 2.522257e+01
      vertex   -1.730905e+00 3.194148e+01 2.072257e+01
      vertex   -1.730603e+00 3.194178e+01 2.069803e+01
    endloop
  endfacet
  facet normal 7.047508e-01 -7.094550e-01 -6.258584e-06
    outer loop
      vertex   -2.523956e-02 3.363579e+01 2.522257e+01
      vertex   -1.730603e+00 3.194178e+01 2.069803e+01
      vertex   -1.729696e+00 3.194268e+01 2.067350e+01
    endloop
  endfacet
  facet normal 7.047384e-01 -7.094673e-01 2.951762e-06
    outer loop
      vertex   -1.729696e+00 3.194268e+01 2.067350e+01
      vertex   -1.728186e+00 3.194418e+01 2.064900e+01
      vertex   -2.523956e-02 3.363579e+01 2.522257e+01
    endloop
  endfacet
  facet normal 7.047424e-01 -7.094633e-01 -6.508684e-10
    outer loop
      vertex   -2.523956e-02 3.363579e+01 2.522257e+01
      vertex   -1.728186e+00 3.194418e+01 2.064900e+01
      vertex   -1.726074e+00 3.194628e+01 2.062455e+01
    endloop
  endfacet
  facet normal 7.047388e-01 -7.094669e-01 2.655713e-06
    outer loop
      vertex   -2.523956e-02 3.363579e+01 2.522257e+01
      vertex   -1.726074e+00 3.194628e+01 2.062455e+01
      vertex   -1.723359e+00 3.194897e+01 2.060016e+01
    endloop
  endfacet
  facet normal 7.047424e-01 -7.094633e-01 4.008947e-09
    outer loop
      vertex   -1.723359e+00 3.194897e+01 2.060016e+01
      vertex   -1.720045e+00 3.195227e+01 2.057584e+01
      vertex   -2.523956e-02 3.363579e+01 2.522257e+01
    endloop
  endfacet
  facet normal 7.047491e-01 -7.094567e-01 -4.818175e-06
    outer loop
      vertex   -2.523956e-02 3.363579e+01 2.522257e+01
      vertex   -1.720045e+00 3.195227e+01 2.057584e+01
      vertex   -1.716134e+00 3.195615e+01 2.055161e+01
    endloop
  endfacet
  facet normal 7.047424e-01 -7.094633e-01 -7.294368e-09
    outer loop
      vertex   -2.523956e-02 3.363579e+01 2.522257e+01
      vertex   -1.716134e+00 3.195615e+01 2.055161e+01
      vertex   -1.711626e+00 3.196063e+01 2.052748e+01
    endloop
  endfacet
  facet normal 7.047393e-01 -7.094664e-01 2.198121e-06
    outer loop
      vertex   -1.711626e+00 3.196063e+01 2.052748e+01
      vertex   -1.706526e+00 3.196570e+01 2.050347e+01
      vertex   -2.523956e-02 3.363579e+01 2.522257e+01
    endloop
  endfacet
  facet normal 7.047424e-01 -7.094633e-01 -2.245852e-09
    outer loop
      vertex   -2.523956e-02 3.363579e+01 2.522257e+01
      vertex   -1.706526e+00 3.196570e+01 2.050347e+01
      vertex   -1.243388e+00 3.242575e+01 1.986484e+01
    endloop
  endfacet
  facet normal 7.047424e-01 -7.094633e-01 -2.614342e-09
    outer loop
      vertex   -2.523956e-02 3.363579e+01 2.522257e+01
      vertex   -1.243388e+00 3.242575e+01 1.986484e+01
      vertex   -1.200540e+00 3.246831e+01 1.984065e+01
    endloop
  endfacet
  facet normal 7.046745e-01 -7.095308e-01 -3.568185e-05
    outer loop
      vertex   -1.700836e+00 3.197135e+01 2.047959e+01
      vertex   -1.694560e+00 3.197758e+01 2.045586e+01
      vertex   -1.706526e+00 3.196570e+01 2.050347e+01
    endloop
  endfacet
  facet normal 7.046290e-01 -7.095759e-01 -5.835509e-05
    outer loop
      vertex   -1.706526e+00 3.196570e+01 2.050347e+01
      vertex   -1.694560e+00 3.197758e+01 2.045586e+01
      vertex   -1.687702e+00 3.198439e+01 2.043228e+01
    endloop
  endfacet
  facet normal 7.048214e-01 -7.093848e-01 4.272007e-05
    outer loop
      vertex   -1.706526e+00 3.196570e+01 2.050347e+01
      vertex   -1.687702e+00 3.198439e+01 2.043228e+01
      vertex   -1.680265e+00 3.199178e+01 2.040889e+01
    endloop
  endfacet
  facet normal 7.047357e-01 -7.094699e-01 -4.556839e-06
    outer loop
      vertex   -1.680265e+00 3.199178e+01 2.040889e+01
      vertex   -1.672254e+00 3.199974e+01 2.038568e+01
      vertex   -1.706526e+00 3.196570e+01 2.050347e+01
    endloop
  endfacet
  facet normal 7.047155e-01 -7.094900e-01 -1.626046e-05
    outer loop
      vertex   -1.706526e+00 3.196570e+01 2.050347e+01
      vertex   -1.672254e+00 3.199974e+01 2.038568e+01
      vertex   -1.663674e+00 3.200826e+01 2.036267e+01
    endloop
  endfacet
  facet normal 7.047616e-01 -7.094442e-01 1.161982e-05
    outer loop
      vertex   -1.706526e+00 3.196570e+01 2.050347e+01
      vertex   -1.663674e+00 3.200826e+01 2.036267e+01
      vertex   -1.654531e+00 3.201735e+01 2.033989e+01
    endloop
  endfacet
  facet normal 7.047401e-01 -7.094656e-01 -1.974686e-06
    outer loop
      vertex   -1.654531e+00 3.201735e+01 2.033989e+01
      vertex   -1.644829e+00 3.202698e+01 2.031733e+01
      vertex   -1.706526e+00 3.196570e+01 2.050347e+01
    endloop
  endfacet
  facet normal 7.047406e-01 -7.094651e-01 -1.624499e-06
    outer loop
      vertex   -1.706526e+00 3.196570e+01 2.050347e+01
      vertex   -1.644829e+00 3.202698e+01 2.031733e+01
      vertex   -1.634574e+00 3.203717e+01 2.029501e+01
    endloop
  endfacet
  facet normal 7.047010e-01 -7.095044e-01 -2.875386e-05
    outer loop
      vertex   -1.706526e+00 3.196570e+01 2.050347e+01
      vertex   -1.634574e+00 3.203717e+01 2.029501e+01
      vertex   -1.623774e+00 3.204790e+01 2.027296e+01
    endloop
  endfacet
  facet normal 7.047808e-01 -7.094251e-01 2.814819e-05
    outer loop
      vertex   -1.623774e+00 3.204790e+01 2.027296e+01
      vertex   -1.612433e+00 3.205916e+01 2.025117e+01
      vertex   -1.706526e+00 3.196570e+01 2.050347e+01
    endloop
  endfacet
  facet normal 7.047304e-01 -7.094752e-01 -9.184409e-06
    outer loop
      vertex   -1.706526e+00 3.196570e+01 2.050347e+01
      vertex   -1.612433e+00 3.205916e+01 2.025117e+01
      vertex   -1.600559e+00 3.207096e+01 2.022967e+01
    endloop
  endfacet
  facet normal 7.047221e-01 -7.094834e-01 -1.556280e-05
    outer loop
      vertex   -1.706526e+00 3.196570e+01 2.050347e+01
      vertex   -1.600559e+00 3.207096e+01 2.022967e+01
      vertex   -1.588159e+00 3.208327e+01 2.020847e+01
    endloop
  endfacet
  facet normal 7.047531e-01 -7.094527e-01 9.087481e-06
    outer loop
      vertex   -1.588159e+00 3.208327e+01 2.020847e+01
      vertex   -1.575242e+00 3.209611e+01 2.018757e+01
      vertex   -1.706526e+00 3.196570e+01 2.050347e+01
    endloop
  endfacet
  facet normal 7.047343e-01 -7.094714e-01 -6.446187e-06
    outer loop
      vertex   -1.706526e+00 3.196570e+01 2.050347e+01
      vertex   -1.575242e+00 3.209611e+01 2.018757e+01
      vertex   -1.561813e+00 3.210945e+01 2.016700e+01
    endloop
  endfacet
  facet normal 7.047471e-01 -7.094586e-01 4.547380e-06
    outer loop
      vertex   -1.706526e+00 3.196570e+01 2.050347e+01
      vertex   -1.561813e+00 3.210945e+01 2.016700e+01
      vertex   -1.533457e+00 3.213761e+01 2.012687e+01
    endloop
  endfacet
  facet normal 7.047427e-01 -7.094630e-01 5.418462e-07
    outer loop
      vertex   -1.533457e+00 3.213761e+01 2.012687e+01
      vertex   -1.503159e+00 3.216771e+01 2.008818e+01
      vertex   -1.706526e+00 3.196570e+01 2.050347e+01
    endloop
  endfacet
  facet normal 7.047396e-01 -7.094660e-01 -2.488113e-06
    outer loop
      vertex   -1.706526e+00 3.196570e+01 2.050347e+01
      vertex   -1.503159e+00 3.216771e+01 2.008818e+01
      vertex   -1.470993e+00 3.219966e+01 2.005101e+01
    endloop
  endfacet
  facet normal 7.047456e-01 -7.094601e-01 3.658537e-06
    outer loop
      vertex   -1.706526e+00 3.196570e+01 2.050347e+01
      vertex   -1.470993e+00 3.219966e+01 2.005101e+01
      vertex   -1.437036e+00 3.223339e+01 2.001546e+01
    endloop
  endfacet
  facet normal 7.047401e-01 -7.094656e-01 -2.379113e-06
    outer loop
      vertex   -1.437036e+00 3.223339e+01 2.001546e+01
      vertex   -1.401369e+00 3.226882e+01 1.998162e+01
      vertex   -1.706526e+00 3.196570e+01 2.050347e+01
    endloop
  endfacet
  facet normal 7.047427e-01 -7.094630e-01 6.496750e-07
    outer loop
      vertex   -1.706526e+00 3.196570e+01 2.050347e+01
      vertex   -1.401369e+00 3.226882e+01 1.998162e+01
      vertex   -1.364080e+00 3.230586e+01 1.994956e+01
    endloop
  endfacet
  facet normal 7.047489e-01 -7.094568e-01 8.343484e-06
    outer loop
      vertex   -1.706526e+00 3.196570e+01 2.050347e+01
      vertex   -1.364080e+00 3.230586e+01 1.994956e+01
      vertex   -1.325257e+00 3.234443e+01 1.991936e+01
    endloop
  endfacet
  facet normal 7.047365e-01 -7.094692e-01 -7.833033e-06
    outer loop
      vertex   -1.325257e+00 3.234443e+01 1.991936e+01
      vertex   -1.284994e+00 3.238442e+01 1.989110e+01
      vertex   -1.706526e+00 3.196570e+01 2.050347e+01
    endloop
  endfacet
  facet normal 7.047461e-01 -7.094596e-01 5.418761e-06
    outer loop
      vertex   -1.706526e+00 3.196570e+01 2.050347e+01
      vertex   -1.284994e+00 3.238442e+01 1.989110e+01
      vertex   -1.243388e+00 3.242575e+01 1.986484e+01
    endloop
  endfacet
  facet normal 7.047433e-01 -7.094624e-01 -3.798051e-07
    outer loop
      vertex   -1.200540e+00 3.246831e+01 1.984065e+01
      vertex   -1.156552e+00 3.251201e+01 1.981858e+01
      vertex   -2.523956e-02 3.363579e+01 2.522257e+01
    endloop
  endfacet
  facet normal 7.047407e-01 -7.094650e-01 7.006093e-07
    outer loop
      vertex   -2.523956e-02 3.363579e+01 2.522257e+01
      vertex   -1.156552e+00 3.251201e+01 1.981858e+01
      vertex   -1.111531e+00 3.255673e+01 1.979869e+01
    endloop
  endfacet
  facet normal 7.047415e-01 -7.094642e-01 3.528910e-07
    outer loop
      vertex   -2.523956e-02 3.363579e+01 2.522257e+01
      vertex   -1.111531e+00 3.255673e+01 1.979869e+01
      vertex   -1.065585e+00 3.260237e+01 1.978102e+01
    endloop
  endfacet
  facet normal 7.047458e-01 -7.094599e-01 -1.270519e-06
    outer loop
      vertex   -1.065585e+00 3.260237e+01 1.978102e+01
      vertex   -1.018825e+00 3.264882e+01 1.976563e+01
      vertex   -2.523956e-02 3.363579e+01 2.522257e+01
    endloop
  endfacet
  facet normal 7.047398e-01 -7.094658e-01 8.915564e-07
    outer loop
      vertex   -2.523956e-02 3.363579e+01 2.522257e+01
      vertex   -1.018825e+00 3.264882e+01 1.976563e+01
      vertex   -9.713624e-01 3.269597e+01 1.975254e+01
    endloop
  endfacet
  facet normal 7.047445e-01 -7.094612e-01 -7.182567e-07
    outer loop
      vertex   -2.523956e-02 3.363579e+01 2.522257e+01
      vertex   -9.713624e-01 3.269597e+01 1.975254e+01
      vertex   -9.233129e-01 3.274370e+01 1.974178e+01
    endloop
  endfacet
  facet normal 7.047394e-01 -7.094663e-01 9.436396e-07
    outer loop
      vertex   -9.233129e-01 3.274370e+01 1.974178e+01
      vertex   -8.747919e-01 3.279190e+01 1.973339e+01
      vertex   -2.523956e-02 3.363579e+01 2.522257e+01
    endloop
  endfacet
  facet normal 7.047449e-01 -7.094608e-01 -7.584998e-07
    outer loop
      vertex   -2.523956e-02 3.363579e+01 2.522257e+01
      vertex   -8.747919e-01 3.279190e+01 1.973339e+01
      vertex   -8.259162e-01 3.284045e+01 1.972738e+01
    endloop
  endfacet
  facet normal 7.047407e-01 -7.094650e-01 4.768353e-07
    outer loop
      vertex   -2.523956e-02 3.363579e+01 2.522257e+01
      vertex   -8.259162e-01 3.284045e+01 1.972738e+01
      vertex   -7.768036e-01 3.288923e+01 1.972377e+01
    endloop
  endfacet
  facet normal 7.047445e-01 -7.094612e-01 -5.706849e-07
    outer loop
      vertex   -7.768036e-01 3.288923e+01 1.972377e+01
      vertex   -7.275724e-01 3.293814e+01 1.972257e+01
      vertex   -2.523956e-02 3.363579e+01 2.522257e+01
    endloop
  endfacet
  facet normal 7.047423e-01 -7.094634e-01 -7.024008e-17
    outer loop
      vertex   -2.523956e-02 3.363579e+01 2.522257e+01
      vertex   -7.275724e-01 3.293814e+01 1.972257e+01
      vertex   -2.523956e-02 3.363579e+01 1.972257e+01
    endloop
  endfacet
  facet normal 9.999944e-01 -3.338194e-03 -1.003977e-16
    outer loop
      vertex   7.662194e-03 1.353557e+01 2.212257e+01
      vertex   1.804948e-02 1.664720e+01 2.566742e+01
      vertex   7.662194e-03 1.353557e+01 3.002745e+01
    endloop
  endfacet
  facet normal 9.999944e-01 -3.338194e-03 -1.078167e-16
    outer loop
      vertex   7.662194e-03 1.353557e+01 3.002745e+01
      vertex   1.804948e-02 1.664720e+01 2.566742e+01
      vertex   1.816604e-02 1.668212e+01 2.611106e+01
    endloop
  endfacet
  facet normal 9.999944e-01 -3.338194e-03 -9.827629e-17
    outer loop
      vertex   7.662194e-03 1.353557e+01 3.002745e+01
      vertex   1.816604e-02 1.668212e+01 2.611106e+01
      vertex   1.835994e-02 1.674020e+01 2.655226e+01
    endloop
  endfacet
  facet normal 9.999944e-01 -3.338194e-03 -1.007253e-16
    outer loop
      vertex   1.801060e-02 1.663556e+01 2.212257e+01
      vertex   1.801060e-02 1.663556e+01 2.522257e+01
      vertex   7.662194e-03 1.353557e+01 2.212257e+01
    endloop
  endfacet
  facet normal 9.999944e-01 -3.338194e-03 -1.008950e-16
    outer loop
      vertex   7.662194e-03 1.353557e+01 2.212257e+01
      vertex   1.801060e-02 1.663556e+01 2.522257e+01
      vertex   1.804948e-02 1.664720e+01 2.566742e+01
    endloop
  endfacet
  facet normal 9.999944e-01 -3.338194e-03 -9.753204e-17
    outer loop
      vertex   1.835994e-02 1.674020e+01 2.655226e+01
      vertex   1.863065e-02 1.682130e+01 2.698982e+01
      vertex   7.662194e-03 1.353557e+01 3.002745e+01
    endloop
  endfacet
  facet normal 9.999944e-01 -3.338194e-03 -9.730466e-17
    outer loop
      vertex   7.662194e-03 1.353557e+01 3.002745e+01
      vertex   1.863065e-02 1.682130e+01 2.698982e+01
      vertex   1.897744e-02 1.692518e+01 2.742253e+01
    endloop
  endfacet
  facet normal 9.999944e-01 -3.338194e-03 -1.103495e-16
    outer loop
      vertex   7.662194e-03 1.353557e+01 3.002745e+01
      vertex   1.897744e-02 1.692518e+01 2.742253e+01
      vertex   1.939935e-02 1.705157e+01 2.784921e+01
    endloop
  endfacet
  facet normal 9.999944e-01 -3.338194e-03 -9.377608e-17
    outer loop
      vertex   1.939935e-02 1.705157e+01 2.784921e+01
      vertex   1.989523e-02 1.720012e+01 2.826870e+01
      vertex   7.662194e-03 1.353557e+01 3.002745e+01
    endloop
  endfacet
  facet normal 9.999944e-01 -3.338194e-03 -8.257872e-17
    outer loop
      vertex   7.662194e-03 1.353557e+01 3.002745e+01
      vertex   1.989523e-02 1.720012e+01 2.826870e+01
      vertex   2.046371e-02 1.737042e+01 2.867983e+01
    endloop
  endfacet
  facet normal 9.999944e-01 -3.338194e-03 -1.306724e-16
    outer loop
      vertex   7.662194e-03 1.353557e+01 3.002745e+01
      vertex   2.046371e-02 1.737042e+01 2.867983e+01
      vertex   2.110325e-02 1.756199e+01 2.908149e+01
    endloop
  endfacet
  facet normal 9.999944e-01 -3.338194e-03 -7.891090e-17
    outer loop
      vertex   2.110325e-02 1.756199e+01 2.908149e+01
      vertex   2.181208e-02 1.777433e+01 2.947257e+01
      vertex   7.662194e-03 1.353557e+01 3.002745e+01
    endloop
  endfacet
  facet normal 9.999944e-01 -3.338194e-03 -1.375219e-16
    outer loop
      vertex   7.662194e-03 1.353557e+01 3.002745e+01
      vertex   2.181208e-02 1.777433e+01 2.947257e+01
      vertex   2.258826e-02 1.800685e+01 2.985200e+01
    endloop
  endfacet
  facet normal 9.999944e-01 -3.338194e-03 -9.693734e-17
    outer loop
      vertex   7.662194e-03 1.353557e+01 3.002745e+01
      vertex   2.258826e-02 1.800685e+01 2.985200e+01
      vertex   2.342967e-02 1.825890e+01 3.021874e+01
    endloop
  endfacet
  facet normal 9.999944e-01 -3.338194e-03 -8.544280e-17
    outer loop
      vertex   2.342967e-02 1.825890e+01 3.021874e+01
      vertex   2.433400e-02 1.852980e+01 3.057179e+01
      vertex   7.662194e-03 1.353557e+01 3.002745e+01
    endloop
  endfacet
  facet normal 9.999944e-01 -3.338194e-03 -9.428395e-17
    outer loop
      vertex   7.662194e-03 1.353557e+01 3.002745e+01
      vertex   2.433400e-02 1.852980e+01 3.057179e+01
      vertex   2.529877e-02 1.881881e+01 3.091018e+01
    endloop
  endfacet
  facet normal 9.999944e-01 -3.338194e-03 -1.129220e-16
    outer loop
      vertex   7.662194e-03 1.353557e+01 3.002745e+01
      vertex   2.529877e-02 1.881881e+01 3.091018e+01
      vertex   2.632134e-02 1.912513e+01 3.123298e+01
    endloop
  endfacet
  facet normal 9.999944e-01 -3.338194e-03 -8.506671e-17
    outer loop
      vertex   2.632134e-02 1.912513e+01 3.123298e+01
      vertex   2.739890e-02 1.944793e+01 3.153930e+01
      vertex   7.662194e-03 1.353557e+01 3.002745e+01
    endloop
  endfacet
  facet normal 9.999944e-01 -3.338194e-03 -5.075544e-17
    outer loop
      vertex   7.662194e-03 1.353557e+01 3.002745e+01
      vertex   2.739890e-02 1.944793e+01 3.153930e+01
      vertex   2.852850e-02 1.978631e+01 3.182831e+01
    endloop
  endfacet
  facet normal 9.999944e-01 -3.338194e-03 -1.045479e-16
    outer loop
      vertex   7.662194e-03 1.353557e+01 3.002745e+01
      vertex   2.852850e-02 1.978631e+01 3.182831e+01
      vertex   3.034563e-02 2.033066e+01 3.682257e+01
    endloop
  endfacet
  facet normal 9.999944e-01 -3.338194e-03 -1.010950e-16
    outer loop
      vertex   3.034563e-02 2.033066e+01 3.682257e+01
      vertex   2.852850e-02 1.978631e+01 3.182831e+01
      vertex   2.970704e-02 2.013936e+01 3.209921e+01
    endloop
  endfacet
  facet normal 9.999944e-01 -3.338194e-03 -1.005524e-16
    outer loop
      vertex   3.034563e-02 2.033066e+01 3.682257e+01
      vertex   2.970704e-02 2.013936e+01 3.209921e+01
      vertex   3.093130e-02 2.050610e+01 3.235127e+01
    endloop
  endfacet
  facet normal 9.999944e-01 -3.338194e-03 -9.906551e-17
    outer loop
      vertex   3.093130e-02 2.050610e+01 3.235127e+01
      vertex   3.219792e-02 2.088553e+01 3.258378e+01
      vertex   3.034563e-02 2.033066e+01 3.682257e+01
    endloop
  endfacet
  facet normal 9.999944e-01 -3.338194e-03 -9.656394e-17
    outer loop
      vertex   3.034563e-02 2.033066e+01 3.682257e+01
      vertex   3.219792e-02 2.088553e+01 3.258378e+01
      vertex   3.350342e-02 2.127661e+01 3.279612e+01
    endloop
  endfacet
  facet normal 9.999944e-01 -3.338194e-03 -9.773430e-17
    outer loop
      vertex   3.034563e-02 2.033066e+01 3.682257e+01
      vertex   3.350342e-02 2.127661e+01 3.279612e+01
      vertex   3.484423e-02 2.167827e+01 3.298770e+01
    endloop
  endfacet
  facet normal 9.999944e-01 -3.338194e-03 -1.058811e-16
    outer loop
      vertex   3.484423e-02 2.167827e+01 3.298770e+01
      vertex   3.621668e-02 2.208940e+01 3.315800e+01
      vertex   3.034563e-02 2.033066e+01 3.682257e+01
    endloop
  endfacet
  facet normal 9.999944e-01 -3.338194e-03 -1.039967e-16
    outer loop
      vertex   3.034563e-02 2.033066e+01 3.682257e+01
      vertex   3.621668e-02 2.208940e+01 3.315800e+01
      vertex   3.761699e-02 2.250888e+01 3.330655e+01
    endloop
  endfacet
  facet normal 9.999944e-01 -3.338194e-03 -9.102717e-17
    outer loop
      vertex   3.034563e-02 2.033066e+01 3.682257e+01
      vertex   3.761699e-02 2.250888e+01 3.330655e+01
      vertex   3.904134e-02 2.293556e+01 3.343294e+01
    endloop
  endfacet
  facet normal 9.999944e-01 -3.338194e-03 -1.133578e-16
    outer loop
      vertex   3.904134e-02 2.293556e+01 3.343294e+01
      vertex   4.048582e-02 2.336827e+01 3.353682e+01
      vertex   3.034563e-02 2.033066e+01 3.682257e+01
    endloop
  endfacet
  facet normal 9.999944e-01 -3.338194e-03 -1.144609e-16
    outer loop
      vertex   3.034563e-02 2.033066e+01 3.682257e+01
      vertex   4.048582e-02 2.336827e+01 3.353682e+01
      vertex   4.194647e-02 2.380582e+01 3.361792e+01
    endloop
  endfacet
  facet normal 9.999944e-01 -3.338194e-03 -7.562328e-17
    outer loop
      vertex   3.034563e-02 2.033066e+01 3.682257e+01
      vertex   4.194647e-02 2.380582e+01 3.361792e+01
      vertex   4.341928e-02 2.424702e+01 3.367600e+01
    endloop
  endfacet
  facet normal 9.999944e-01 -3.338194e-03 -9.146407e-17
    outer loop
      vertex   4.341928e-02 2.424702e+01 3.367600e+01
      vertex   4.490023e-02 2.469065e+01 3.371092e+01
      vertex   3.034563e-02 2.033066e+01 3.682257e+01
    endloop
  endfacet
  facet normal 9.999944e-01 -3.338194e-03 -9.289258e-17
    outer loop
      vertex   3.034563e-02 2.033066e+01 3.682257e+01
      vertex   4.490023e-02 2.469065e+01 3.371092e+01
      vertex   4.638524e-02 2.513551e+01 3.372257e+01
    endloop
  endfacet
  facet normal 9.999944e-01 -3.338194e-03 -1.022003e-16
    outer loop
      vertex   3.034563e-02 2.033066e+01 3.682257e+01
      vertex   4.638524e-02 2.513551e+01 3.372257e+01
      vertex   6.242485e-02 2.994036e+01 3.682257e+01
    endloop
  endfacet
  facet normal 9.999944e-01 -3.338194e-03 -6.851802e-17
    outer loop
      vertex   6.242485e-02 2.994036e+01 3.682257e+01
      vertex   4.638524e-02 2.513551e+01 3.372257e+01
      vertex   4.787026e-02 2.558036e+01 3.371092e+01
    endloop
  endfacet
  facet normal 9.999944e-01 -3.338194e-03 -1.305723e-16
    outer loop
      vertex   6.242485e-02 2.994036e+01 3.682257e+01
      vertex   4.787026e-02 2.558036e+01 3.371092e+01
      vertex   4.935120e-02 2.602400e+01 3.367600e+01
    endloop
  endfacet
  facet normal 9.999944e-01 -3.338194e-03 -7.153457e-17
    outer loop
      vertex   4.935120e-02 2.602400e+01 3.367600e+01
      vertex   5.082401e-02 2.646519e+01 3.361792e+01
      vertex   6.242485e-02 2.994036e+01 3.682257e+01
    endloop
  endfacet
  facet normal 9.999944e-01 -3.338194e-03 -1.165101e-16
    outer loop
      vertex   6.242485e-02 2.994036e+01 3.682257e+01
      vertex   5.082401e-02 2.646519e+01 3.361792e+01
      vertex   5.228466e-02 2.690275e+01 3.353682e+01
    endloop
  endfacet
  facet normal 9.999944e-01 -3.338194e-03 -9.925159e-17
    outer loop
      vertex   6.242485e-02 2.994036e+01 3.682257e+01
      vertex   5.228466e-02 2.690275e+01 3.353682e+01
      vertex   5.372914e-02 2.733546e+01 3.343294e+01
    endloop
  endfacet
  facet normal 9.999944e-01 -3.338194e-03 -9.498031e-17
    outer loop
      vertex   5.372914e-02 2.733546e+01 3.343294e+01
      vertex   5.515349e-02 2.776214e+01 3.330655e+01
      vertex   6.242485e-02 2.994036e+01 3.682257e+01
    endloop
  endfacet
  facet normal 9.999944e-01 -3.338194e-03 -1.018749e-16
    outer loop
      vertex   6.242485e-02 2.994036e+01 3.682257e+01
      vertex   5.515349e-02 2.776214e+01 3.330655e+01
      vertex   5.655381e-02 2.818162e+01 3.315800e+01
    endloop
  endfacet
  facet normal 9.999944e-01 -3.338194e-03 -1.068120e-16
    outer loop
      vertex   6.242485e-02 2.994036e+01 3.682257e+01
      vertex   5.655381e-02 2.818162e+01 3.315800e+01
      vertex   5.792625e-02 2.859275e+01 3.298770e+01
    endloop
  endfacet
  facet normal 9.999944e-01 -3.338194e-03 -9.533506e-17
    outer loop
      vertex   5.792625e-02 2.859275e+01 3.298770e+01
      vertex   5.926706e-02 2.899441e+01 3.279612e+01
      vertex   6.242485e-02 2.994036e+01 3.682257e+01
    endloop
  endfacet
  facet normal 9.999944e-01 -3.338194e-03 -9.970494e-17
    outer loop
      vertex   6.242485e-02 2.994036e+01 3.682257e+01
      vertex   5.926706e-02 2.899441e+01 3.279612e+01
      vertex   6.057256e-02 2.938548e+01 3.258378e+01
    endloop
  endfacet
  facet normal 9.999944e-01 -3.338194e-03 -9.916337e-17
    outer loop
      vertex   6.242485e-02 2.994036e+01 3.682257e+01
      vertex   6.057256e-02 2.938548e+01 3.258378e+01
      vertex   6.183918e-02 2.976491e+01 3.235127e+01
    endloop
  endfacet
  facet normal 9.999944e-01 -3.338194e-03 -9.922031e-17
    outer loop
      vertex   6.183918e-02 2.976491e+01 3.235127e+01
      vertex   6.306344e-02 3.013166e+01 3.209921e+01
      vertex   6.242485e-02 2.994036e+01 3.682257e+01
    endloop
  endfacet
  facet normal 9.999944e-01 -3.338194e-03 -9.945561e-17
    outer loop
      vertex   6.242485e-02 2.994036e+01 3.682257e+01
      vertex   6.306344e-02 3.013166e+01 3.209921e+01
      vertex   6.424198e-02 3.048470e+01 3.182831e+01
    endloop
  endfacet
  facet normal 9.999944e-01 -3.338194e-03 -9.828458e-17
    outer loop
      vertex   6.242485e-02 2.994036e+01 3.682257e+01
      vertex   6.424198e-02 3.048470e+01 3.182831e+01
      vertex   8.510829e-02 3.673544e+01 3.002745e+01
    endloop
  endfacet
  facet normal 9.999944e-01 -3.338194e-03 -1.079010e-16
    outer loop
      vertex   8.510829e-02 3.673544e+01 3.002745e+01
      vertex   6.424198e-02 3.048470e+01 3.182831e+01
      vertex   6.537159e-02 3.082309e+01 3.153930e+01
    endloop
  endfacet
  facet normal 9.999944e-01 -3.338194e-03 -1.333754e-16
    outer loop
      vertex   8.510829e-02 3.673544e+01 3.002745e+01
      vertex   6.537159e-02 3.082309e+01 3.153930e+01
      vertex   6.644915e-02 3.114588e+01 3.123298e+01
    endloop
  endfacet
  facet normal 9.999944e-01 -3.338194e-03 -3.316921e-17
    outer loop
      vertex   6.644915e-02 3.114588e+01 3.123298e+01
      vertex   6.747171e-02 3.145220e+01 3.091018e+01
      vertex   8.510829e-02 3.673544e+01 3.002745e+01
    endloop
  endfacet
  facet normal 9.999944e-01 -3.338194e-03 -1.260990e-16
    outer loop
      vertex   8.510829e-02 3.673544e+01 3.002745e+01
      vertex   6.747171e-02 3.145220e+01 3.091018e+01
      vertex   6.843648e-02 3.174121e+01 3.057179e+01
    endloop
  endfacet
  facet normal 9.999944e-01 -3.338194e-03 -8.172653e-17
    outer loop
      vertex   8.510829e-02 3.673544e+01 3.002745e+01
      vertex   6.843648e-02 3.174121e+01 3.057179e+01
      vertex   6.934081e-02 3.201211e+01 3.021874e+01
    endloop
  endfacet
  facet normal 9.999944e-01 -3.338194e-03 -1.098699e-16
    outer loop
      vertex   6.934081e-02 3.201211e+01 3.021874e+01
      vertex   7.018222e-02 3.226417e+01 2.985200e+01
      vertex   8.510829e-02 3.673544e+01 3.002745e+01
    endloop
  endfacet
  facet normal 9.999944e-01 -3.338194e-03 -1.116402e-16
    outer loop
      vertex   8.510829e-02 3.673544e+01 3.002745e+01
      vertex   7.018222e-02 3.226417e+01 2.985200e+01
      vertex   7.095841e-02 3.249668e+01 2.947257e+01
    endloop
  endfacet
  facet normal 9.999944e-01 -3.338194e-03 -1.214944e-16
    outer loop
      vertex   8.510829e-02 3.673544e+01 3.002745e+01
      vertex   7.095841e-02 3.249668e+01 2.947257e+01
      vertex   7.166724e-02 3.270902e+01 2.908149e+01
    endloop
  endfacet
  facet normal 9.999944e-01 -3.338194e-03 -8.472908e-17
    outer loop
      vertex   7.166724e-02 3.270902e+01 2.908149e+01
      vertex   7.230677e-02 3.290060e+01 2.867983e+01
      vertex   8.510829e-02 3.673544e+01 3.002745e+01
    endloop
  endfacet
  facet normal 9.999944e-01 -3.338194e-03 -1.052045e-16
    outer loop
      vertex   8.510829e-02 3.673544e+01 3.002745e+01
      vertex   7.230677e-02 3.290060e+01 2.867983e+01
      vertex   7.287525e-02 3.307090e+01 2.826870e+01
    endloop
  endfacet
  facet normal 9.999944e-01 -3.338194e-03 -7.793999e-17
    outer loop
      vertex   8.510829e-02 3.673544e+01 3.002745e+01
      vertex   7.287525e-02 3.307090e+01 2.826870e+01
      vertex   7.337113e-02 3.321944e+01 2.784921e+01
    endloop
  endfacet
  facet normal 9.999944e-01 -3.338194e-03 -8.523453e-17
    outer loop
      vertex   7.337113e-02 3.321944e+01 2.784921e+01
      vertex   7.379304e-02 3.334583e+01 2.742253e+01
      vertex   8.510829e-02 3.673544e+01 3.002745e+01
    endloop
  endfacet
  facet normal 9.999944e-01 -3.338194e-03 -1.205234e-16
    outer loop
      vertex   8.510829e-02 3.673544e+01 3.002745e+01
      vertex   7.379304e-02 3.334583e+01 2.742253e+01
      vertex   7.413983e-02 3.344972e+01 2.698982e+01
    endloop
  endfacet
  facet normal 9.999944e-01 -3.338194e-03 -1.237134e-16
    outer loop
      vertex   8.510829e-02 3.673544e+01 3.002745e+01
      vertex   7.413983e-02 3.344972e+01 2.698982e+01
      vertex   7.441055e-02 3.353081e+01 2.655226e+01
    endloop
  endfacet
  facet normal 9.999944e-01 -3.338194e-03 -7.335216e-17
    outer loop
      vertex   7.441055e-02 3.353081e+01 2.655226e+01
      vertex   7.460445e-02 3.358890e+01 2.611106e+01
      vertex   8.510829e-02 3.673544e+01 3.002745e+01
    endloop
  endfacet
  facet normal 9.999944e-01 -3.338194e-03 -1.174873e-16
    outer loop
      vertex   8.510829e-02 3.673544e+01 3.002745e+01
      vertex   7.460445e-02 3.358890e+01 2.611106e+01
      vertex   7.472100e-02 3.362381e+01 2.566742e+01
    endloop
  endfacet
  facet normal 9.999944e-01 -3.338194e-03 -1.000685e-16
    outer loop
      vertex   8.510829e-02 3.673544e+01 3.002745e+01
      vertex   7.472100e-02 3.362381e+01 2.566742e+01
      vertex   8.510829e-02 3.673544e+01 2.212257e+01
    endloop
  endfacet
  facet normal 9.999944e-01 -3.338194e-03 -1.236325e-16
    outer loop
      vertex   8.510829e-02 3.673544e+01 2.212257e+01
      vertex   7.472100e-02 3.362381e+01 2.566742e+01
      vertex   7.475989e-02 3.363546e+01 2.522257e+01
    endloop
  endfacet
  facet normal 9.999944e-01 -3.338194e-03 -9.846888e-17
    outer loop
      vertex   8.510829e-02 3.673544e+01 2.212257e+01
      vertex   7.475989e-02 3.363546e+01 2.522257e+01
      vertex   7.475989e-02 3.363546e+01 2.212257e+01
    endloop
  endfacet
  facet normal -7.094630e-01 -7.047427e-01 2.535398e-07
    outer loop
      vertex   1.201647e+00 1.173158e+01 1.992257e+01
      vertex   2.049905e-01 1.273491e+01 2.212257e+01
      vertex   1.002316e+00 1.193224e+01 1.972257e+01
    endloop
  endfacet
  facet normal -7.094633e-01 -7.047423e-01 2.770372e-08
    outer loop
      vertex   1.002316e+00 1.193224e+01 1.972257e+01
      vertex   2.049905e-01 1.273491e+01 2.212257e+01
      vertex   -2.933376e-01 1.323658e+01 2.015201e+01
    endloop
  endfacet
  facet normal -7.094632e-01 -7.047425e-01 7.370780e-07
    outer loop
      vertex   1.002316e+00 1.193224e+01 1.972257e+01
      vertex   -2.933376e-01 1.323658e+01 2.015201e+01
      vertex   -7.213389e-01 1.366744e+01 1.972257e+01
    endloop
  endfacet
  facet normal -7.094630e-01 -7.047427e-01 5.251081e-17
    outer loop
      vertex   1.201647e+00 1.173158e+01 2.292257e+01
      vertex   8.613670e-01 1.207414e+01 2.278115e+01
      vertex   1.201647e+00 1.173158e+01 1.992257e+01
    endloop
  endfacet
  facet normal -7.094634e-01 -7.047423e-01 -9.487375e-08
    outer loop
      vertex   1.201647e+00 1.173158e+01 1.992257e+01
      vertex   8.613670e-01 1.207414e+01 2.278115e+01
      vertex   2.049905e-01 1.273491e+01 2.212257e+01
    endloop
  endfacet
  facet normal -7.094633e-01 -7.047424e-01 8.622337e-17
    outer loop
      vertex   2.049905e-01 1.273491e+01 2.212257e+01
      vertex   -2.933376e-01 1.323658e+01 2.212257e+01
      vertex   -2.933376e-01 1.323658e+01 2.015201e+01
    endloop
  endfacet
  facet normal -7.087718e-01 -4.976372e-01 4.999998e-01
    outer loop
      vertex   8.613670e-01 1.207414e+01 2.278115e+01
      vertex   1.201647e+00 1.173158e+01 2.292257e+01
      vertex   1.202314e+00 1.193158e+01 2.312257e+01
    endloop
  endfacet
  facet normal -7.071030e-01 2.360483e-03 7.071067e-01
    outer loop
      vertex   1.221318e+00 1.762444e+01 2.312257e+01
      vertex   8.672781e-01 1.747917e+01 2.276902e+01
      vertex   8.613670e-01 1.207414e+01 2.278115e+01
    endloop
  endfacet
  facet normal -7.071028e-01 2.360483e-03 7.071069e-01
    outer loop
      vertex   8.613670e-01 1.207414e+01 2.278115e+01
      vertex   8.672781e-01 1.747917e+01 2.276902e+01
      vertex   2.186771e-01 1.683489e+01 2.212257e+01
    endloop
  endfacet
  facet normal -7.071028e-01 2.360459e-03 7.071068e-01
    outer loop
      vertex   8.613670e-01 1.207414e+01 2.278115e+01
      vertex   2.186771e-01 1.683489e+01 2.212257e+01
      vertex   2.049905e-01 1.273491e+01 2.212257e+01
    endloop
  endfacet
  facet normal -7.071028e-01 2.360459e-03 7.071068e-01
    outer loop
      vertex   8.613670e-01 1.207414e+01 2.278115e+01
      vertex   1.202314e+00 1.193158e+01 2.312257e+01
      vertex   1.221318e+00 1.762444e+01 2.312257e+01
    endloop
  endfacet
  facet normal -7.054338e-01 5.023579e-01 4.999997e-01
    outer loop
      vertex   1.222010e+00 1.783154e+01 2.291546e+01
      vertex   8.672781e-01 1.747917e+01 2.276902e+01
      vertex   1.221318e+00 1.762444e+01 2.312257e+01
    endloop
  endfacet
  facet normal 3.338194e-03 9.999944e-01 -6.465437e-19
    outer loop
      vertex   1.924343e+00 1.852920e+01 1.992257e+01
      vertex   1.924343e+00 1.852920e+01 2.221546e+01
      vertex   2.024342e+00 1.852887e+01 1.992257e+01
    endloop
  endfacet
  facet normal 3.338194e-03 9.999944e-01 -6.465437e-19
    outer loop
      vertex   2.024342e+00 1.852887e+01 1.992257e+01
      vertex   1.924343e+00 1.852920e+01 2.221546e+01
      vertex   2.024342e+00 1.852887e+01 2.221546e+01
    endloop
  endfacet
  facet normal 2.360459e-03 7.071028e-01 7.071068e-01
    outer loop
      vertex   2.024342e+00 1.852887e+01 2.221546e+01
      vertex   1.924343e+00 1.852920e+01 2.221546e+01
      vertex   2.021314e+00 1.762177e+01 2.312257e+01
    endloop
  endfacet
  facet normal 2.360242e-03 7.071028e-01 7.071068e-01
    outer loop
      vertex   2.021314e+00 1.762177e+01 2.312257e+01
      vertex   1.924343e+00 1.852920e+01 2.221546e+01
      vertex   1.222010e+00 1.783154e+01 2.291546e+01
    endloop
  endfacet
  facet normal 2.360461e-03 7.071032e-01 7.071064e-01
    outer loop
      vertex   2.021314e+00 1.762177e+01 2.312257e+01
      vertex   1.222010e+00 1.783154e+01 2.291546e+01
      vertex   1.221318e+00 1.762444e+01 2.312257e+01
    endloop
  endfacet
  facet normal 0.000000e+00 0.000000e+00 1.000000e+00
    outer loop
      vertex   1.221318e+00 1.762444e+01 2.312257e+01
      vertex   1.202314e+00 1.193158e+01 2.312257e+01
      vertex   2.021314e+00 1.762177e+01 2.312257e+01
    endloop
  endfacet
  facet normal 0.000000e+00 0.000000e+00 1.000000e+00
    outer loop
      vertex   2.021314e+00 1.762177e+01 2.312257e+01
      vertex   1.202314e+00 1.193158e+01 2.312257e+01
      vertex   2.002310e+00 1.192891e+01 2.312257e+01
    endloop
  endfacet
  facet normal -2.360461e-03 -7.071033e-01 7.071064e-01
    outer loop
      vertex   1.202314e+00 1.193158e+01 2.312257e+01
      vertex   1.201647e+00 1.173158e+01 2.292257e+01
      vertex   2.002310e+00 1.192891e+01 2.312257e+01
    endloop
  endfacet
  facet normal -2.360461e-03 -7.071033e-01 7.071064e-01
    outer loop
      vertex   2.002310e+00 1.192891e+01 2.312257e+01
      vertex   1.201647e+00 1.173158e+01 2.292257e+01
      vertex   2.001642e+00 1.172891e+01 2.292257e+01
    endloop
  endfacet
  facet normal -3.338194e-03 -9.999944e-01 2.470759e-19
    outer loop
      vertex   1.201647e+00 1.173158e+01 2.292257e+01
      vertex   1.201647e+00 1.173158e+01 1.992257e+01
      vertex   2.001642e+00 1.172891e+01 2.292257e+01
    endloop
  endfacet
  facet normal -3.338194e-03 -9.999944e-01 -0.000000e+00
    outer loop
      vertex   2.001642e+00 1.172891e+01 2.292257e+01
      vertex   1.201647e+00 1.173158e+01 1.992257e+01
      vertex   2.001642e+00 1.172891e+01 1.992257e+01
    endloop
  endfacet
  facet normal -2.360459e-03 -7.071028e-01 -7.071068e-01
    outer loop
      vertex   2.001642e+00 1.172891e+01 1.992257e+01
      vertex   1.201647e+00 1.173158e+01 1.992257e+01
      vertex   2.002310e+00 1.192891e+01 1.972257e+01
    endloop
  endfacet
  facet normal -2.360459e-03 -7.071028e-01 -7.071068e-01
    outer loop
      vertex   2.002310e+00 1.192891e+01 1.972257e+01
      vertex   1.201647e+00 1.173158e+01 1.992257e+01
      vertex   1.002316e+00 1.193224e+01 1.972257e+01
    endloop
  endfacet
  facet normal 2.360456e-03 7.071020e-01 -7.071076e-01
    outer loop
      vertex   1.723676e+00 1.832987e+01 1.972257e+01
      vertex   1.924343e+00 1.852920e+01 1.992257e+01
      vertex   2.023674e+00 1.832887e+01 1.972257e+01
    endloop
  endfacet
  facet normal 2.360456e-03 7.071020e-01 -7.071076e-01
    outer loop
      vertex   2.023674e+00 1.832887e+01 1.972257e+01
      vertex   1.924343e+00 1.852920e+01 1.992257e+01
      vertex   2.024342e+00 1.852887e+01 1.992257e+01
    endloop
  endfacet
  facet normal 9.999944e-01 -3.338194e-03 -1.709422e-15
    outer loop
      vertex   2.002310e+00 1.192891e+01 1.972257e+01
      vertex   2.023674e+00 1.832887e+01 1.972257e+01
      vertex   2.001642e+00 1.172891e+01 1.992257e+01
    endloop
  endfacet
  facet normal 9.999944e-01 -3.338194e-03 1.861410e-15
    outer loop
      vertex   2.001642e+00 1.172891e+01 1.992257e+01
      vertex   2.023674e+00 1.832887e+01 1.972257e+01
      vertex   2.024342e+00 1.852887e+01 1.992257e+01
    endloop
  endfacet
  facet normal 9.999944e-01 -3.338194e-03 -1.942641e-16
    outer loop
      vertex   2.001642e+00 1.172891e+01 1.992257e+01
      vertex   2.024342e+00 1.852887e+01 1.992257e+01
      vertex   2.024342e+00 1.852887e+01 2.221546e+01
    endloop
  endfacet
  facet normal 9.999944e-01 -3.338194e-03 0.000000e+00
    outer loop
      vertex   2.001642e+00 1.172891e+01 1.992257e+01
      vertex   2.024342e+00 1.852887e+01 2.221546e+01
      vertex   2.001642e+00 1.172891e+01 2.292257e+01
    endloop
  endfacet
  facet normal 9.999944e-01 -3.338194e-03 2.159175e-17
    outer loop
      vertex   2.001642e+00 1.172891e+01 2.292257e+01
      vertex   2.024342e+00 1.852887e+01 2.221546e+01
      vertex   2.021314e+00 1.762177e+01 2.312257e+01
    endloop
  endfacet
  facet normal 9.999944e-01 -3.338194e-03 -5.759601e-16
    outer loop
      vertex   2.001642e+00 1.172891e+01 2.292257e+01
      vertex   2.021314e+00 1.762177e+01 2.312257e+01
      vertex   2.002310e+00 1.192891e+01 2.312257e+01
    endloop
  endfacet
  facet normal -7.047421e-01 7.094636e-01 2.535398e-07
    outer loop
      vertex   1.090444e+00 3.833210e+01 1.972257e+01
      vertex   2.877777e-01 3.753477e+01 2.212257e+01
      vertex   1.291110e+00 3.853143e+01 1.992257e+01
    endloop
  endfacet
  facet normal -7.047425e-01 7.094632e-01 -9.487375e-08
    outer loop
      vertex   1.291110e+00 3.853143e+01 1.992257e+01
      vertex   2.877777e-01 3.753477e+01 2.212257e+01
      vertex   9.485512e-01 3.819115e+01 2.278115e+01
    endloop
  endfacet
  facet normal -7.047421e-01 7.094636e-01 1.043228e-16
    outer loop
      vertex   1.291110e+00 3.853143e+01 1.992257e+01
      vertex   9.485512e-01 3.819115e+01 2.278115e+01
      vertex   1.291110e+00 3.853143e+01 2.292257e+01
    endloop
  endfacet
  facet normal -7.047423e-01 7.094634e-01 7.370780e-07
    outer loop
      vertex   -6.447570e-01 3.660844e+01 1.972257e+01
      vertex   -2.138886e-01 3.703644e+01 2.015201e+01
      vertex   1.090444e+00 3.833210e+01 1.972257e+01
    endloop
  endfacet
  facet normal -7.047424e-01 7.094633e-01 2.770372e-08
    outer loop
      vertex   1.090444e+00 3.833210e+01 1.972257e+01
      vertex   -2.138886e-01 3.703644e+01 2.015201e+01
      vertex   2.877777e-01 3.753477e+01 2.212257e+01
    endloop
  endfacet
  facet normal -7.047424e-01 7.094633e-01 6.948457e-17
    outer loop
      vertex   -2.138886e-01 3.703644e+01 2.015201e+01
      vertex   -2.138886e-01 3.703644e+01 2.212257e+01
      vertex   2.877777e-01 3.753477e+01 2.212257e+01
    endloop
  endfacet
  facet normal 3.337050e-03 9.996517e-01 -2.617735e-02
    outer loop
      vertex   1.801060e-02 1.663556e+01 2.522257e+01
      vertex   -8.198885e-02 1.663589e+01 2.522257e+01
      vertex   1.804948e-02 1.664720e+01 2.566742e+01
    endloop
  endfacet
  facet normal 3.337050e-03 9.996517e-01 -2.617735e-02
    outer loop
      vertex   1.804948e-02 1.664720e+01 2.566742e+01
      vertex   -8.198885e-02 1.663589e+01 2.522257e+01
      vertex   -8.194996e-02 1.664754e+01 2.566742e+01
    endloop
  endfacet
  facet normal 3.327903e-03 9.969118e-01 -7.845918e-02
    outer loop
      vertex   1.804948e-02 1.664720e+01 2.566742e+01
      vertex   -8.194996e-02 1.664754e+01 2.566742e+01
      vertex   1.816604e-02 1.668212e+01 2.611106e+01
    endloop
  endfacet
  facet normal 3.327903e-03 9.969118e-01 -7.845918e-02
    outer loop
      vertex   1.816604e-02 1.668212e+01 2.611106e+01
      vertex   -8.194996e-02 1.664754e+01 2.566742e+01
      vertex   -8.183341e-02 1.668245e+01 2.611106e+01
    endloop
  endfacet
  facet normal 3.309635e-03 9.914393e-01 -1.305267e-01
    outer loop
      vertex   1.816604e-02 1.668212e+01 2.611106e+01
      vertex   -8.183341e-02 1.668245e+01 2.611106e+01
      vertex   1.835994e-02 1.674020e+01 2.655226e+01
    endloop
  endfacet
  facet normal 3.309635e-03 9.914393e-01 -1.305267e-01
    outer loop
      vertex   1.835994e-02 1.674020e+01 2.655226e+01
      vertex   -8.183341e-02 1.668245e+01 2.611106e+01
      vertex   -8.163951e-02 1.674054e+01 2.655226e+01
    endloop
  endfacet
  facet normal 3.282296e-03 9.832497e-01 -1.822342e-01
    outer loop
      vertex   1.835994e-02 1.674020e+01 2.655226e+01
      vertex   -8.163951e-02 1.674054e+01 2.655226e+01
      vertex   1.863065e-02 1.682130e+01 2.698982e+01
    endloop
  endfacet
  facet normal 3.282296e-03 9.832497e-01 -1.822342e-01
    outer loop
      vertex   1.863065e-02 1.682130e+01 2.698982e+01
      vertex   -8.163951e-02 1.674054e+01 2.655226e+01
      vertex   -8.136880e-02 1.682163e+01 2.698982e+01
    endloop
  endfacet
  facet normal 3.245958e-03 9.723642e-01 -2.334465e-01
    outer loop
      vertex   1.863065e-02 1.682130e+01 2.698982e+01
      vertex   -8.136880e-02 1.682163e+01 2.698982e+01
      vertex   1.897744e-02 1.692518e+01 2.742253e+01
    endloop
  endfacet
  facet normal 3.245958e-03 9.723642e-01 -2.334465e-01
    outer loop
      vertex   1.897744e-02 1.692518e+01 2.742253e+01
      vertex   -8.136880e-02 1.682163e+01 2.698982e+01
      vertex   -8.102201e-02 1.692552e+01 2.742253e+01
    endloop
  endfacet
  facet normal 3.200727e-03 9.588147e-01 -2.840142e-01
    outer loop
      vertex   1.897744e-02 1.692518e+01 2.742253e+01
      vertex   -8.102201e-02 1.692552e+01 2.742253e+01
      vertex   1.939935e-02 1.705157e+01 2.784921e+01
    endloop
  endfacet
  facet normal 3.200727e-03 9.588147e-01 -2.840142e-01
    outer loop
      vertex   1.939935e-02 1.705157e+01 2.784921e+01
      vertex   -8.102201e-02 1.692552e+01 2.742253e+01
      vertex   -8.060010e-02 1.705191e+01 2.784921e+01
    endloop
  endfacet
  facet normal 3.146719e-03 9.426360e-01 -3.338076e-01
    outer loop
      vertex   1.939935e-02 1.705157e+01 2.784921e+01
      vertex   -8.060010e-02 1.705191e+01 2.784921e+01
      vertex   1.989523e-02 1.720012e+01 2.826870e+01
    endloop
  endfacet
  facet normal 3.146719e-03 9.426360e-01 -3.338076e-01
    outer loop
      vertex   1.989523e-02 1.720012e+01 2.826870e+01
      vertex   -8.060010e-02 1.705191e+01 2.784921e+01
      vertex   -8.010422e-02 1.720045e+01 2.826870e+01
    endloop
  endfacet
  facet normal 3.084089e-03 9.238745e-01 -3.826832e-01
    outer loop
      vertex   1.989523e-02 1.720012e+01 2.826870e+01
      vertex   -8.010422e-02 1.720045e+01 2.826870e+01
      vertex   2.046371e-02 1.737042e+01 2.867983e+01
    endloop
  endfacet
  facet normal 3.084089e-03 9.238745e-01 -3.826832e-01
    outer loop
      vertex   2.046371e-02 1.737042e+01 2.867983e+01
      vertex   -8.010422e-02 1.720045e+01 2.826870e+01
      vertex   -7.953573e-02 1.737075e+01 2.867983e+01
    endloop
  endfacet
  facet normal 3.013005e-03 9.025803e-01 -4.305110e-01
    outer loop
      vertex   2.046371e-02 1.737042e+01 2.867983e+01
      vertex   -7.953573e-02 1.737075e+01 2.867983e+01
      vertex   2.110325e-02 1.756199e+01 2.908149e+01
    endloop
  endfacet
  facet normal 3.013005e-03 9.025803e-01 -4.305110e-01
    outer loop
      vertex   2.110325e-02 1.756199e+01 2.908149e+01
      vertex   -7.953573e-02 1.737075e+01 2.867983e+01
      vertex   -7.889620e-02 1.756233e+01 2.908149e+01
    endloop
  endfacet
  facet normal 2.933662e-03 8.788124e-01 -4.771585e-01
    outer loop
      vertex   2.110325e-02 1.756199e+01 2.908149e+01
      vertex   -7.889620e-02 1.756233e+01 2.908149e+01
      vertex   2.181208e-02 1.777433e+01 2.947257e+01
    endloop
  endfacet
  facet normal 2.933662e-03 8.788124e-01 -4.771585e-01
    outer loop
      vertex   2.181208e-02 1.777433e+01 2.947257e+01
      vertex   -7.889620e-02 1.756233e+01 2.908149e+01
      vertex   -7.818737e-02 1.777467e+01 2.947257e+01
    endloop
  endfacet
  facet normal 2.846277e-03 8.526352e-01 -5.224989e-01
    outer loop
      vertex   2.181208e-02 1.777433e+01 2.947257e+01
      vertex   -7.818737e-02 1.777467e+01 2.947257e+01
      vertex   2.258826e-02 1.800685e+01 2.985200e+01
    endloop
  endfacet
  facet normal 2.846277e-03 8.526352e-01 -5.224989e-01
    outer loop
      vertex   2.258826e-02 1.800685e+01 2.985200e+01
      vertex   -7.818737e-02 1.777467e+01 2.947257e+01
      vertex   -7.741118e-02 1.800718e+01 2.985200e+01
    endloop
  endfacet
  facet normal 2.751094e-03 8.241220e-01 -5.664057e-01
    outer loop
      vertex   2.258826e-02 1.800685e+01 2.985200e+01
      vertex   -7.741118e-02 1.800718e+01 2.985200e+01
      vertex   2.342967e-02 1.825890e+01 3.021874e+01
    endloop
  endfacet
  facet normal 2.751094e-03 8.241220e-01 -5.664057e-01
    outer loop
      vertex   2.342967e-02 1.825890e+01 3.021874e+01
      vertex   -7.741118e-02 1.800718e+01 2.985200e+01
      vertex   -7.656978e-02 1.825924e+01 3.021874e+01
    endloop
  endfacet
  facet normal 2.648365e-03 7.933483e-01 -6.087622e-01
    outer loop
      vertex   2.342967e-02 1.825890e+01 3.021874e+01
      vertex   -7.656978e-02 1.825924e+01 3.021874e+01
      vertex   2.433400e-02 1.852980e+01 3.057179e+01
    endloop
  endfacet
  facet normal 2.648365e-03 7.933483e-01 -6.087622e-01
    outer loop
      vertex   2.433400e-02 1.852980e+01 3.057179e+01
      vertex   -7.656978e-02 1.825924e+01 3.021874e+01
      vertex   -7.566545e-02 1.853014e+01 3.057179e+01
    endloop
  endfacet
  facet normal 2.538383e-03 7.604020e-01 -6.494477e-01
    outer loop
      vertex   2.433400e-02 1.852980e+01 3.057179e+01
      vertex   -7.566545e-02 1.853014e+01 3.057179e+01
      vertex   2.529877e-02 1.881881e+01 3.091018e+01
    endloop
  endfacet
  facet normal 2.538383e-03 7.604020e-01 -6.494477e-01
    outer loop
      vertex   2.529877e-02 1.881881e+01 3.091018e+01
      vertex   -7.566545e-02 1.853014e+01 3.057179e+01
      vertex   -7.470068e-02 1.881915e+01 3.091018e+01
    endloop
  endfacet
  facet normal 2.421439e-03 7.253700e-01 -6.883550e-01
    outer loop
      vertex   2.529877e-02 1.881881e+01 3.091018e+01
      vertex   -7.470068e-02 1.881915e+01 3.091018e+01
      vertex   2.632134e-02 1.912513e+01 3.123298e+01
    endloop
  endfacet
  facet normal 2.421439e-03 7.253700e-01 -6.883550e-01
    outer loop
      vertex   2.632134e-02 1.912513e+01 3.123298e+01
      vertex   -7.470068e-02 1.881915e+01 3.091018e+01
      vertex   -7.367811e-02 1.912547e+01 3.123298e+01
    endloop
  endfacet
  facet normal 2.297862e-03 6.883511e-01 -7.253740e-01
    outer loop
      vertex   2.632134e-02 1.912513e+01 3.123298e+01
      vertex   -7.367811e-02 1.912547e+01 3.123298e+01
      vertex   2.739890e-02 1.944793e+01 3.153930e+01
    endloop
  endfacet
  facet normal 2.297862e-03 6.883511e-01 -7.253740e-01
    outer loop
      vertex   2.739890e-02 1.944793e+01 3.153930e+01
      vertex   -7.367811e-02 1.912547e+01 3.123298e+01
      vertex   -7.260055e-02 1.944826e+01 3.153930e+01
    endloop
  endfacet
  facet normal 2.167982e-03 6.494441e-01 -7.604062e-01
    outer loop
      vertex   2.739890e-02 1.944793e+01 3.153930e+01
      vertex   -7.260055e-02 1.944826e+01 3.153930e+01
      vertex   2.852850e-02 1.978631e+01 3.182831e+01
    endloop
  endfacet
  facet normal 2.167982e-03 6.494441e-01 -7.604062e-01
    outer loop
      vertex   2.852850e-02 1.978631e+01 3.182831e+01
      vertex   -7.260055e-02 1.944826e+01 3.153930e+01
      vertex   -7.147095e-02 1.978665e+01 3.182831e+01
    endloop
  endfacet
  facet normal 2.032166e-03 6.087588e-01 -7.933527e-01
    outer loop
      vertex   2.852850e-02 1.978631e+01 3.182831e+01
      vertex   -7.147095e-02 1.978665e+01 3.182831e+01
      vertex   2.970704e-02 2.013936e+01 3.209921e+01
    endloop
  endfacet
  facet normal 2.032166e-03 6.087588e-01 -7.933527e-01
    outer loop
      vertex   2.970704e-02 2.013936e+01 3.209921e+01
      vertex   -7.147095e-02 1.978665e+01 3.182831e+01
      vertex   -7.029240e-02 2.013969e+01 3.209921e+01
    endloop
  endfacet
  facet normal 1.890772e-03 5.664025e-01 -8.241266e-01
    outer loop
      vertex   2.970704e-02 2.013936e+01 3.209921e+01
      vertex   -7.029240e-02 2.013969e+01 3.209921e+01
      vertex   3.093130e-02 2.050610e+01 3.235127e+01
    endloop
  endfacet
  facet normal 1.890772e-03 5.664025e-01 -8.241266e-01
    outer loop
      vertex   3.093130e-02 2.050610e+01 3.235127e+01
      vertex   -7.029240e-02 2.013969e+01 3.209921e+01
      vertex   -6.906814e-02 2.050644e+01 3.235127e+01
    endloop
  endfacet
  facet normal 1.744203e-03 5.224960e-01 -8.526399e-01
    outer loop
      vertex   3.093130e-02 2.050610e+01 3.235127e+01
      vertex   -6.906814e-02 2.050644e+01 3.235127e+01
      vertex   3.219792e-02 2.088553e+01 3.258378e+01
    endloop
  endfacet
  facet normal 1.744203e-03 5.224960e-01 -8.526399e-01
    outer loop
      vertex   3.219792e-02 2.088553e+01 3.258378e+01
      vertex   -6.906814e-02 2.050644e+01 3.235127e+01
      vertex   -6.780153e-02 2.088587e+01 3.258378e+01
    endloop
  endfacet
  facet normal 1.592847e-03 4.771558e-01 -8.788173e-01
    outer loop
      vertex   3.219792e-02 2.088553e+01 3.258378e+01
      vertex   -6.780153e-02 2.088587e+01 3.258378e+01
      vertex   3.350342e-02 2.127661e+01 3.279612e+01
    endloop
  endfacet
  facet normal 1.592847e-03 4.771558e-01 -8.788173e-01
    outer loop
      vertex   3.350342e-02 2.127661e+01 3.279612e+01
      vertex   -6.780153e-02 2.088587e+01 3.258378e+01
      vertex   -6.649602e-02 2.127694e+01 3.279612e+01
    endloop
  endfacet
  facet normal 1.437129e-03 4.305086e-01 -9.025853e-01
    outer loop
      vertex   3.350342e-02 2.127661e+01 3.279612e+01
      vertex   -6.649602e-02 2.127694e+01 3.279612e+01
      vertex   3.484423e-02 2.167827e+01 3.298770e+01
    endloop
  endfacet
  facet normal 1.437129e-03 4.305086e-01 -9.025853e-01
    outer loop
      vertex   3.484423e-02 2.167827e+01 3.298770e+01
      vertex   -6.649602e-02 2.127694e+01 3.279612e+01
      vertex   -6.515521e-02 2.167860e+01 3.298770e+01
    endloop
  endfacet
  facet normal 1.277471e-03 3.826810e-01 -9.238796e-01
    outer loop
      vertex   3.484423e-02 2.167827e+01 3.298770e+01
      vertex   -6.515521e-02 2.167860e+01 3.298770e+01
      vertex   3.621668e-02 2.208940e+01 3.315800e+01
    endloop
  endfacet
  facet normal 1.277471e-03 3.826810e-01 -9.238796e-01
    outer loop
      vertex   3.621668e-02 2.208940e+01 3.315800e+01
      vertex   -6.515521e-02 2.167860e+01 3.298770e+01
      vertex   -6.378277e-02 2.208973e+01 3.315800e+01
    endloop
  endfacet
  facet normal 1.114314e-03 3.338058e-01 -9.426412e-01
    outer loop
      vertex   3.621668e-02 2.208940e+01 3.315800e+01
      vertex   -6.378277e-02 2.208973e+01 3.315800e+01
      vertex   3.761699e-02 2.250888e+01 3.330655e+01
    endloop
  endfacet
  facet normal 1.114314e-03 3.338058e-01 -9.426412e-01
    outer loop
      vertex   3.761699e-02 2.250888e+01 3.330655e+01
      vertex   -6.378277e-02 2.208973e+01 3.315800e+01
      vertex   -6.238245e-02 2.250921e+01 3.330655e+01
    endloop
  endfacet
  facet normal 9.480944e-04 2.840126e-01 -9.588201e-01
    outer loop
      vertex   3.761699e-02 2.250888e+01 3.330655e+01
      vertex   -6.238245e-02 2.250921e+01 3.330655e+01
      vertex   3.904134e-02 2.293556e+01 3.343294e+01
    endloop
  endfacet
  facet normal 9.480944e-04 2.840126e-01 -9.588201e-01
    outer loop
      vertex   3.904134e-02 2.293556e+01 3.343294e+01
      vertex   -6.238245e-02 2.250921e+01 3.330655e+01
      vertex   -6.095810e-02 2.293589e+01 3.343294e+01
    endloop
  endfacet
  facet normal 7.792898e-04 2.334452e-01 -9.723696e-01
    outer loop
      vertex   3.904134e-02 2.293556e+01 3.343294e+01
      vertex   -6.095810e-02 2.293589e+01 3.343294e+01
      vertex   4.048582e-02 2.336827e+01 3.353682e+01
    endloop
  endfacet
  facet normal 7.792898e-04 2.334452e-01 -9.723696e-01
    outer loop
      vertex   4.048582e-02 2.336827e+01 3.353682e+01
      vertex   -6.095810e-02 2.293589e+01 3.343294e+01
      vertex   -5.951362e-02 2.336860e+01 3.353682e+01
    endloop
  endfacet
  facet normal 6.083332e-04 1.822332e-01 -9.832551e-01
    outer loop
      vertex   4.048582e-02 2.336827e+01 3.353682e+01
      vertex   -5.951362e-02 2.336860e+01 3.353682e+01
      vertex   4.194647e-02 2.380582e+01 3.361792e+01
    endloop
  endfacet
  facet normal 6.083332e-04 1.822332e-01 -9.832551e-01
    outer loop
      vertex   4.194647e-02 2.380582e+01 3.361792e+01
      vertex   -5.951362e-02 2.336860e+01 3.353682e+01
      vertex   -5.805298e-02 2.380616e+01 3.361792e+01
    endloop
  endfacet
  facet normal 4.357233e-04 1.305260e-01 -9.914448e-01
    outer loop
      vertex   4.194647e-02 2.380582e+01 3.361792e+01
      vertex   -5.805298e-02 2.380616e+01 3.361792e+01
      vertex   4.341928e-02 2.424702e+01 3.367600e+01
    endloop
  endfacet
  facet normal 4.357233e-04 1.305260e-01 -9.914448e-01
    outer loop
      vertex   4.341928e-02 2.424702e+01 3.367600e+01
      vertex   -5.805298e-02 2.380616e+01 3.361792e+01
      vertex   -5.658016e-02 2.424735e+01 3.367600e+01
    endloop
  endfacet
  facet normal 2.619119e-04 7.845874e-02 -9.969173e-01
    outer loop
      vertex   4.341928e-02 2.424702e+01 3.367600e+01
      vertex   -5.658016e-02 2.424735e+01 3.367600e+01
      vertex   4.490023e-02 2.469065e+01 3.371092e+01
    endloop
  endfacet
  facet normal 2.619119e-04 7.845874e-02 -9.969173e-01
    outer loop
      vertex   4.490023e-02 2.469065e+01 3.371092e+01
      vertex   -5.658016e-02 2.424735e+01 3.367600e+01
      vertex   -5.509922e-02 2.469099e+01 3.371092e+01
    endloop
  endfacet
  facet normal 8.738505e-05 2.617720e-02 -9.996573e-01
    outer loop
      vertex   4.490023e-02 2.469065e+01 3.371092e+01
      vertex   -5.509922e-02 2.469099e+01 3.371092e+01
      vertex   4.638524e-02 2.513551e+01 3.372257e+01
    endloop
  endfacet
  facet normal 8.738505e-05 2.617720e-02 -9.996573e-01
    outer loop
      vertex   4.638524e-02 2.513551e+01 3.372257e+01
      vertex   -5.509922e-02 2.469099e+01 3.371092e+01
      vertex   -5.361420e-02 2.513584e+01 3.372257e+01
    endloop
  endfacet
  facet normal -8.738505e-05 -2.617720e-02 -9.996573e-01
    outer loop
      vertex   4.638524e-02 2.513551e+01 3.372257e+01
      vertex   -5.361420e-02 2.513584e+01 3.372257e+01
      vertex   4.787026e-02 2.558036e+01 3.371092e+01
    endloop
  endfacet
  facet normal -8.738505e-05 -2.617720e-02 -9.996573e-01
    outer loop
      vertex   4.787026e-02 2.558036e+01 3.371092e+01
      vertex   -5.361420e-02 2.513584e+01 3.372257e+01
      vertex   -5.212919e-02 2.558070e+01 3.371092e+01
    endloop
  endfacet
  facet normal -2.619119e-04 -7.845874e-02 -9.969173e-01
    outer loop
      vertex   4.787026e-02 2.558036e+01 3.371092e+01
      vertex   -5.212919e-02 2.558070e+01 3.371092e+01
      vertex   4.935120e-02 2.602400e+01 3.367600e+01
    endloop
  endfacet
  facet normal -2.619119e-04 -7.845874e-02 -9.969173e-01
    outer loop
      vertex   4.935120e-02 2.602400e+01 3.367600e+01
      vertex   -5.212919e-02 2.558070e+01 3.371092e+01
      vertex   -5.064825e-02 2.602433e+01 3.367600e+01
    endloop
  endfacet
  facet normal -4.357233e-04 -1.305260e-01 -9.914448e-01
    outer loop
      vertex   4.935120e-02 2.602400e+01 3.367600e+01
      vertex   -5.064825e-02 2.602433e+01 3.367600e+01
      vertex   5.082401e-02 2.646519e+01 3.361792e+01
    endloop
  endfacet
  facet normal -4.357233e-04 -1.305260e-01 -9.914448e-01
    outer loop
      vertex   5.082401e-02 2.646519e+01 3.361792e+01
      vertex   -5.064825e-02 2.602433e+01 3.367600e+01
      vertex   -4.917543e-02 2.646553e+01 3.361792e+01
    endloop
  endfacet
  facet normal -6.083332e-04 -1.822332e-01 -9.832551e-01
    outer loop
      vertex   5.082401e-02 2.646519e+01 3.361792e+01
      vertex   -4.917543e-02 2.646553e+01 3.361792e+01
      vertex   5.228466e-02 2.690275e+01 3.353682e+01
    endloop
  endfacet
  facet normal -6.083332e-04 -1.822332e-01 -9.832551e-01
    outer loop
      vertex   5.228466e-02 2.690275e+01 3.353682e+01
      vertex   -4.917543e-02 2.646553e+01 3.361792e+01
      vertex   -4.771478e-02 2.690308e+01 3.353682e+01
    endloop
  endfacet
  facet normal -7.792898e-04 -2.334452e-01 -9.723696e-01
    outer loop
      vertex   5.228466e-02 2.690275e+01 3.353682e+01
      vertex   -4.771478e-02 2.690308e+01 3.353682e+01
      vertex   5.372914e-02 2.733546e+01 3.343294e+01
    endloop
  endfacet
  facet normal -7.792898e-04 -2.334452e-01 -9.723696e-01
    outer loop
      vertex   5.372914e-02 2.733546e+01 3.343294e+01
      vertex   -4.771478e-02 2.690308e+01 3.353682e+01
      vertex   -4.627031e-02 2.733579e+01 3.343294e+01
    endloop
  endfacet
  facet normal -9.480944e-04 -2.840126e-01 -9.588201e-01
    outer loop
      vertex   5.372914e-02 2.733546e+01 3.343294e+01
      vertex   -4.627031e-02 2.733579e+01 3.343294e+01
      vertex   5.515349e-02 2.776214e+01 3.330655e+01
    endloop
  endfacet
  facet normal -9.480944e-04 -2.840126e-01 -9.588201e-01
    outer loop
      vertex   5.515349e-02 2.776214e+01 3.330655e+01
      vertex   -4.627031e-02 2.733579e+01 3.343294e+01
      vertex   -4.484596e-02 2.776247e+01 3.330655e+01
    endloop
  endfacet
  facet normal -1.114314e-03 -3.338058e-01 -9.426412e-01
    outer loop
      vertex   5.515349e-02 2.776214e+01 3.330655e+01
      vertex   -4.484596e-02 2.776247e+01 3.330655e+01
      vertex   5.655381e-02 2.818162e+01 3.315800e+01
    endloop
  endfacet
  facet normal -1.114314e-03 -3.338058e-01 -9.426412e-01
    outer loop
      vertex   5.655381e-02 2.818162e+01 3.315800e+01
      vertex   -4.484596e-02 2.776247e+01 3.330655e+01
      vertex   -4.344564e-02 2.818195e+01 3.315800e+01
    endloop
  endfacet
  facet normal -1.277471e-03 -3.826810e-01 -9.238796e-01
    outer loop
      vertex   5.655381e-02 2.818162e+01 3.315800e+01
      vertex   -4.344564e-02 2.818195e+01 3.315800e+01
      vertex   5.792625e-02 2.859275e+01 3.298770e+01
    endloop
  endfacet
  facet normal -1.277471e-03 -3.826810e-01 -9.238796e-01
    outer loop
      vertex   5.792625e-02 2.859275e+01 3.298770e+01
      vertex   -4.344564e-02 2.818195e+01 3.315800e+01
      vertex   -4.207320e-02 2.859308e+01 3.298770e+01
    endloop
  endfacet
  facet normal -1.437129e-03 -4.305086e-01 -9.025853e-01
    outer loop
      vertex   5.792625e-02 2.859275e+01 3.298770e+01
      vertex   -4.207320e-02 2.859308e+01 3.298770e+01
      vertex   5.926706e-02 2.899441e+01 3.279612e+01
    endloop
  endfacet
  facet normal -1.437129e-03 -4.305086e-01 -9.025853e-01
    outer loop
      vertex   5.926706e-02 2.899441e+01 3.279612e+01
      vertex   -4.207320e-02 2.859308e+01 3.298770e+01
      vertex   -4.073238e-02 2.899474e+01 3.279612e+01
    endloop
  endfacet
  facet normal -1.592847e-03 -4.771558e-01 -8.788173e-01
    outer loop
      vertex   5.926706e-02 2.899441e+01 3.279612e+01
      vertex   -4.073238e-02 2.899474e+01 3.279612e+01
      vertex   6.057256e-02 2.938548e+01 3.258378e+01
    endloop
  endfacet
  facet normal -1.592847e-03 -4.771558e-01 -8.788173e-01
    outer loop
      vertex   6.057256e-02 2.938548e+01 3.258378e+01
      vertex   -4.073238e-02 2.899474e+01 3.279612e+01
      vertex   -3.942688e-02 2.938582e+01 3.258378e+01
    endloop
  endfacet
  facet normal -1.744203e-03 -5.224960e-01 -8.526399e-01
    outer loop
      vertex   6.057256e-02 2.938548e+01 3.258378e+01
      vertex   -3.942688e-02 2.938582e+01 3.258378e+01
      vertex   6.183918e-02 2.976491e+01 3.235127e+01
    endloop
  endfacet
  facet normal -1.744203e-03 -5.224960e-01 -8.526399e-01
    outer loop
      vertex   6.183918e-02 2.976491e+01 3.235127e+01
      vertex   -3.942688e-02 2.938582e+01 3.258378e+01
      vertex   -3.816026e-02 2.976525e+01 3.235127e+01
    endloop
  endfacet
  facet normal -1.890772e-03 -5.664025e-01 -8.241266e-01
    outer loop
      vertex   6.183918e-02 2.976491e+01 3.235127e+01
      vertex   -3.816026e-02 2.976525e+01 3.235127e+01
      vertex   6.306344e-02 3.013166e+01 3.209921e+01
    endloop
  endfacet
  facet normal -1.890772e-03 -5.664025e-01 -8.241266e-01
    outer loop
      vertex   6.306344e-02 3.013166e+01 3.209921e+01
      vertex   -3.816026e-02 2.976525e+01 3.235127e+01
      vertex   -3.693601e-02 3.013199e+01 3.209921e+01
    endloop
  endfacet
  facet normal -2.032166e-03 -6.087588e-01 -7.933527e-01
    outer loop
      vertex   6.306344e-02 3.013166e+01 3.209921e+01
      vertex   -3.693601e-02 3.013199e+01 3.209921e+01
      vertex   6.424198e-02 3.048470e+01 3.182831e+01
    endloop
  endfacet
  facet normal -2.032166e-03 -6.087588e-01 -7.933527e-01
    outer loop
      vertex   6.424198e-02 3.048470e+01 3.182831e+01
      vertex   -3.693601e-02 3.013199e+01 3.209921e+01
      vertex   -3.575746e-02 3.048504e+01 3.182831e+01
    endloop
  endfacet
  facet normal -2.167982e-03 -6.494441e-01 -7.604062e-01
    outer loop
      vertex   6.424198e-02 3.048470e+01 3.182831e+01
      vertex   -3.575746e-02 3.048504e+01 3.182831e+01
      vertex   6.537159e-02 3.082309e+01 3.153930e+01
    endloop
  endfacet
  facet normal -2.167982e-03 -6.494441e-01 -7.604062e-01
    outer loop
      vertex   6.537159e-02 3.082309e+01 3.153930e+01
      vertex   -3.575746e-02 3.048504e+01 3.182831e+01
      vertex   -3.462786e-02 3.082342e+01 3.153930e+01
    endloop
  endfacet
  facet normal -2.297862e-03 -6.883511e-01 -7.253740e-01
    outer loop
      vertex   6.537159e-02 3.082309e+01 3.153930e+01
      vertex   -3.462786e-02 3.082342e+01 3.153930e+01
      vertex   6.644915e-02 3.114588e+01 3.123298e+01
    endloop
  endfacet
  facet normal -2.297862e-03 -6.883511e-01 -7.253740e-01
    outer loop
      vertex   6.644915e-02 3.114588e+01 3.123298e+01
      vertex   -3.462786e-02 3.082342e+01 3.153930e+01
      vertex   -3.355030e-02 3.114622e+01 3.123298e+01
    endloop
  endfacet
  facet normal -2.421439e-03 -7.253700e-01 -6.883550e-01
    outer loop
      vertex   6.644915e-02 3.114588e+01 3.123298e+01
      vertex   -3.355030e-02 3.114622e+01 3.123298e+01
      vertex   6.747171e-02 3.145220e+01 3.091018e+01
    endloop
  endfacet
  facet normal -2.421439e-03 -7.253700e-01 -6.883550e-01
    outer loop
      vertex   6.747171e-02 3.145220e+01 3.091018e+01
      vertex   -3.355030e-02 3.114622e+01 3.123298e+01
      vertex   -3.252773e-02 3.145254e+01 3.091018e+01
    endloop
  endfacet
  facet normal -2.538383e-03 -7.604020e-01 -6.494477e-01
    outer loop
      vertex   6.747171e-02 3.145220e+01 3.091018e+01
      vertex   -3.252773e-02 3.145254e+01 3.091018e+01
      vertex   6.843648e-02 3.174121e+01 3.057179e+01
    endloop
  endfacet
  facet normal -2.538383e-03 -7.604020e-01 -6.494477e-01
    outer loop
      vertex   6.843648e-02 3.174121e+01 3.057179e+01
      vertex   -3.252773e-02 3.145254e+01 3.091018e+01
      vertex   -3.156296e-02 3.174155e+01 3.057179e+01
    endloop
  endfacet
  facet normal -2.648365e-03 -7.933483e-01 -6.087622e-01
    outer loop
      vertex   6.843648e-02 3.174121e+01 3.057179e+01
      vertex   -3.156296e-02 3.174155e+01 3.057179e+01
      vertex   6.934081e-02 3.201211e+01 3.021874e+01
    endloop
  endfacet
  facet normal -2.648365e-03 -7.933483e-01 -6.087622e-01
    outer loop
      vertex   6.934081e-02 3.201211e+01 3.021874e+01
      vertex   -3.156296e-02 3.174155e+01 3.057179e+01
      vertex   -3.065863e-02 3.201245e+01 3.021874e+01
    endloop
  endfacet
  facet normal -2.751094e-03 -8.241220e-01 -5.664057e-01
    outer loop
      vertex   6.934081e-02 3.201211e+01 3.021874e+01
      vertex   -3.065863e-02 3.201245e+01 3.021874e+01
      vertex   7.018222e-02 3.226417e+01 2.985200e+01
    endloop
  endfacet
  facet normal -2.751094e-03 -8.241220e-01 -5.664057e-01
    outer loop
      vertex   7.018222e-02 3.226417e+01 2.985200e+01
      vertex   -3.065863e-02 3.201245e+01 3.021874e+01
      vertex   -2.981722e-02 3.226450e+01 2.985200e+01
    endloop
  endfacet
  facet normal -2.846277e-03 -8.526352e-01 -5.224989e-01
    outer loop
      vertex   7.018222e-02 3.226417e+01 2.985200e+01
      vertex   -2.981722e-02 3.226450e+01 2.985200e+01
      vertex   7.095841e-02 3.249668e+01 2.947257e+01
    endloop
  endfacet
  facet normal -2.846277e-03 -8.526352e-01 -5.224989e-01
    outer loop
      vertex   7.095841e-02 3.249668e+01 2.947257e+01
      vertex   -2.981722e-02 3.226450e+01 2.985200e+01
      vertex   -2.904104e-02 3.249702e+01 2.947257e+01
    endloop
  endfacet
  facet normal -2.933662e-03 -8.788124e-01 -4.771585e-01
    outer loop
      vertex   7.095841e-02 3.249668e+01 2.947257e+01
      vertex   -2.904104e-02 3.249702e+01 2.947257e+01
      vertex   7.166724e-02 3.270902e+01 2.908149e+01
    endloop
  endfacet
  facet normal -2.933662e-03 -8.788124e-01 -4.771585e-01
    outer loop
      vertex   7.166724e-02 3.270902e+01 2.908149e+01
      vertex   -2.904104e-02 3.249702e+01 2.947257e+01
      vertex   -2.833221e-02 3.270936e+01 2.908149e+01
    endloop
  endfacet
  facet normal -3.013005e-03 -9.025803e-01 -4.305110e-01
    outer loop
      vertex   7.166724e-02 3.270902e+01 2.908149e+01
      vertex   -2.833221e-02 3.270936e+01 2.908149e+01
      vertex   7.230677e-02 3.290060e+01 2.867983e+01
    endloop
  endfacet
  facet normal -3.013005e-03 -9.025803e-01 -4.305110e-01
    outer loop
      vertex   7.230677e-02 3.290060e+01 2.867983e+01
      vertex   -2.833221e-02 3.270936e+01 2.908149e+01
      vertex   -2.769268e-02 3.290094e+01 2.867983e+01
    endloop
  endfacet
  facet normal -3.084089e-03 -9.238745e-01 -3.826832e-01
    outer loop
      vertex   7.230677e-02 3.290060e+01 2.867983e+01
      vertex   -2.769268e-02 3.290094e+01 2.867983e+01
      vertex   7.287525e-02 3.307090e+01 2.826870e+01
    endloop
  endfacet
  facet normal -3.084089e-03 -9.238745e-01 -3.826832e-01
    outer loop
      vertex   7.287525e-02 3.307090e+01 2.826870e+01
      vertex   -2.769268e-02 3.290094e+01 2.867983e+01
      vertex   -2.712419e-02 3.307123e+01 2.826870e+01
    endloop
  endfacet
  facet normal -3.146719e-03 -9.426360e-01 -3.338076e-01
    outer loop
      vertex   7.287525e-02 3.307090e+01 2.826870e+01
      vertex   -2.712419e-02 3.307123e+01 2.826870e+01
      vertex   7.337113e-02 3.321944e+01 2.784921e+01
    endloop
  endfacet
  facet normal -3.146719e-03 -9.426360e-01 -3.338076e-01
    outer loop
      vertex   7.337113e-02 3.321944e+01 2.784921e+01
      vertex   -2.712419e-02 3.307123e+01 2.826870e+01
      vertex   -2.662831e-02 3.321978e+01 2.784921e+01
    endloop
  endfacet
  facet normal -3.200727e-03 -9.588147e-01 -2.840142e-01
    outer loop
      vertex   7.337113e-02 3.321944e+01 2.784921e+01
      vertex   -2.662831e-02 3.321978e+01 2.784921e+01
      vertex   7.379304e-02 3.334583e+01 2.742253e+01
    endloop
  endfacet
  facet normal -3.200727e-03 -9.588147e-01 -2.840142e-01
    outer loop
      vertex   7.379304e-02 3.334583e+01 2.742253e+01
      vertex   -2.662831e-02 3.321978e+01 2.784921e+01
      vertex   -2.620640e-02 3.334617e+01 2.742253e+01
    endloop
  endfacet
  facet normal -3.245958e-03 -9.723642e-01 -2.334465e-01
    outer loop
      vertex   7.379304e-02 3.334583e+01 2.742253e+01
      vertex   -2.620640e-02 3.334617e+01 2.742253e+01
      vertex   7.413983e-02 3.344972e+01 2.698982e+01
    endloop
  endfacet
  facet normal -3.245958e-03 -9.723642e-01 -2.334465e-01
    outer loop
      vertex   7.413983e-02 3.344972e+01 2.698982e+01
      vertex   -2.620640e-02 3.334617e+01 2.742253e+01
      vertex   -2.585961e-02 3.345005e+01 2.698982e+01
    endloop
  endfacet
  facet normal -3.282296e-03 -9.832497e-01 -1.822342e-01
    outer loop
      vertex   7.413983e-02 3.344972e+01 2.698982e+01
      vertex   -2.585961e-02 3.345005e+01 2.698982e+01
      vertex   7.441055e-02 3.353081e+01 2.655226e+01
    endloop
  endfacet
  facet normal -3.282296e-03 -9.832497e-01 -1.822342e-01
    outer loop
      vertex   7.441055e-02 3.353081e+01 2.655226e+01
      vertex   -2.585961e-02 3.345005e+01 2.698982e+01
      vertex   -2.558890e-02 3.353115e+01 2.655226e+01
    endloop
  endfacet
  facet normal -3.309635e-03 -9.914393e-01 -1.305267e-01
    outer loop
      vertex   7.441055e-02 3.353081e+01 2.655226e+01
      vertex   -2.558890e-02 3.353115e+01 2.655226e+01
      vertex   7.460445e-02 3.358890e+01 2.611106e+01
    endloop
  endfacet
  facet normal -3.309635e-03 -9.914393e-01 -1.305267e-01
    outer loop
      vertex   7.460445e-02 3.358890e+01 2.611106e+01
      vertex   -2.558890e-02 3.353115e+01 2.655226e+01
      vertex   -2.539500e-02 3.358923e+01 2.611106e+01
    endloop
  endfacet
  facet normal -3.327903e-03 -9.969118e-01 -7.845918e-02
    outer loop
      vertex   7.460445e-02 3.358890e+01 2.611106e+01
      vertex   -2.539500e-02 3.358923e+01 2.611106e+01
      vertex   7.472100e-02 3.362381e+01 2.566742e+01
    endloop
  endfacet
  facet normal -3.327903e-03 -9.969118e-01 -7.845918e-02
    outer loop
      vertex   7.472100e-02 3.362381e+01 2.566742e+01
      vertex   -2.539500e-02 3.358923e+01 2.611106e+01
      vertex   -2.527845e-02 3.362415e+01 2.566742e+01
    endloop
  endfacet
  facet normal -3.337050e-03 -9.996517e-01 -2.617735e-02
    outer loop
      vertex   7.472100e-02 3.362381e+01 2.566742e+01
      vertex   -2.527845e-02 3.362415e+01 2.566742e+01
      vertex   7.475989e-02 3.363546e+01 2.522257e+01
    endloop
  endfacet
  facet normal -3.337050e-03 -9.996517e-01 -2.617735e-02
    outer loop
      vertex   7.475989e-02 3.363546e+01 2.522257e+01
      vertex   -2.527845e-02 3.362415e+01 2.566742e+01
      vertex   -2.523956e-02 3.363579e+01 2.522257e+01
    endloop
  endfacet
  facet normal -0.000000e+00 0.000000e+00 1.000000e+00
    outer loop
      vertex   7.475989e-02 3.363546e+01 2.212257e+01
      vertex   2.740911e-01 3.343479e+01 2.212257e+01
      vertex   8.510829e-02 3.673544e+01 2.212257e+01
    endloop
  endfacet
  facet normal -0.000000e+00 0.000000e+00 1.000000e+00
    outer loop
      vertex   8.510829e-02 3.673544e+01 2.212257e+01
      vertex   2.740911e-01 3.343479e+01 2.212257e+01
      vertex   2.877777e-01 3.753477e+01 2.212257e+01
    endloop
  endfacet
  facet normal 0.000000e+00 -0.000000e+00 1.000000e+00
    outer loop
      vertex   8.510829e-02 3.673544e+01 2.212257e+01
      vertex   2.877777e-01 3.753477e+01 2.212257e+01
      vertex   -2.138886e-01 3.703644e+01 2.212257e+01
    endloop
  endfacet
  facet normal 7.093417e-01 7.046216e-01 -1.851335e-02
    outer loop
      vertex   -8.198885e-02 1.663589e+01 2.522257e+01
      vertex   -1.776304e+00 1.834155e+01 2.522257e+01
      vertex   -8.194996e-02 1.664754e+01 2.566742e+01
    endloop
  endfacet
  facet normal 7.093417e-01 7.046216e-01 -1.851335e-02
    outer loop
      vertex   -8.194996e-02 1.664754e+01 2.566742e+01
      vertex   -1.776304e+00 1.834155e+01 2.522257e+01
      vertex   -1.776273e+00 1.835087e+01 2.557845e+01
    endloop
  endfacet
  facet normal 7.093352e-01 7.026838e-01 -5.548853e-02
    outer loop
      vertex   -8.194996e-02 1.664754e+01 2.566742e+01
      vertex   -1.776273e+00 1.835087e+01 2.557845e+01
      vertex   -8.183341e-02 1.668245e+01 2.611106e+01
    endloop
  endfacet
  facet normal 7.093352e-01 7.026838e-01 -5.548890e-02
    outer loop
      vertex   -8.183341e-02 1.668245e+01 2.611106e+01
      vertex   -1.776273e+00 1.835087e+01 2.557845e+01
      vertex   -1.776180e+00 1.837881e+01 2.593336e+01
    endloop
  endfacet
  facet normal 7.093223e-01 6.988135e-01 -9.231212e-02
    outer loop
      vertex   -8.183341e-02 1.668245e+01 2.611106e+01
      vertex   -1.776180e+00 1.837881e+01 2.593336e+01
      vertex   -8.163951e-02 1.674054e+01 2.655226e+01
    endloop
  endfacet
  facet normal 7.093222e-01 6.988138e-01 -9.231104e-02
    outer loop
      vertex   -8.163951e-02 1.674054e+01 2.655226e+01
      vertex   -1.776180e+00 1.837881e+01 2.593336e+01
      vertex   -1.776025e+00 1.842527e+01 2.628632e+01
    endloop
  endfacet
  facet normal 7.093029e-01 6.930217e-01 -1.288812e-01
    outer loop
      vertex   -8.163951e-02 1.674054e+01 2.655226e+01
      vertex   -1.776025e+00 1.842527e+01 2.628632e+01
      vertex   -8.136880e-02 1.682163e+01 2.698982e+01
    endloop
  endfacet
  facet normal 7.093030e-01 6.930214e-01 -1.288820e-01
    outer loop
      vertex   -8.136880e-02 1.682163e+01 2.698982e+01
      vertex   -1.776025e+00 1.842527e+01 2.628632e+01
      vertex   -1.775808e+00 1.849015e+01 2.663637e+01
    endloop
  endfacet
  facet normal 7.092773e-01 6.853231e-01 -1.650999e-01
    outer loop
      vertex   -8.136880e-02 1.682163e+01 2.698982e+01
      vertex   -1.775808e+00 1.849015e+01 2.663637e+01
      vertex   -8.102201e-02 1.692552e+01 2.742253e+01
    endloop
  endfacet
  facet normal 7.092773e-01 6.853232e-01 -1.650998e-01
    outer loop
      vertex   -8.102201e-02 1.692552e+01 2.742253e+01
      vertex   -1.775808e+00 1.849015e+01 2.663637e+01
      vertex   -1.775531e+00 1.857326e+01 2.698254e+01
    endloop
  endfacet
  facet normal 7.092453e-01 6.757405e-01 -2.008628e-01
    outer loop
      vertex   -8.102201e-02 1.692552e+01 2.742253e+01
      vertex   -1.775531e+00 1.857326e+01 2.698254e+01
      vertex   -8.060010e-02 1.705191e+01 2.784921e+01
    endloop
  endfacet
  facet normal 7.092453e-01 6.757405e-01 -2.008629e-01
    outer loop
      vertex   -8.060010e-02 1.705191e+01 2.784921e+01
      vertex   -1.775531e+00 1.857326e+01 2.698254e+01
      vertex   -1.775193e+00 1.867437e+01 2.732388e+01
    endloop
  endfacet
  facet normal 7.092071e-01 6.642985e-01 -2.360781e-01
    outer loop
      vertex   -8.060010e-02 1.705191e+01 2.784921e+01
      vertex   -1.775193e+00 1.867437e+01 2.732388e+01
      vertex   -8.010422e-02 1.720045e+01 2.826870e+01
    endloop
  endfacet
  facet normal 7.092071e-01 6.642984e-01 -2.360782e-01
    outer loop
      vertex   -8.010422e-02 1.720045e+01 2.826870e+01
      vertex   -1.775193e+00 1.867437e+01 2.732388e+01
      vertex   -1.774797e+00 1.879321e+01 2.765947e+01
    endloop
  endfacet
  facet normal 7.091628e-01 6.510298e-01 -2.706442e-01
    outer loop
      vertex   -8.010422e-02 1.720045e+01 2.826870e+01
      vertex   -1.774797e+00 1.879321e+01 2.765947e+01
      vertex   -7.953573e-02 1.737075e+01 2.867983e+01
    endloop
  endfacet
  facet normal 7.091628e-01 6.510298e-01 -2.706442e-01
    outer loop
      vertex   -7.953573e-02 1.737075e+01 2.867983e+01
      vertex   -1.774797e+00 1.879321e+01 2.765947e+01
      vertex   -1.774342e+00 1.892944e+01 2.798838e+01
    endloop
  endfacet
  facet normal 7.091125e-01 6.359700e-01 -3.044694e-01
    outer loop
      vertex   -7.953573e-02 1.737075e+01 2.867983e+01
      vertex   -1.774342e+00 1.892944e+01 2.798838e+01
      vertex   -7.889620e-02 1.756233e+01 2.908149e+01
    endloop
  endfacet
  facet normal 7.091125e-01 6.359701e-01 -3.044691e-01
    outer loop
      vertex   -7.889620e-02 1.756233e+01 2.908149e+01
      vertex   -1.774342e+00 1.892944e+01 2.798838e+01
      vertex   -1.773830e+00 1.908271e+01 2.830970e+01
    endloop
  endfacet
  facet normal 7.090564e-01 6.191606e-01 -3.374598e-01
    outer loop
      vertex   -7.889620e-02 1.756233e+01 2.908149e+01
      vertex   -1.773830e+00 1.908271e+01 2.830970e+01
      vertex   -7.818737e-02 1.777467e+01 2.947257e+01
    endloop
  endfacet
  facet normal 7.090564e-01 6.191604e-01 -3.374601e-01
    outer loop
      vertex   -7.818737e-02 1.777467e+01 2.947257e+01
      vertex   -1.773830e+00 1.908271e+01 2.830970e+01
      vertex   -1.773263e+00 1.925258e+01 2.862257e+01
    endloop
  endfacet
  facet normal 7.089946e-01 6.006474e-01 -3.695258e-01
    outer loop
      vertex   -7.818737e-02 1.777467e+01 2.947257e+01
      vertex   -1.773263e+00 1.925258e+01 2.862257e+01
      vertex   -7.741118e-02 1.800718e+01 2.985200e+01
    endloop
  endfacet
  facet normal 7.089946e-01 6.006476e-01 -3.695256e-01
    outer loop
      vertex   -7.741118e-02 1.800718e+01 2.985200e+01
      vertex   -1.773263e+00 1.925258e+01 2.862257e+01
      vertex   -1.772642e+00 1.943859e+01 2.892611e+01
    endloop
  endfacet
  facet normal 7.089273e-01 5.804821e-01 -4.005779e-01
    outer loop
      vertex   -7.741118e-02 1.800718e+01 2.985200e+01
      vertex   -1.772642e+00 1.943859e+01 2.892611e+01
      vertex   -7.656978e-02 1.825924e+01 3.021874e+01
    endloop
  endfacet
  facet normal 7.089274e-01 5.804816e-01 -4.005784e-01
    outer loop
      vertex   -7.656978e-02 1.825924e+01 3.021874e+01
      vertex   -1.772642e+00 1.943859e+01 2.892611e+01
      vertex   -1.771969e+00 1.964023e+01 2.921951e+01
    endloop
  endfacet
  facet normal 7.088547e-01 5.587180e-01 -4.305336e-01
    outer loop
      vertex   -7.656978e-02 1.825924e+01 3.021874e+01
      vertex   -1.771969e+00 1.964023e+01 2.921951e+01
      vertex   -7.566545e-02 1.853014e+01 3.057179e+01
    endloop
  endfacet
  facet normal 7.088546e-01 5.587188e-01 -4.305328e-01
    outer loop
      vertex   -7.566545e-02 1.853014e+01 3.057179e+01
      vertex   -1.771969e+00 1.964023e+01 2.921951e+01
      vertex   -1.771246e+00 1.985695e+01 2.950195e+01
    endloop
  endfacet
  facet normal 7.087768e-01 5.354175e-01 -4.593076e-01
    outer loop
      vertex   -7.566545e-02 1.853014e+01 3.057179e+01
      vertex   -1.771246e+00 1.985695e+01 2.950195e+01
      vertex   -7.470068e-02 1.881915e+01 3.091018e+01
    endloop
  endfacet
  facet normal 7.087769e-01 5.354168e-01 -4.593083e-01
    outer loop
      vertex   -7.470068e-02 1.881915e+01 3.091018e+01
      vertex   -1.771246e+00 1.985695e+01 2.950195e+01
      vertex   -1.770474e+00 2.008816e+01 2.977266e+01
    endloop
  endfacet
  facet normal 7.086942e-01 5.106418e-01 -4.868238e-01
    outer loop
      vertex   -7.470068e-02 1.881915e+01 3.091018e+01
      vertex   -1.770474e+00 2.008816e+01 2.977266e+01
      vertex   -7.367811e-02 1.912547e+01 3.123298e+01
    endloop
  endfacet
  facet normal 7.086941e-01 5.106427e-01 -4.868232e-01
    outer loop
      vertex   -7.367811e-02 1.912547e+01 3.123298e+01
      vertex   -1.770474e+00 2.008816e+01 2.977266e+01
      vertex   -1.769656e+00 2.033322e+01 3.003089e+01
    endloop
  endfacet
  facet normal 7.086067e-01 4.844612e-01 -5.130048e-01
    outer loop
      vertex   -7.367811e-02 1.912547e+01 3.123298e+01
      vertex   -1.769656e+00 2.033322e+01 3.003089e+01
      vertex   -7.260055e-02 1.944826e+01 3.153930e+01
    endloop
  endfacet
  facet normal 7.086068e-01 4.844603e-01 -5.130055e-01
    outer loop
      vertex   -7.260055e-02 1.944826e+01 3.153930e+01
      vertex   -1.769656e+00 2.033322e+01 3.003089e+01
      vertex   -1.768794e+00 2.059145e+01 3.027595e+01
    endloop
  endfacet
  facet normal 7.085149e-01 4.569450e-01 -5.377805e-01
    outer loop
      vertex   -7.260055e-02 1.944826e+01 3.153930e+01
      vertex   -1.768794e+00 2.059145e+01 3.027595e+01
      vertex   -7.147095e-02 1.978665e+01 3.182831e+01
    endloop
  endfacet
  facet normal 7.085148e-01 4.569458e-01 -5.377799e-01
    outer loop
      vertex   -7.147095e-02 1.978665e+01 3.182831e+01
      vertex   -1.768794e+00 2.059145e+01 3.027595e+01
      vertex   -1.767890e+00 2.086216e+01 3.050716e+01
    endloop
  endfacet
  facet normal 7.084188e-01 4.281712e-01 -5.610813e-01
    outer loop
      vertex   -7.147095e-02 1.978665e+01 3.182831e+01
      vertex   -1.767890e+00 2.086216e+01 3.050716e+01
      vertex   -7.029240e-02 2.013969e+01 3.209921e+01
    endloop
  endfacet
  facet normal 7.084189e-01 4.281703e-01 -5.610819e-01
    outer loop
      vertex   -7.029240e-02 2.013969e+01 3.209921e+01
      vertex   -1.767890e+00 2.086216e+01 3.050716e+01
      vertex   -1.766947e+00 2.114460e+01 3.072388e+01
    endloop
  endfacet
  facet normal 7.083189e-01 3.982156e-01 -5.828453e-01
    outer loop
      vertex   -7.029240e-02 2.013969e+01 3.209921e+01
      vertex   -1.766947e+00 2.114460e+01 3.072388e+01
      vertex   -6.906814e-02 2.050644e+01 3.235127e+01
    endloop
  endfacet
  facet normal 7.083188e-01 3.982162e-01 -5.828450e-01
    outer loop
      vertex   -6.906814e-02 2.050644e+01 3.235127e+01
      vertex   -1.766947e+00 2.114460e+01 3.072388e+01
      vertex   -1.765968e+00 2.143799e+01 3.092553e+01
    endloop
  endfacet
  facet normal 7.082152e-01 3.671637e-01 -6.030108e-01
    outer loop
      vertex   -6.906814e-02 2.050644e+01 3.235127e+01
      vertex   -1.765968e+00 2.143799e+01 3.092553e+01
      vertex   -6.780153e-02 2.088587e+01 3.258378e+01
    endloop
  endfacet
  facet normal 7.082152e-01 3.671634e-01 -6.030109e-01
    outer loop
      vertex   -6.780153e-02 2.088587e+01 3.258378e+01
      vertex   -1.765968e+00 2.143799e+01 3.092553e+01
      vertex   -1.764955e+00 2.174154e+01 3.111154e+01
    endloop
  endfacet
  facet normal 7.081082e-01 3.350978e-01 -6.215241e-01
    outer loop
      vertex   -6.780153e-02 2.088587e+01 3.258378e+01
      vertex   -1.764955e+00 2.174154e+01 3.111154e+01
      vertex   -6.649602e-02 2.127694e+01 3.279612e+01
    endloop
  endfacet
  facet normal 7.081081e-01 3.350982e-01 -6.215240e-01
    outer loop
      vertex   -6.649602e-02 2.127694e+01 3.279612e+01
      vertex   -1.764955e+00 2.174154e+01 3.111154e+01
      vertex   -1.763910e+00 2.205440e+01 3.128141e+01
    endloop
  endfacet
  facet normal 7.079980e-01 3.021077e-01 -6.383336e-01
    outer loop
      vertex   -6.649602e-02 2.127694e+01 3.279612e+01
      vertex   -1.763910e+00 2.205440e+01 3.128141e+01
      vertex   -6.515521e-02 2.167860e+01 3.298770e+01
    endloop
  endfacet
  facet normal 7.079980e-01 3.021073e-01 -6.383337e-01
    outer loop
      vertex   -6.515521e-02 2.167860e+01 3.298770e+01
      vertex   -1.763910e+00 2.205440e+01 3.128141e+01
      vertex   -1.762838e+00 2.237572e+01 3.143468e+01
    endloop
  endfacet
  facet normal 7.078851e-01 2.682827e-01 -6.533935e-01
    outer loop
      vertex   -6.515521e-02 2.167860e+01 3.298770e+01
      vertex   -1.762838e+00 2.237572e+01 3.143468e+01
      vertex   -6.378277e-02 2.208973e+01 3.315800e+01
    endloop
  endfacet
  facet normal 7.078851e-01 2.682826e-01 -6.533935e-01
    outer loop
      vertex   -6.378277e-02 2.208973e+01 3.315800e+01
      vertex   -1.762838e+00 2.237572e+01 3.143468e+01
      vertex   -1.761740e+00 2.270463e+01 3.157092e+01
    endloop
  endfacet
  facet normal 7.077697e-01 2.337167e-01 -6.666622e-01
    outer loop
      vertex   -6.378277e-02 2.208973e+01 3.315800e+01
      vertex   -1.761740e+00 2.270463e+01 3.157092e+01
      vertex   -6.238245e-02 2.250921e+01 3.330655e+01
    endloop
  endfacet
  facet normal 7.077697e-01 2.337169e-01 -6.666622e-01
    outer loop
      vertex   -6.238245e-02 2.250921e+01 3.330655e+01
      vertex   -1.761740e+00 2.270463e+01 3.157092e+01
      vertex   -1.760619e+00 2.304021e+01 3.168975e+01
    endloop
  endfacet
  facet normal 7.076522e-01 1.985016e-01 -6.781044e-01
    outer loop
      vertex   -6.238245e-02 2.250921e+01 3.330655e+01
      vertex   -1.760619e+00 2.304021e+01 3.168975e+01
      vertex   -6.095810e-02 2.293589e+01 3.343294e+01
    endloop
  endfacet
  facet normal 7.076521e-01 1.985018e-01 -6.781043e-01
    outer loop
      vertex   -6.095810e-02 2.293589e+01 3.343294e+01
      vertex   -1.760619e+00 2.304021e+01 3.168975e+01
      vertex   -1.759480e+00 2.338156e+01 3.179086e+01
    endloop
  endfacet
  facet normal 7.075328e-01 1.627390e-01 -6.876870e-01
    outer loop
      vertex   -6.095810e-02 2.293589e+01 3.343294e+01
      vertex   -1.759480e+00 2.338156e+01 3.179086e+01
      vertex   -5.951362e-02 2.336860e+01 3.353682e+01
    endloop
  endfacet
  facet normal 7.075328e-01 1.627388e-01 -6.876870e-01
    outer loop
      vertex   -5.951362e-02 2.336860e+01 3.353682e+01
      vertex   -1.759480e+00 2.338156e+01 3.179086e+01
      vertex   -1.758324e+00 2.372773e+01 3.187397e+01
    endloop
  endfacet
  facet normal 7.074119e-01 1.265204e-01 -6.953855e-01
    outer loop
      vertex   -5.951362e-02 2.336860e+01 3.353682e+01
      vertex   -1.758324e+00 2.372773e+01 3.187397e+01
      vertex   -5.805298e-02 2.380616e+01 3.361792e+01
    endloop
  endfacet
  facet normal 7.074118e-01 1.265213e-01 -6.953855e-01
    outer loop
      vertex   -5.805298e-02 2.380616e+01 3.361792e+01
      vertex   -1.758324e+00 2.372773e+01 3.187397e+01
      vertex   -1.757156e+00 2.407777e+01 3.193885e+01
    endloop
  endfacet
  facet normal 7.072897e-01 8.995157e-02 -7.011776e-01
    outer loop
      vertex   -5.805298e-02 2.380616e+01 3.361792e+01
      vertex   -1.757156e+00 2.407777e+01 3.193885e+01
      vertex   -5.658016e-02 2.424735e+01 3.367600e+01
    endloop
  endfacet
  facet normal 7.072898e-01 8.995045e-02 -7.011776e-01
    outer loop
      vertex   -5.658016e-02 2.424735e+01 3.367600e+01
      vertex   -1.757156e+00 2.407777e+01 3.193885e+01
      vertex   -1.755977e+00 2.443073e+01 3.198532e+01
    endloop
  endfacet
  facet normal 7.071669e-01 5.312816e-02 -7.050478e-01
    outer loop
      vertex   -5.658016e-02 2.424735e+01 3.367600e+01
      vertex   -1.755977e+00 2.443073e+01 3.198532e+01
      vertex   -5.509922e-02 2.469099e+01 3.371092e+01
    endloop
  endfacet
  facet normal 7.071668e-01 5.312854e-02 -7.050478e-01
    outer loop
      vertex   -5.509922e-02 2.469099e+01 3.371092e+01
      vertex   -1.755977e+00 2.443073e+01 3.198532e+01
      vertex   -1.754793e+00 2.478563e+01 3.201325e+01
    endloop
  endfacet
  facet normal 7.070434e-01 1.615319e-02 -7.069856e-01
    outer loop
      vertex   -5.509922e-02 2.469099e+01 3.371092e+01
      vertex   -1.754793e+00 2.478563e+01 3.201325e+01
      vertex   -5.361420e-02 2.513584e+01 3.372257e+01
    endloop
  endfacet
  facet normal 7.070434e-01 1.615319e-02 -7.069856e-01
    outer loop
      vertex   -5.361420e-02 2.513584e+01 3.372257e+01
      vertex   -1.754793e+00 2.478563e+01 3.201325e+01
      vertex   -1.753605e+00 2.514152e+01 3.202257e+01
    endloop
  endfacet
  facet normal 7.069198e-01 -2.087330e-02 -7.069856e-01
    outer loop
      vertex   -5.361420e-02 2.513584e+01 3.372257e+01
      vertex   -1.753605e+00 2.514152e+01 3.202257e+01
      vertex   -5.212919e-02 2.558070e+01 3.371092e+01
    endloop
  endfacet
  facet normal 7.069198e-01 -2.087330e-02 -7.069856e-01
    outer loop
      vertex   -5.212919e-02 2.558070e+01 3.371092e+01
      vertex   -1.753605e+00 2.514152e+01 3.202257e+01
      vertex   -1.752417e+00 2.549740e+01 3.201325e+01
    endloop
  endfacet
  facet normal 7.067964e-01 -5.784827e-02 -7.050478e-01
    outer loop
      vertex   -5.212919e-02 2.558070e+01 3.371092e+01
      vertex   -1.752417e+00 2.549740e+01 3.201325e+01
      vertex   -5.064825e-02 2.602433e+01 3.367600e+01
    endloop
  endfacet
  facet normal 7.067964e-01 -5.784864e-02 -7.050478e-01
    outer loop
      vertex   -5.064825e-02 2.602433e+01 3.367600e+01
      vertex   -1.752417e+00 2.549740e+01 3.201325e+01
      vertex   -1.751232e+00 2.585231e+01 3.198532e+01
    endloop
  endfacet
  facet normal 7.066735e-01 -9.467166e-02 -7.011775e-01
    outer loop
      vertex   -5.064825e-02 2.602433e+01 3.367600e+01
      vertex   -1.751232e+00 2.585231e+01 3.198532e+01
      vertex   -4.917543e-02 2.646553e+01 3.361792e+01
    endloop
  endfacet
  facet normal 7.066734e-01 -9.467058e-02 -7.011777e-01
    outer loop
      vertex   -4.917543e-02 2.646553e+01 3.361792e+01
      vertex   -1.751232e+00 2.585231e+01 3.198532e+01
      vertex   -1.750054e+00 2.620527e+01 3.193885e+01
    endloop
  endfacet
  facet normal 7.065513e-01 -1.312405e-01 -6.953856e-01
    outer loop
      vertex   -4.917543e-02 2.646553e+01 3.361792e+01
      vertex   -1.750054e+00 2.620527e+01 3.193885e+01
      vertex   -4.771478e-02 2.690308e+01 3.353682e+01
    endloop
  endfacet
  facet normal 7.065514e-01 -1.312414e-01 -6.953854e-01
    outer loop
      vertex   -4.771478e-02 2.690308e+01 3.353682e+01
      vertex   -1.750054e+00 2.620527e+01 3.193885e+01
      vertex   -1.748885e+00 2.655531e+01 3.187397e+01
    endloop
  endfacet
  facet normal 7.064305e-01 -1.674591e-01 -6.876870e-01
    outer loop
      vertex   -4.771478e-02 2.690308e+01 3.353682e+01
      vertex   -1.748885e+00 2.655531e+01 3.187397e+01
      vertex   -4.627031e-02 2.733579e+01 3.343294e+01
    endloop
  endfacet
  facet normal 7.064305e-01 -1.674589e-01 -6.876870e-01
    outer loop
      vertex   -4.627031e-02 2.733579e+01 3.343294e+01
      vertex   -1.748885e+00 2.655531e+01 3.187397e+01
      vertex   -1.747730e+00 2.690148e+01 3.179086e+01
    endloop
  endfacet
  facet normal 7.063111e-01 -2.032217e-01 -6.781044e-01
    outer loop
      vertex   -4.627031e-02 2.733579e+01 3.343294e+01
      vertex   -1.747730e+00 2.690148e+01 3.179086e+01
      vertex   -4.484596e-02 2.776247e+01 3.330655e+01
    endloop
  endfacet
  facet normal 7.063111e-01 -2.032219e-01 -6.781043e-01
    outer loop
      vertex   -4.484596e-02 2.776247e+01 3.330655e+01
      vertex   -1.747730e+00 2.690148e+01 3.179086e+01
      vertex   -1.746590e+00 2.724282e+01 3.168975e+01
    endloop
  endfacet
  facet normal 7.061936e-01 -2.384368e-01 -6.666622e-01
    outer loop
      vertex   -4.484596e-02 2.776247e+01 3.330655e+01
      vertex   -1.746590e+00 2.724282e+01 3.168975e+01
      vertex   -4.344564e-02 2.818195e+01 3.315800e+01
    endloop
  endfacet
  facet normal 7.061936e-01 -2.384370e-01 -6.666621e-01
    outer loop
      vertex   -4.344564e-02 2.818195e+01 3.315800e+01
      vertex   -1.746590e+00 2.724282e+01 3.168975e+01
      vertex   -1.745470e+00 2.757841e+01 3.157092e+01
    endloop
  endfacet
  facet normal 7.060782e-01 -2.730028e-01 -6.533935e-01
    outer loop
      vertex   -4.344564e-02 2.818195e+01 3.315800e+01
      vertex   -1.745470e+00 2.757841e+01 3.157092e+01
      vertex   -4.207320e-02 2.859308e+01 3.298770e+01
    endloop
  endfacet
  facet normal 7.060782e-01 -2.730028e-01 -6.533935e-01
    outer loop
      vertex   -4.207320e-02 2.859308e+01 3.298770e+01
      vertex   -1.745470e+00 2.757841e+01 3.157092e+01
      vertex   -1.744372e+00 2.790731e+01 3.143468e+01
    endloop
  endfacet
  facet normal 7.059653e-01 -3.068277e-01 -6.383336e-01
    outer loop
      vertex   -4.207320e-02 2.859308e+01 3.298770e+01
      vertex   -1.744372e+00 2.790731e+01 3.143468e+01
      vertex   -4.073238e-02 2.899474e+01 3.279612e+01
    endloop
  endfacet
  facet normal 7.059652e-01 -3.068275e-01 -6.383338e-01
    outer loop
      vertex   -4.073238e-02 2.899474e+01 3.279612e+01
      vertex   -1.744372e+00 2.790731e+01 3.143468e+01
      vertex   -1.743299e+00 2.822864e+01 3.128141e+01
    endloop
  endfacet
  facet normal 7.058551e-01 -3.398180e-01 -6.215242e-01
    outer loop
      vertex   -4.073238e-02 2.899474e+01 3.279612e+01
      vertex   -1.743299e+00 2.822864e+01 3.128141e+01
      vertex   -3.942688e-02 2.938582e+01 3.258378e+01
    endloop
  endfacet
  facet normal 7.058552e-01 -3.398183e-01 -6.215239e-01
    outer loop
      vertex   -3.942688e-02 2.938582e+01 3.258378e+01
      vertex   -1.743299e+00 2.822864e+01 3.128141e+01
      vertex   -1.742255e+00 2.854150e+01 3.111154e+01
    endloop
  endfacet
  facet normal 7.057481e-01 -3.718838e-01 -6.030108e-01
    outer loop
      vertex   -3.942688e-02 2.938582e+01 3.258378e+01
      vertex   -1.742255e+00 2.854150e+01 3.111154e+01
      vertex   -3.816026e-02 2.976525e+01 3.235127e+01
    endloop
  endfacet
  facet normal 7.057481e-01 -3.718836e-01 -6.030110e-01
    outer loop
      vertex   -3.816026e-02 2.976525e+01 3.235127e+01
      vertex   -1.742255e+00 2.854150e+01 3.111154e+01
      vertex   -1.741242e+00 2.884504e+01 3.092553e+01
    endloop
  endfacet
  facet normal 7.056444e-01 -4.029357e-01 -5.828454e-01
    outer loop
      vertex   -3.816026e-02 2.976525e+01 3.235127e+01
      vertex   -1.741242e+00 2.884504e+01 3.092553e+01
      vertex   -3.693601e-02 3.013199e+01 3.209921e+01
    endloop
  endfacet
  facet normal 7.056445e-01 -4.029362e-01 -5.828449e-01
    outer loop
      vertex   -3.693601e-02 3.013199e+01 3.209921e+01
      vertex   -1.741242e+00 2.884504e+01 3.092553e+01
      vertex   -1.740262e+00 2.913843e+01 3.072388e+01
    endloop
  endfacet
  facet normal 7.055445e-01 -4.328913e-01 -5.610812e-01
    outer loop
      vertex   -3.693601e-02 3.013199e+01 3.209921e+01
      vertex   -1.740262e+00 2.913843e+01 3.072388e+01
      vertex   -3.575746e-02 3.048504e+01 3.182831e+01
    endloop
  endfacet
  facet normal 7.055444e-01 -4.328905e-01 -5.610820e-01
    outer loop
      vertex   -3.575746e-02 3.048504e+01 3.182831e+01
      vertex   -1.740262e+00 2.913843e+01 3.072388e+01
      vertex   -1.739319e+00 2.942087e+01 3.050716e+01
    endloop
  endfacet
  facet normal 7.054483e-01 -4.616651e-01 -5.377806e-01
    outer loop
      vertex   -3.575746e-02 3.048504e+01 3.182831e+01
      vertex   -1.739319e+00 2.942087e+01 3.050716e+01
      vertex   -3.462786e-02 3.082342e+01 3.153930e+01
    endloop
  endfacet
  facet normal 7.054484e-01 -4.616658e-01 -5.377798e-01
    outer loop
      vertex   -3.462786e-02 3.082342e+01 3.153930e+01
      vertex   -1.739319e+00 2.942087e+01 3.050716e+01
      vertex   -1.738416e+00 2.969158e+01 3.027595e+01
    endloop
  endfacet
  facet normal 7.053566e-01 -4.891812e-01 -5.130047e-01
    outer loop
      vertex   -3.462786e-02 3.082342e+01 3.153930e+01
      vertex   -1.738416e+00 2.969158e+01 3.027595e+01
      vertex   -3.355030e-02 3.114622e+01 3.123298e+01
    endloop
  endfacet
  facet normal 7.053565e-01 -4.891805e-01 -5.130056e-01
    outer loop
      vertex   -3.355030e-02 3.114622e+01 3.123298e+01
      vertex   -1.738416e+00 2.969158e+01 3.027595e+01
      vertex   -1.737554e+00 2.994982e+01 3.003089e+01
    endloop
  endfacet
  facet normal 7.052691e-01 -5.153620e-01 -4.868239e-01
    outer loop
      vertex   -3.355030e-02 3.114622e+01 3.123298e+01
      vertex   -1.737554e+00 2.994982e+01 3.003089e+01
      vertex   -3.252773e-02 3.145254e+01 3.091018e+01
    endloop
  endfacet
  facet normal 7.052692e-01 -5.153627e-01 -4.868231e-01
    outer loop
      vertex   -3.252773e-02 3.145254e+01 3.091018e+01
      vertex   -1.737554e+00 2.994982e+01 3.003089e+01
      vertex   -1.736736e+00 3.019487e+01 2.977266e+01
    endloop
  endfacet
  facet normal 7.051865e-01 -5.401376e-01 -4.593076e-01
    outer loop
      vertex   -3.252773e-02 3.145254e+01 3.091018e+01
      vertex   -1.736736e+00 3.019487e+01 2.977266e+01
      vertex   -3.156296e-02 3.174155e+01 3.057179e+01
    endloop
  endfacet
  facet normal 7.051864e-01 -5.401370e-01 -4.593084e-01
    outer loop
      vertex   -3.156296e-02 3.174155e+01 3.057179e+01
      vertex   -1.736736e+00 3.019487e+01 2.977266e+01
      vertex   -1.735964e+00 3.042608e+01 2.950195e+01
    endloop
  endfacet
  facet normal 7.051086e-01 -5.634382e-01 -4.305337e-01
    outer loop
      vertex   -3.156296e-02 3.174155e+01 3.057179e+01
      vertex   -1.735964e+00 3.042608e+01 2.950195e+01
      vertex   -3.065863e-02 3.201245e+01 3.021874e+01
    endloop
  endfacet
  facet normal 7.051087e-01 -5.634388e-01 -4.305327e-01
    outer loop
      vertex   -3.065863e-02 3.201245e+01 3.021874e+01
      vertex   -1.735964e+00 3.042608e+01 2.950195e+01
      vertex   -1.735240e+00 3.064280e+01 2.921951e+01
    endloop
  endfacet
  facet normal 7.050361e-01 -5.852021e-01 -4.005779e-01
    outer loop
      vertex   -3.065863e-02 3.201245e+01 3.021874e+01
      vertex   -1.735240e+00 3.064280e+01 2.921951e+01
      vertex   -2.981722e-02 3.226450e+01 2.985200e+01
    endloop
  endfacet
  facet normal 7.050360e-01 -5.852018e-01 -4.005784e-01
    outer loop
      vertex   -2.981722e-02 3.226450e+01 2.985200e+01
      vertex   -1.735240e+00 3.064280e+01 2.921951e+01
      vertex   -1.734567e+00 3.084445e+01 2.892611e+01
    endloop
  endfacet
  facet normal 7.049687e-01 -6.053675e-01 -3.695259e-01
    outer loop
      vertex   -2.981722e-02 3.226450e+01 2.985200e+01
      vertex   -1.734567e+00 3.084445e+01 2.892611e+01
      vertex   -2.904104e-02 3.249702e+01 2.947257e+01
    endloop
  endfacet
  facet normal 7.049687e-01 -6.053676e-01 -3.695256e-01
    outer loop
      vertex   -2.904104e-02 3.249702e+01 2.947257e+01
      vertex   -1.734567e+00 3.084445e+01 2.892611e+01
      vertex   -1.733946e+00 3.103046e+01 2.862257e+01
    endloop
  endfacet
  facet normal 7.049069e-01 -6.238807e-01 -3.374598e-01
    outer loop
      vertex   -2.904104e-02 3.249702e+01 2.947257e+01
      vertex   -1.733946e+00 3.103046e+01 2.862257e+01
      vertex   -2.833221e-02 3.270936e+01 2.908149e+01
    endloop
  endfacet
  facet normal 7.049069e-01 -6.238806e-01 -3.374602e-01
    outer loop
      vertex   -2.833221e-02 3.270936e+01 2.908149e+01
      vertex   -1.733946e+00 3.103046e+01 2.862257e+01
      vertex   -1.733379e+00 3.120033e+01 2.830970e+01
    endloop
  endfacet
  facet normal 7.048507e-01 -6.406901e-01 -3.044694e-01
    outer loop
      vertex   -2.833221e-02 3.270936e+01 2.908149e+01
      vertex   -1.733379e+00 3.120033e+01 2.830970e+01
      vertex   -2.769268e-02 3.290094e+01 2.867983e+01
    endloop
  endfacet
  facet normal 7.048508e-01 -6.406902e-01 -3.044691e-01
    outer loop
      vertex   -2.769268e-02 3.290094e+01 2.867983e+01
      vertex   -1.733379e+00 3.120033e+01 2.830970e+01
      vertex   -1.732867e+00 3.135359e+01 2.798838e+01
    endloop
  endfacet
  facet normal 7.048005e-01 -6.557499e-01 -2.706442e-01
    outer loop
      vertex   -2.769268e-02 3.290094e+01 2.867983e+01
      vertex   -1.732867e+00 3.135359e+01 2.798838e+01
      vertex   -2.712419e-02 3.307123e+01 2.826870e+01
    endloop
  endfacet
  facet normal 7.048005e-01 -6.557499e-01 -2.706442e-01
    outer loop
      vertex   -2.712419e-02 3.307123e+01 2.826870e+01
      vertex   -1.732867e+00 3.135359e+01 2.798838e+01
      vertex   -1.732413e+00 3.148983e+01 2.765947e+01
    endloop
  endfacet
  facet normal 7.047562e-01 -6.690185e-01 -2.360781e-01
    outer loop
      vertex   -2.712419e-02 3.307123e+01 2.826870e+01
      vertex   -1.732413e+00 3.148983e+01 2.765947e+01
      vertex   -2.662831e-02 3.321978e+01 2.784921e+01
    endloop
  endfacet
  facet normal 7.047562e-01 -6.690185e-01 -2.360783e-01
    outer loop
      vertex   -2.662831e-02 3.321978e+01 2.784921e+01
      vertex   -1.732413e+00 3.148983e+01 2.765947e+01
      vertex   -1.732016e+00 3.160867e+01 2.732388e+01
    endloop
  endfacet
  facet normal 7.047180e-01 -6.804606e-01 -2.008628e-01
    outer loop
      vertex   -2.662831e-02 3.321978e+01 2.784921e+01
      vertex   -1.732016e+00 3.160867e+01 2.732388e+01
      vertex   -2.620640e-02 3.334617e+01 2.742253e+01
    endloop
  endfacet
  facet normal 7.047180e-01 -6.804606e-01 -2.008629e-01
    outer loop
      vertex   -2.620640e-02 3.334617e+01 2.742253e+01
      vertex   -1.732016e+00 3.160867e+01 2.732388e+01
      vertex   -1.731678e+00 3.170978e+01 2.698254e+01
    endloop
  endfacet
  facet normal 7.046860e-01 -6.900432e-01 -1.650999e-01
    outer loop
      vertex   -2.620640e-02 3.334617e+01 2.742253e+01
      vertex   -1.731678e+00 3.170978e+01 2.698254e+01
      vertex   -2.585961e-02 3.345005e+01 2.698982e+01
    endloop
  endfacet
  facet normal 7.046860e-01 -6.900433e-01 -1.650998e-01
    outer loop
      vertex   -2.585961e-02 3.345005e+01 2.698982e+01
      vertex   -1.731678e+00 3.170978e+01 2.698254e+01
      vertex   -1.731401e+00 3.179288e+01 2.663637e+01
    endloop
  endfacet
  facet normal 7.046603e-01 -6.977417e-01 -1.288812e-01
    outer loop
      vertex   -2.585961e-02 3.345005e+01 2.698982e+01
      vertex   -1.731401e+00 3.179288e+01 2.663637e+01
      vertex   -2.558890e-02 3.353115e+01 2.655226e+01
    endloop
  endfacet
  facet normal 7.046602e-01 -6.977417e-01 -1.288821e-01
    outer loop
      vertex   -2.558890e-02 3.353115e+01 2.655226e+01
      vertex   -1.731401e+00 3.179288e+01 2.663637e+01
      vertex   -1.731184e+00 3.185776e+01 2.628632e+01
    endloop
  endfacet
  facet normal 7.046409e-01 -7.035337e-01 -9.231214e-02
    outer loop
      vertex   -2.558890e-02 3.353115e+01 2.655226e+01
      vertex   -1.731184e+00 3.185776e+01 2.628632e+01
      vertex   -2.539500e-02 3.358923e+01 2.611106e+01
    endloop
  endfacet
  facet normal 7.046410e-01 -7.035337e-01 -9.231102e-02
    outer loop
      vertex   -2.539500e-02 3.358923e+01 2.611106e+01
      vertex   -1.731184e+00 3.185776e+01 2.628632e+01
      vertex   -1.731029e+00 3.190423e+01 2.593336e+01
    endloop
  endfacet
  facet normal 7.046281e-01 -7.074039e-01 -5.548852e-02
    outer loop
      vertex   -2.539500e-02 3.358923e+01 2.611106e+01
      vertex   -1.731029e+00 3.190423e+01 2.593336e+01
      vertex   -2.527845e-02 3.362415e+01 2.566742e+01
    endloop
  endfacet
  facet normal 7.046280e-01 -7.074039e-01 -5.548890e-02
    outer loop
      vertex   -2.527845e-02 3.362415e+01 2.566742e+01
      vertex   -1.731029e+00 3.190423e+01 2.593336e+01
      vertex   -1.730936e+00 3.193216e+01 2.557845e+01
    endloop
  endfacet
  facet normal 7.046216e-01 -7.093417e-01 -1.851335e-02
    outer loop
      vertex   -2.527845e-02 3.362415e+01 2.566742e+01
      vertex   -1.730936e+00 3.193216e+01 2.557845e+01
      vertex   -2.523956e-02 3.363579e+01 2.522257e+01
    endloop
  endfacet
  facet normal 7.046216e-01 -7.093417e-01 -1.851335e-02
    outer loop
      vertex   -2.523956e-02 3.363579e+01 2.522257e+01
      vertex   -1.730936e+00 3.193216e+01 2.557845e+01
      vertex   -1.730905e+00 3.194148e+01 2.522257e+01
    endloop
  endfacet
  facet normal -7.054336e-01 5.023581e-01 4.999998e-01
    outer loop
      vertex   1.291110e+00 3.853143e+01 2.292257e+01
      vertex   9.485512e-01 3.819115e+01 2.278115e+01
      vertex   1.290443e+00 3.833143e+01 2.312257e+01
    endloop
  endfacet
  facet normal 0.000000e+00 0.000000e+00 1.000000e+00
    outer loop
      vertex   1.290443e+00 3.833143e+01 2.312257e+01
      vertex   1.271439e+00 3.263857e+01 2.312257e+01
      vertex   2.090438e+00 3.832876e+01 2.312257e+01
    endloop
  endfacet
  facet normal 0.000000e+00 0.000000e+00 1.000000e+00
    outer loop
      vertex   2.090438e+00 3.832876e+01 2.312257e+01
      vertex   1.271439e+00 3.263857e+01 2.312257e+01
      vertex   2.071434e+00 3.263590e+01 2.312257e+01
    endloop
  endfacet
  facet normal 2.360461e-03 7.071033e-01 7.071064e-01
    outer loop
      vertex   1.291110e+00 3.853143e+01 2.292257e+01
      vertex   1.290443e+00 3.833143e+01 2.312257e+01
      vertex   2.091106e+00 3.852876e+01 2.292257e+01
    endloop
  endfacet
  facet normal 2.360461e-03 7.071033e-01 7.071064e-01
    outer loop
      vertex   2.091106e+00 3.852876e+01 2.292257e+01
      vertex   1.290443e+00 3.833143e+01 2.312257e+01
      vertex   2.090438e+00 3.832876e+01 2.312257e+01
    endloop
  endfacet
  facet normal 3.338194e-03 9.999944e-01 -4.941519e-19
    outer loop
      vertex   1.291110e+00 3.853143e+01 1.992257e+01
      vertex   1.291110e+00 3.853143e+01 2.292257e+01
      vertex   2.091106e+00 3.852876e+01 1.992257e+01
    endloop
  endfacet
  facet normal 3.338194e-03 9.999944e-01 -4.941519e-19
    outer loop
      vertex   2.091106e+00 3.852876e+01 1.992257e+01
      vertex   1.291110e+00 3.853143e+01 2.292257e+01
      vertex   2.091106e+00 3.852876e+01 2.292257e+01
    endloop
  endfacet
  facet normal 2.360459e-03 7.071028e-01 -7.071068e-01
    outer loop
      vertex   2.091106e+00 3.852876e+01 1.992257e+01
      vertex   2.090438e+00 3.832876e+01 1.972257e+01
      vertex   1.291110e+00 3.853143e+01 1.992257e+01
    endloop
  endfacet
  facet normal 2.360459e-03 7.071028e-01 -7.071068e-01
    outer loop
      vertex   1.291110e+00 3.853143e+01 1.992257e+01
      vertex   2.090438e+00 3.832876e+01 1.972257e+01
      vertex   1.090444e+00 3.833210e+01 1.972257e+01
    endloop
  endfacet
  facet normal 0.000000e+00 0.000000e+00 -1.000000e+00
    outer loop
      vertex   -1.727567e+00 3.294147e+01 1.972257e+01
      vertex   -1.715314e+00 3.661202e+01 1.972257e+01
      vertex   -7.275724e-01 3.293814e+01 1.972257e+01
    endloop
  endfacet
  facet normal 0.000000e+00 0.000000e+00 -1.000000e+00
    outer loop
      vertex   -7.275724e-01 3.293814e+01 1.972257e+01
      vertex   -1.715314e+00 3.661202e+01 1.972257e+01
      vertex   -6.447570e-01 3.660844e+01 1.972257e+01
    endloop
  endfacet
  facet normal 0.000000e+00 0.000000e+00 -1.000000e+00
    outer loop
      vertex   -7.275724e-01 3.293814e+01 1.972257e+01
      vertex   -6.447570e-01 3.660844e+01 1.972257e+01
      vertex   -2.523956e-02 3.363579e+01 1.972257e+01
    endloop
  endfacet
  facet normal 0.000000e+00 0.000000e+00 -1.000000e+00
    outer loop
      vertex   -2.523956e-02 3.363579e+01 1.972257e+01
      vertex   -6.447570e-01 3.660844e+01 1.972257e+01
      vertex   7.475989e-02 3.363546e+01 1.972257e+01
    endloop
  endfacet
  facet normal 0.000000e+00 0.000000e+00 -1.000000e+00
    outer loop
      vertex   7.475989e-02 3.363546e+01 1.972257e+01
      vertex   -6.447570e-01 3.660844e+01 1.972257e+01
      vertex   1.090444e+00 3.833210e+01 1.972257e+01
    endloop
  endfacet
  facet normal 0.000000e+00 0.000000e+00 -1.000000e+00
    outer loop
      vertex   7.475989e-02 3.363546e+01 1.972257e+01
      vertex   1.090444e+00 3.833210e+01 1.972257e+01
      vertex   2.090438e+00 3.832876e+01 1.972257e+01
    endloop
  endfacet
  facet normal 0.000000e+00 0.000000e+00 -1.000000e+00
    outer loop
      vertex   2.069074e+00 3.192879e+01 1.972257e+01
      vertex   1.769076e+00 3.192980e+01 1.972257e+01
      vertex   2.090438e+00 3.832876e+01 1.972257e+01
    endloop
  endfacet
  facet normal 0.000000e+00 0.000000e+00 -1.000000e+00
    outer loop
      vertex   2.090438e+00 3.832876e+01 1.972257e+01
      vertex   1.769076e+00 3.192980e+01 1.972257e+01
      vertex   7.475989e-02 3.363546e+01 1.972257e+01
    endloop
  endfacet
  facet normal 9.999944e-01 -3.338194e-03 -1.960818e-15
    outer loop
      vertex   2.069074e+00 3.192879e+01 1.972257e+01
      vertex   2.090438e+00 3.832876e+01 1.972257e+01
      vertex   2.068406e+00 3.172879e+01 1.992257e+01
    endloop
  endfacet
  facet normal 9.999944e-01 -3.338194e-03 1.693029e-15
    outer loop
      vertex   2.068406e+00 3.172879e+01 1.992257e+01
      vertex   2.090438e+00 3.832876e+01 1.972257e+01
      vertex   2.091106e+00 3.852876e+01 1.992257e+01
    endloop
  endfacet
  facet normal 9.999944e-01 -3.338194e-03 0.000000e+00
    outer loop
      vertex   2.068406e+00 3.172879e+01 1.992257e+01
      vertex   2.091106e+00 3.852876e+01 1.992257e+01
      vertex   2.068406e+00 3.172879e+01 2.221546e+01
    endloop
  endfacet
  facet normal 9.999944e-01 -3.338194e-03 -1.486041e-16
    outer loop
      vertex   2.068406e+00 3.172879e+01 2.221546e+01
      vertex   2.091106e+00 3.852876e+01 1.992257e+01
      vertex   2.091106e+00 3.852876e+01 2.292257e+01
    endloop
  endfacet
  facet normal 9.999944e-01 -3.338194e-03 -5.674891e-16
    outer loop
      vertex   2.068406e+00 3.172879e+01 2.221546e+01
      vertex   2.091106e+00 3.852876e+01 2.292257e+01
      vertex   2.071434e+00 3.263590e+01 2.312257e+01
    endloop
  endfacet
  facet normal 9.999944e-01 -3.338194e-03 5.592702e-16
    outer loop
      vertex   2.071434e+00 3.263590e+01 2.312257e+01
      vertex   2.091106e+00 3.852876e+01 2.292257e+01
      vertex   2.090438e+00 3.832876e+01 2.312257e+01
    endloop
  endfacet
endsolid
