solid ASCII
  facet normal 0.000000e+00 7.071063e-01 7.071073e-01
    outer loop
      vertex   4.400000e+00 5.043674e+01 7.100000e+00
      vertex   -1.776357e-15 5.043674e+01 7.100000e+00
      vertex   4.000000e+00 5.003674e+01 7.500000e+00
    endloop
  endfacet
  facet normal 0.000000e+00 7.071063e-01 7.071073e-01
    outer loop
      vertex   4.000000e+00 5.003674e+01 7.500000e+00
      vertex   -1.776357e-15 5.043674e+01 7.100000e+00
      vertex   4.000000e-01 5.003674e+01 7.500000e+00
    endloop
  endfacet
  facet normal -0.000000e+00 7.071068e-01 7.071068e-01
    outer loop
      vertex   4.000000e-01 5.083674e+01 6.700000e+00
      vertex   -1.776357e-15 5.043674e+01 7.100000e+00
      vertex   4.000000e+00 5.083674e+01 6.700000e+00
    endloop
  endfacet
  facet normal 0.000000e+00 7.071068e-01 7.071068e-01
    outer loop
      vertex   4.000000e+00 5.083674e+01 6.700000e+00
      vertex   -1.776357e-15 5.043674e+01 7.100000e+00
      vertex   4.400000e+00 5.043674e+01 7.100000e+00
    endloop
  endfacet
  facet normal -0.000000e+00 0.000000e+00 1.000000e+00
    outer loop
      vertex   4.000000e-01 5.003674e+01 7.500000e+00
      vertex   8.720000e-01 4.958674e+01 7.500000e+00
      vertex   4.000000e+00 5.003674e+01 7.500000e+00
    endloop
  endfacet
  facet normal 0.000000e+00 0.000000e+00 1.000000e+00
    outer loop
      vertex   4.000000e+00 5.003674e+01 7.500000e+00
      vertex   8.720000e-01 4.958674e+01 7.500000e+00
      vertex   3.600000e+00 4.958674e+01 7.500000e+00
    endloop
  endfacet
  facet normal 0.000000e+00 0.000000e+00 1.000000e+00
    outer loop
      vertex   4.000000e+00 5.003674e+01 7.500000e+00
      vertex   3.600000e+00 4.958674e+01 7.500000e+00
      vertex   4.000000e+00 4.853674e+01 7.500000e+00
    endloop
  endfacet
  facet normal 0.000000e+00 0.000000e+00 1.000000e+00
    outer loop
      vertex   4.000000e+00 4.853674e+01 7.500000e+00
      vertex   3.600000e+00 4.958674e+01 7.500000e+00
      vertex   3.600000e+00 4.853674e+01 7.500000e+00
    endloop
  endfacet
  facet normal 0.000000e+00 0.000000e+00 1.000000e+00
    outer loop
      vertex   4.000000e-01 5.003674e+01 7.500000e+00
      vertex   4.000000e-01 2.063674e+01 7.500000e+00
      vertex   8.720000e-01 4.958674e+01 7.500000e+00
    endloop
  endfacet
  facet normal 0.000000e+00 0.000000e+00 1.000000e+00
    outer loop
      vertex   8.720000e-01 4.958674e+01 7.500000e+00
      vertex   4.000000e-01 2.063674e+01 7.500000e+00
      vertex   8.720000e-01 2.108674e+01 7.500000e+00
    endloop
  endfacet
  facet normal 0.000000e+00 0.000000e+00 1.000000e+00
    outer loop
      vertex   8.720000e-01 2.108674e+01 7.500000e+00
      vertex   4.000000e-01 2.063674e+01 7.500000e+00
      vertex   4.000000e+00 2.063674e+01 7.500000e+00
    endloop
  endfacet
  facet normal -0.000000e+00 0.000000e+00 1.000000e+00
    outer loop
      vertex   8.720000e-01 2.108674e+01 7.500000e+00
      vertex   4.000000e+00 2.063674e+01 7.500000e+00
      vertex   3.600000e+00 2.108674e+01 7.500000e+00
    endloop
  endfacet
  facet normal -0.000000e+00 0.000000e+00 1.000000e+00
    outer loop
      vertex   3.600000e+00 2.108674e+01 7.500000e+00
      vertex   4.000000e+00 2.063674e+01 7.500000e+00
      vertex   4.000000e+00 2.213674e+01 7.500000e+00
    endloop
  endfacet
  facet normal 0.000000e+00 0.000000e+00 1.000000e+00
    outer loop
      vertex   3.600000e+00 2.108674e+01 7.500000e+00
      vertex   4.000000e+00 2.213674e+01 7.500000e+00
      vertex   3.600000e+00 2.213674e+01 7.500000e+00
    endloop
  endfacet
  facet normal 0.000000e+00 1.000000e+00 0.000000e+00
    outer loop
      vertex   4.000000e-01 5.083674e+01 -6.700000e+00
      vertex   4.000000e-01 5.083674e+01 6.700000e+00
      vertex   4.000000e+00 5.083674e+01 -6.700000e+00
    endloop
  endfacet
  facet normal 0.000000e+00 1.000000e+00 -0.000000e+00
    outer loop
      vertex   4.000000e+00 5.083674e+01 -6.700000e+00
      vertex   4.000000e-01 5.083674e+01 6.700000e+00
      vertex   4.000000e+00 5.083674e+01 6.700000e+00
    endloop
  endfacet
  facet normal 0.000000e+00 7.071068e-01 -7.071068e-01
    outer loop
      vertex   4.400000e+00 5.043674e+01 -7.100000e+00
      vertex   -4.929390e-15 5.043674e+01 -7.100000e+00
      vertex   4.000000e+00 5.083674e+01 -6.700000e+00
    endloop
  endfacet
  facet normal 0.000000e+00 7.071068e-01 -7.071068e-01
    outer loop
      vertex   4.000000e+00 5.083674e+01 -6.700000e+00
      vertex   -4.929390e-15 5.043674e+01 -7.100000e+00
      vertex   4.000000e-01 5.083674e+01 -6.700000e+00
    endloop
  endfacet
  facet normal 0.000000e+00 7.071063e-01 -7.071073e-01
    outer loop
      vertex   4.000000e-01 5.003674e+01 -7.500000e+00
      vertex   -4.929390e-15 5.043674e+01 -7.100000e+00
      vertex   4.000000e+00 5.003674e+01 -7.500000e+00
    endloop
  endfacet
  facet normal 0.000000e+00 7.071063e-01 -7.071073e-01
    outer loop
      vertex   4.000000e+00 5.003674e+01 -7.500000e+00
      vertex   -4.929390e-15 5.043674e+01 -7.100000e+00
      vertex   4.400000e+00 5.043674e+01 -7.100000e+00
    endloop
  endfacet
  facet normal 0.000000e+00 0.000000e+00 -1.000000e+00
    outer loop
      vertex   2.566280e-16 2.656849e+01 -7.500000e+00
      vertex   4.000000e-01 2.886174e+01 -7.500000e+00
      vertex   8.720000e-01 2.656845e+01 -7.500000e+00
    endloop
  endfacet
  facet normal 0.000000e+00 0.000000e+00 -1.000000e+00
    outer loop
      vertex   8.720000e-01 2.656845e+01 -7.500000e+00
      vertex   4.000000e-01 2.886174e+01 -7.500000e+00
      vertex   4.000000e-01 4.181174e+01 -7.500000e+00
    endloop
  endfacet
  facet normal 0.000000e+00 0.000000e+00 -1.000000e+00
    outer loop
      vertex   8.720000e-01 2.656845e+01 -7.500000e+00
      vertex   4.000000e-01 4.181174e+01 -7.500000e+00
      vertex   4.000000e+00 5.003674e+01 -7.500000e+00
    endloop
  endfacet
  facet normal 0.000000e+00 0.000000e+00 -1.000000e+00
    outer loop
      vertex   4.000000e+00 5.003674e+01 -7.500000e+00
      vertex   4.000000e-01 4.181174e+01 -7.500000e+00
      vertex   4.000000e-01 4.886174e+01 -7.500000e+00
    endloop
  endfacet
  facet normal -0.000000e+00 0.000000e+00 -1.000000e+00
    outer loop
      vertex   4.000000e+00 5.003674e+01 -7.500000e+00
      vertex   4.000000e-01 4.886174e+01 -7.500000e+00
      vertex   4.000000e-01 5.003674e+01 -7.500000e+00
    endloop
  endfacet
  facet normal 0.000000e+00 0.000000e+00 -1.000000e+00
    outer loop
      vertex   2.566280e-16 2.656849e+01 -7.500000e+00
      vertex   -2.775558e-16 2.886174e+01 -7.500000e+00
      vertex   4.000000e-01 2.886174e+01 -7.500000e+00
    endloop
  endfacet
  facet normal 0.000000e+00 0.000000e+00 -1.000000e+00
    outer loop
      vertex   4.000000e-01 4.181174e+01 -7.500000e+00
      vertex   -3.053113e-15 4.181174e+01 -7.500000e+00
      vertex   4.000000e-01 4.886174e+01 -7.500000e+00
    endloop
  endfacet
  facet normal -0.000000e+00 0.000000e+00 -1.000000e+00
    outer loop
      vertex   4.000000e-01 4.886174e+01 -7.500000e+00
      vertex   -3.053113e-15 4.181174e+01 -7.500000e+00
      vertex   -4.718448e-15 4.886174e+01 -7.500000e+00
    endloop
  endfacet
  facet normal 0.000000e+00 -0.000000e+00 -1.000000e+00
    outer loop
      vertex   4.000000e+00 5.003674e+01 -7.500000e+00
      vertex   4.000000e+00 2.063674e+01 -7.500000e+00
      vertex   8.720000e-01 2.656845e+01 -7.500000e+00
    endloop
  endfacet
  facet normal 0.000000e+00 0.000000e+00 -1.000000e+00
    outer loop
      vertex   8.720000e-01 2.656845e+01 -7.500000e+00
      vertex   4.000000e+00 2.063674e+01 -7.500000e+00
      vertex   8.720000e-01 2.242425e+01 -7.500000e+00
    endloop
  endfacet
  facet normal 0.000000e+00 -0.000000e+00 -1.000000e+00
    outer loop
      vertex   8.720000e-01 2.242425e+01 -7.500000e+00
      vertex   4.000000e+00 2.063674e+01 -7.500000e+00
      vertex   4.000000e-01 2.063674e+01 -7.500000e+00
    endloop
  endfacet
  facet normal -0.000000e+00 0.000000e+00 -1.000000e+00
    outer loop
      vertex   8.720000e-01 2.242425e+01 -7.500000e+00
      vertex   4.000000e-01 2.063674e+01 -7.500000e+00
      vertex   8.702256e-01 2.242603e+01 -7.500000e+00
    endloop
  endfacet
  facet normal 0.000000e+00 0.000000e+00 -1.000000e+00
    outer loop
      vertex   8.702256e-01 2.242603e+01 -7.500000e+00
      vertex   4.000000e-01 2.063674e+01 -7.500000e+00
      vertex   4.000000e-01 2.181174e+01 -7.500000e+00
    endloop
  endfacet
  facet normal -0.000000e+00 0.000000e+00 -1.000000e+00
    outer loop
      vertex   8.702256e-01 2.242603e+01 -7.500000e+00
      vertex   4.000000e-01 2.181174e+01 -7.500000e+00
      vertex   9.831871e-16 2.329636e+01 -7.500000e+00
    endloop
  endfacet
  facet normal 0.000000e+00 0.000000e+00 -1.000000e+00
    outer loop
      vertex   9.831871e-16 2.329636e+01 -7.500000e+00
      vertex   4.000000e-01 2.181174e+01 -7.500000e+00
      vertex   1.387779e-15 2.181174e+01 -7.500000e+00
    endloop
  endfacet
  facet normal 1.000000e+00 5.357966e-17 -3.713474e-13
    outer loop
      vertex   8.720000e-01 2.242425e+01 -7.500000e+00
      vertex   8.720000e-01 2.242426e+01 -7.500598e+00
      vertex   8.720000e-01 2.656845e+01 -7.500000e+00
    endloop
  endfacet
  facet normal 1.000000e+00 0.000000e+00 0.000000e+00
    outer loop
      vertex   8.720000e-01 2.656845e+01 -7.500000e+00
      vertex   8.720000e-01 2.242426e+01 -7.500598e+00
      vertex   8.720000e-01 2.242443e+01 -7.527509e+00
    endloop
  endfacet
  facet normal 1.000000e+00 0.000000e+00 -0.000000e+00
    outer loop
      vertex   8.720000e-01 4.958674e+01 -6.250000e+00
      vertex   8.720000e-01 4.958674e+01 7.500000e+00
      vertex   8.720000e-01 2.108674e+01 -6.250000e+00
    endloop
  endfacet
  facet normal 1.000000e+00 0.000000e+00 0.000000e+00
    outer loop
      vertex   8.720000e-01 2.108674e+01 -6.250000e+00
      vertex   8.720000e-01 4.958674e+01 7.500000e+00
      vertex   8.720000e-01 2.108674e+01 7.500000e+00
    endloop
  endfacet
  facet normal -7.071434e-01 -7.070546e-01 -4.691832e-03
    outer loop
      vertex   8.720000e-01 2.242426e+01 -7.500598e+00
      vertex   8.702256e-01 2.242603e+01 -7.500000e+00
      vertex   8.720000e-01 2.242443e+01 -7.527509e+00
    endloop
  endfacet
  facet normal -7.071434e-01 -7.070546e-01 -4.691832e-03
    outer loop
      vertex   8.720000e-01 2.242443e+01 -7.527509e+00
      vertex   8.702256e-01 2.242603e+01 -7.500000e+00
      vertex   9.831871e-16 2.329636e+01 -7.500000e+00
    endloop
  endfacet
  facet normal -7.071434e-01 -7.070546e-01 -4.691832e-03
    outer loop
      vertex   8.720000e-01 2.242443e+01 -7.527509e+00
      vertex   9.831871e-16 2.329636e+01 -7.500000e+00
      vertex   -7.758842e-01 2.407245e+01 -7.516570e+00
    endloop
  endfacet
  facet normal -7.071434e-01 -7.070546e-01 -4.691832e-03
    outer loop
      vertex   -7.758842e-01 2.407245e+01 -7.516570e+00
      vertex   9.831871e-16 2.329636e+01 -7.500000e+00
      vertex   9.714451e-16 2.329441e+01 -7.206747e+00
    endloop
  endfacet
  facet normal -7.071434e-01 -7.070546e-01 -4.691832e-03
    outer loop
      vertex   -7.758842e-01 2.407245e+01 -7.516570e+00
      vertex   9.714451e-16 2.329441e+01 -7.206747e+00
      vertex   -3.464694e-01 2.364015e+01 -7.089993e+00
    endloop
  endfacet
  facet normal -7.071438e-01 -7.070542e-01 -4.693940e-03
    outer loop
      vertex   8.720000e-01 2.242426e+01 -7.500598e+00
      vertex   8.720000e-01 2.242425e+01 -7.500000e+00
      vertex   8.702256e-01 2.242603e+01 -7.500000e+00
    endloop
  endfacet
  facet normal -0.000000e+00 -7.071063e-01 -7.071073e-01
    outer loop
      vertex   4.400000e+00 2.023674e+01 -7.100000e+00
      vertex   1.776357e-15 2.023674e+01 -7.100000e+00
      vertex   4.000000e+00 2.063674e+01 -7.500000e+00
    endloop
  endfacet
  facet normal -0.000000e+00 -7.071063e-01 -7.071073e-01
    outer loop
      vertex   4.000000e+00 2.063674e+01 -7.500000e+00
      vertex   1.776357e-15 2.023674e+01 -7.100000e+00
      vertex   4.000000e-01 2.063674e+01 -7.500000e+00
    endloop
  endfacet
  facet normal 0.000000e+00 -7.071068e-01 -7.071068e-01
    outer loop
      vertex   4.000000e-01 1.983674e+01 -6.700000e+00
      vertex   1.776357e-15 2.023674e+01 -7.100000e+00
      vertex   4.000000e+00 1.983674e+01 -6.700000e+00
    endloop
  endfacet
  facet normal 0.000000e+00 -7.071068e-01 -7.071068e-01
    outer loop
      vertex   4.000000e+00 1.983674e+01 -6.700000e+00
      vertex   1.776357e-15 2.023674e+01 -7.100000e+00
      vertex   4.400000e+00 2.023674e+01 -7.100000e+00
    endloop
  endfacet
  facet normal 0.000000e+00 -1.000000e+00 0.000000e+00
    outer loop
      vertex   4.000000e-01 1.983674e+01 6.700000e+00
      vertex   4.000000e-01 1.983674e+01 -6.700000e+00
      vertex   4.000000e+00 1.983674e+01 6.700000e+00
    endloop
  endfacet
  facet normal 0.000000e+00 -1.000000e+00 -0.000000e+00
    outer loop
      vertex   4.000000e+00 1.983674e+01 6.700000e+00
      vertex   4.000000e-01 1.983674e+01 -6.700000e+00
      vertex   4.000000e+00 1.983674e+01 -6.700000e+00
    endloop
  endfacet
  facet normal 0.000000e+00 -7.071068e-01 7.071068e-01
    outer loop
      vertex   4.400000e+00 2.023674e+01 7.100000e+00
      vertex   4.929390e-15 2.023674e+01 7.100000e+00
      vertex   4.000000e+00 1.983674e+01 6.700000e+00
    endloop
  endfacet
  facet normal 0.000000e+00 -7.071068e-01 7.071068e-01
    outer loop
      vertex   4.000000e+00 1.983674e+01 6.700000e+00
      vertex   4.929390e-15 2.023674e+01 7.100000e+00
      vertex   4.000000e-01 1.983674e+01 6.700000e+00
    endloop
  endfacet
  facet normal 0.000000e+00 -7.071063e-01 7.071073e-01
    outer loop
      vertex   4.000000e-01 2.063674e+01 7.500000e+00
      vertex   4.929390e-15 2.023674e+01 7.100000e+00
      vertex   4.000000e+00 2.063674e+01 7.500000e+00
    endloop
  endfacet
  facet normal 0.000000e+00 -7.071063e-01 7.071073e-01
    outer loop
      vertex   4.000000e+00 2.063674e+01 7.500000e+00
      vertex   4.929390e-15 2.023674e+01 7.100000e+00
      vertex   4.400000e+00 2.023674e+01 7.100000e+00
    endloop
  endfacet
  facet normal -7.071435e-01 -7.070545e-01 -4.693791e-03
    outer loop
      vertex   -3.608225e-15 4.399712e+01 -7.384304e+00
      vertex   -3.452100e-15 4.399351e+01 -6.839349e+00
      vertex   -4.541143e-02 4.404254e+01 -7.384003e+00
    endloop
  endfacet
  facet normal -7.071431e-01 -7.070549e-01 -4.693859e-03
    outer loop
      vertex   -3.035766e-15 4.398119e+01 -4.984357e+00
      vertex   -4.541226e-02 4.402661e+01 -4.984056e+00
      vertex   -3.452100e-15 4.399351e+01 -6.839349e+00
    endloop
  endfacet
  facet normal -7.071431e-01 -7.070549e-01 -4.693859e-03
    outer loop
      vertex   -3.452100e-15 4.399351e+01 -6.839349e+00
      vertex   -4.541226e-02 4.402661e+01 -4.984056e+00
      vertex   -4.541143e-02 4.404254e+01 -7.384003e+00
    endloop
  endfacet
  facet normal -3.442134e-07 -6.638116e-03 9.999780e-01
    outer loop
      vertex   -4.541226e-02 4.402661e+01 -4.984056e+00
      vertex   -3.035766e-15 4.398119e+01 -4.984357e+00
      vertex   -4.525151e-02 4.712654e+01 -4.963477e+00
    endloop
  endfacet
  facet normal -3.442134e-07 -6.638116e-03 9.999780e-01
    outer loop
      vertex   -4.525151e-02 4.712654e+01 -4.963477e+00
      vertex   -3.035766e-15 4.398119e+01 -4.984357e+00
      vertex   -3.885781e-15 4.777174e+01 -4.959194e+00
    endloop
  endfacet
  facet normal -3.442134e-07 -6.638116e-03 9.999780e-01
    outer loop
      vertex   -4.525151e-02 4.712654e+01 -4.963477e+00
      vertex   -3.885781e-15 4.777174e+01 -4.959194e+00
      vertex   -3.452360e-01 4.742655e+01 -4.961486e+00
    endloop
  endfacet
  facet normal -7.071439e-01 -7.070540e-01 -4.693853e-03
    outer loop
      vertex   1.509209e-15 2.328057e+01 -5.121773e+00
      vertex   -3.464701e-01 2.362707e+01 -5.119473e+00
      vertex   1.370432e-15 2.328459e+01 -5.726771e+00
    endloop
  endfacet
  facet normal -7.071439e-01 -7.070540e-01 -4.693853e-03
    outer loop
      vertex   1.370432e-15 2.328459e+01 -5.726771e+00
      vertex   -3.464701e-01 2.362707e+01 -5.119473e+00
      vertex   -3.464694e-01 2.364015e+01 -7.089993e+00
    endloop
  endfacet
  facet normal -7.071438e-01 -7.070542e-01 -4.693940e-03
    outer loop
      vertex   9.714451e-16 2.329441e+01 -7.206747e+00
      vertex   1.370432e-15 2.328459e+01 -5.726771e+00
      vertex   -3.464694e-01 2.364015e+01 -7.089993e+00
    endloop
  endfacet
  facet normal -3.442134e-07 -6.638116e-03 9.999780e-01
    outer loop
      vertex   -3.464701e-01 2.362707e+01 -5.119473e+00
      vertex   1.509209e-15 2.328057e+01 -5.121773e+00
      vertex   -4.645450e-02 2.392705e+01 -5.117482e+00
    endloop
  endfacet
  facet normal -3.442134e-07 -6.638116e-03 9.999780e-01
    outer loop
      vertex   -4.645450e-02 2.392705e+01 -5.117482e+00
      vertex   1.509209e-15 2.328057e+01 -5.121773e+00
      vertex   6.938894e-16 2.707327e+01 -5.096596e+00
    endloop
  endfacet
  facet normal -3.442134e-07 -6.638116e-03 9.999780e-01
    outer loop
      vertex   -4.645450e-02 2.392705e+01 -5.117482e+00
      vertex   6.938894e-16 2.707327e+01 -5.096596e+00
      vertex   -4.629376e-02 2.702698e+01 -5.096903e+00
    endloop
  endfacet
  facet normal -7.070698e-01 7.071282e-01 4.693859e-03
    outer loop
      vertex   6.938894e-16 2.707327e+01 -5.096596e+00
      vertex   2.775558e-16 2.708551e+01 -6.941067e+00
      vertex   -4.629376e-02 2.702698e+01 -5.096903e+00
    endloop
  endfacet
  facet normal -7.070698e-01 7.071282e-01 4.693859e-03
    outer loop
      vertex   -4.629376e-02 2.702698e+01 -5.096903e+00
      vertex   2.775558e-16 2.708551e+01 -6.941067e+00
      vertex   -4.629293e-02 2.704291e+01 -7.496851e+00
    endloop
  endfacet
  facet normal -7.070701e-01 7.071278e-01 4.693922e-03
    outer loop
      vertex   2.775558e-16 2.708551e+01 -6.941067e+00
      vertex   1.474515e-16 2.708920e+01 -7.496543e+00
      vertex   -4.629293e-02 2.704291e+01 -7.496851e+00
    endloop
  endfacet
  facet normal 3.442134e-07 6.638116e-03 -9.999780e-01
    outer loop
      vertex   8.720000e-01 2.656845e+01 -7.500000e+00
      vertex   8.720000e-01 2.242443e+01 -7.527509e+00
      vertex   2.566280e-16 2.656849e+01 -7.500000e+00
    endloop
  endfacet
  facet normal 3.442134e-07 6.638116e-03 -9.999780e-01
    outer loop
      vertex   2.566280e-16 2.656849e+01 -7.500000e+00
      vertex   8.720000e-01 2.242443e+01 -7.527509e+00
      vertex   -7.758842e-01 2.407245e+01 -7.516570e+00
    endloop
  endfacet
  facet normal 3.442134e-07 6.638116e-03 -9.999780e-01
    outer loop
      vertex   2.566280e-16 2.656849e+01 -7.500000e+00
      vertex   -7.758842e-01 2.407245e+01 -7.516570e+00
      vertex   -1.462929e-01 2.704292e+01 -7.496851e+00
    endloop
  endfacet
  facet normal 3.442134e-07 6.638116e-03 -9.999780e-01
    outer loop
      vertex   -1.462929e-01 2.704292e+01 -7.496851e+00
      vertex   -7.758842e-01 2.407245e+01 -7.516570e+00
      vertex   -8.462567e-01 2.774294e+01 -7.492204e+00
    endloop
  endfacet
  facet normal 3.442134e-07 6.638116e-03 -9.999780e-01
    outer loop
      vertex   -8.462567e-01 2.774294e+01 -7.492204e+00
      vertex   -7.758842e-01 2.407245e+01 -7.516570e+00
      vertex   -1.846447e+00 2.407251e+01 -7.516570e+00
    endloop
  endfacet
  facet normal 3.442134e-07 6.638116e-03 -9.999780e-01
    outer loop
      vertex   -8.462567e-01 2.774294e+01 -7.492204e+00
      vertex   -1.846447e+00 2.407251e+01 -7.516570e+00
      vertex   -1.846257e+00 2.774299e+01 -7.492204e+00
    endloop
  endfacet
  facet normal 3.442134e-07 6.638116e-03 -9.999780e-01
    outer loop
      vertex   -1.462929e-01 2.704292e+01 -7.496851e+00
      vertex   -4.629293e-02 2.704291e+01 -7.496851e+00
      vertex   2.566280e-16 2.656849e+01 -7.500000e+00
    endloop
  endfacet
  facet normal 3.442134e-07 6.638116e-03 -9.999780e-01
    outer loop
      vertex   2.566280e-16 2.656849e+01 -7.500000e+00
      vertex   -4.629293e-02 2.704291e+01 -7.496851e+00
      vertex   1.474515e-16 2.708920e+01 -7.496543e+00
    endloop
  endfacet
  facet normal 3.442134e-07 6.638116e-03 -9.999780e-01
    outer loop
      vertex   -1.845448e+00 4.334265e+01 -7.388649e+00
      vertex   -1.845257e+00 4.701313e+01 -7.364284e+00
      vertex   -8.454478e-01 4.334260e+01 -7.388649e+00
    endloop
  endfacet
  facet normal 3.442134e-07 6.638116e-03 -9.999780e-01
    outer loop
      vertex   -8.454478e-01 4.334260e+01 -7.388649e+00
      vertex   -1.845257e+00 4.701313e+01 -7.364284e+00
      vertex   -7.746946e-01 4.701307e+01 -7.364284e+00
    endloop
  endfacet
  facet normal 3.442134e-07 6.638116e-03 -9.999780e-01
    outer loop
      vertex   -8.454478e-01 4.334260e+01 -7.388649e+00
      vertex   -7.746946e-01 4.701307e+01 -7.364284e+00
      vertex   -1.454114e-01 4.404254e+01 -7.384003e+00
    endloop
  endfacet
  facet normal 3.442134e-07 6.638116e-03 -9.999780e-01
    outer loop
      vertex   -1.454114e-01 4.404254e+01 -7.384003e+00
      vertex   -7.746946e-01 4.701307e+01 -7.364284e+00
      vertex   -4.440892e-15 4.778767e+01 -7.359142e+00
    endloop
  endfacet
  facet normal 3.442134e-07 6.638116e-03 -9.999780e-01
    outer loop
      vertex   -1.454114e-01 4.404254e+01 -7.384003e+00
      vertex   -4.440892e-15 4.778767e+01 -7.359142e+00
      vertex   -4.541143e-02 4.404254e+01 -7.384003e+00
    endloop
  endfacet
  facet normal 3.442134e-07 6.638116e-03 -9.999780e-01
    outer loop
      vertex   -4.541143e-02 4.404254e+01 -7.384003e+00
      vertex   -4.440892e-15 4.778767e+01 -7.359142e+00
      vertex   -3.608225e-15 4.399712e+01 -7.384304e+00
    endloop
  endfacet
  facet normal 7.069490e-01 -7.068837e-01 -2.320576e-02
    outer loop
      vertex   -1.454133e-01 4.400603e+01 -1.884124e+00
      vertex   -1.845502e+00 4.229448e+01 -1.539594e+00
      vertex   -1.845501e+00 4.230616e+01 -1.895409e+00
    endloop
  endfacet
  facet normal 7.069490e-01 -7.068838e-01 -2.320599e-02
    outer loop
      vertex   -1.454141e-01 4.399143e+01 -1.439355e+00
      vertex   -1.845502e+00 4.229448e+01 -1.539594e+00
      vertex   -1.454133e-01 4.400603e+01 -1.884124e+00
    endloop
  endfacet
  facet normal 7.069491e-01 -7.047006e-01 -6.016739e-02
    outer loop
      vertex   -1.454141e-01 4.399143e+01 -1.439355e+00
      vertex   -1.845504e+00 4.226419e+01 -1.184878e+00
      vertex   -1.845502e+00 4.229448e+01 -1.539594e+00
    endloop
  endfacet
  facet normal 7.069490e-01 -7.047006e-01 -6.016787e-02
    outer loop
      vertex   -1.454161e-01 4.395357e+01 -9.959605e-01
      vertex   -1.845504e+00 4.226419e+01 -1.184878e+00
      vertex   -1.454141e-01 4.399143e+01 -1.439355e+00
    endloop
  endfacet
  facet normal 7.069492e-01 -7.005861e-01 -9.696349e-02
    outer loop
      vertex   -1.454161e-01 4.395357e+01 -9.959605e-01
      vertex   -1.845506e+00 4.221538e+01 -8.322334e-01
      vertex   -1.845504e+00 4.226419e+01 -1.184878e+00
    endloop
  endfacet
  facet normal 7.069491e-01 -7.005861e-01 -9.696440e-02
    outer loop
      vertex   -1.454192e-01 4.389256e+01 -5.551547e-01
      vertex   -1.845506e+00 4.221538e+01 -8.322334e-01
      vertex   -1.454161e-01 4.395357e+01 -9.959605e-01
    endloop
  endfacet
  facet normal 7.069494e-01 -6.945512e-01 -1.334957e-01
    outer loop
      vertex   -1.454192e-01 4.389256e+01 -5.551547e-01
      vertex   -1.845510e+00 4.214818e+01 -4.826266e-01
      vertex   -1.845506e+00 4.221538e+01 -8.322334e-01
    endloop
  endfacet
  facet normal 7.069496e-01 -6.945513e-01 -1.334944e-01
    outer loop
      vertex   -1.454236e-01 4.380856e+01 -1.181463e-01
      vertex   -1.845510e+00 4.214818e+01 -4.826266e-01
      vertex   -1.454192e-01 4.389256e+01 -5.551547e-01
    endloop
  endfacet
  facet normal 7.069500e-01 -6.866125e-01 -1.696613e-01
    outer loop
      vertex   -1.454236e-01 4.380856e+01 -1.181463e-01
      vertex   -1.845514e+00 4.206278e+01 -1.370160e-01
      vertex   -1.845510e+00 4.214818e+01 -4.826266e-01
    endloop
  endfacet
  facet normal 7.069500e-01 -6.866125e-01 -1.696610e-01
    outer loop
      vertex   -1.454291e-01 4.370181e+01 3.138671e-01
      vertex   -1.845514e+00 4.206278e+01 -1.370160e-01
      vertex   -1.454236e-01 4.380856e+01 -1.181463e-01
    endloop
  endfacet
  facet normal 7.069506e-01 -6.767926e-01 -2.053598e-01
    outer loop
      vertex   -1.454291e-01 4.370181e+01 3.138671e-01
      vertex   -1.845519e+00 4.195940e+01 2.036514e-01
      vertex   -1.845514e+00 4.206278e+01 -1.370160e-01
    endloop
  endfacet
  facet normal 7.069505e-01 -6.767926e-01 -2.053599e-01
    outer loop
      vertex   -1.454358e-01 4.357259e+01 7.397011e-01
      vertex   -1.845519e+00 4.195940e+01 2.036514e-01
      vertex   -1.454291e-01 4.370181e+01 3.138671e-01
    endloop
  endfacet
  facet normal 7.069512e-01 -6.651173e-01 -2.404976e-01
    outer loop
      vertex   -1.454358e-01 4.357259e+01 7.397011e-01
      vertex   -1.845526e+00 4.183834e+01 5.384417e-01
      vertex   -1.845519e+00 4.195940e+01 2.036514e-01
    endloop
  endfacet
  facet normal 7.069511e-01 -6.651171e-01 -2.404985e-01
    outer loop
      vertex   -1.454437e-01 4.342126e+01 1.158189e+00
      vertex   -1.845526e+00 4.183834e+01 5.384417e-01
      vertex   -1.454358e-01 4.357259e+01 7.397011e-01
    endloop
  endfacet
  facet normal 7.069517e-01 -6.516192e-01 -2.749758e-01
    outer loop
      vertex   -1.454437e-01 4.342126e+01 1.158189e+00
      vertex   -1.845533e+00 4.169992e+01 8.664370e-01
      vertex   -1.845526e+00 4.183834e+01 5.384417e-01
    endloop
  endfacet
  facet normal 7.069518e-01 -6.516193e-01 -2.749754e-01
    outer loop
      vertex   -1.454526e-01 4.324824e+01 1.568184e+00
      vertex   -1.845533e+00 4.169992e+01 8.664370e-01
      vertex   -1.454437e-01 4.342126e+01 1.158189e+00
    endloop
  endfacet
  facet normal 7.069526e-01 -6.363353e-01 -3.086995e-01
    outer loop
      vertex   -1.454526e-01 4.324824e+01 1.568184e+00
      vertex   -1.845541e+00 4.154453e+01 1.186739e+00
      vertex   -1.845533e+00 4.169992e+01 8.664370e-01
    endloop
  endfacet
  facet normal 7.069526e-01 -6.363352e-01 -3.086999e-01
    outer loop
      vertex   -1.454627e-01 4.305399e+01 1.968560e+00
      vertex   -1.845541e+00 4.154453e+01 1.186739e+00
      vertex   -1.454526e-01 4.324824e+01 1.568184e+00
    endloop
  endfacet
  facet normal 7.069534e-01 -6.193066e-01 -3.415788e-01
    outer loop
      vertex   -1.454627e-01 4.305399e+01 1.968560e+00
      vertex   -1.845550e+00 4.137258e+01 1.498469e+00
      vertex   -1.845541e+00 4.154453e+01 1.186739e+00
    endloop
  endfacet
  facet normal 7.069535e-01 -6.193068e-01 -3.415785e-01
    outer loop
      vertex   -1.454738e-01 4.283906e+01 2.358223e+00
      vertex   -1.845550e+00 4.137258e+01 1.498469e+00
      vertex   -1.454627e-01 4.305399e+01 1.968560e+00
    endloop
  endfacet
  facet normal 7.069545e-01 -6.005812e-01 -3.735206e-01
    outer loop
      vertex   -1.454738e-01 4.283906e+01 2.358223e+00
      vertex   -1.845560e+00 4.118456e+01 1.800773e+00
      vertex   -1.845550e+00 4.137258e+01 1.498469e+00
    endloop
  endfacet
  facet normal 7.069545e-01 -6.005813e-01 -3.735203e-01
    outer loop
      vertex   -1.454860e-01 4.260403e+01 2.736103e+00
      vertex   -1.845560e+00 4.118456e+01 1.800773e+00
      vertex   -1.454738e-01 4.283906e+01 2.358223e+00
    endloop
  endfacet
  facet normal 7.069556e-01 -5.802098e-01 -4.044384e-01
    outer loop
      vertex   -1.454860e-01 4.260403e+01 2.736103e+00
      vertex   -1.845570e+00 4.098097e+01 2.092822e+00
      vertex   -1.845560e+00 4.118456e+01 1.800773e+00
    endloop
  endfacet
  facet normal 7.069556e-01 -5.802098e-01 -4.044384e-01
    outer loop
      vertex   -1.454992e-01 4.234955e+01 3.101165e+00
      vertex   -1.845570e+00 4.098097e+01 2.092822e+00
      vertex   -1.454860e-01 4.260403e+01 2.736103e+00
    endloop
  endfacet
  facet normal 7.069567e-01 -5.582482e-01 -4.342478e-01
    outer loop
      vertex   -1.454992e-01 4.234955e+01 3.101165e+00
      vertex   -1.845581e+00 4.076238e+01 2.373817e+00
      vertex   -1.845570e+00 4.098097e+01 2.092822e+00
    endloop
  endfacet
  facet normal 7.069566e-01 -5.582478e-01 -4.342485e-01
    outer loop
      vertex   -1.455134e-01 4.207631e+01 3.452407e+00
      vertex   -1.845581e+00 4.076238e+01 2.373817e+00
      vertex   -1.454992e-01 4.234955e+01 3.101165e+00
    endloop
  endfacet
  facet normal 7.069578e-01 -5.347561e-01 -4.628678e-01
    outer loop
      vertex   -1.455134e-01 4.207631e+01 3.452407e+00
      vertex   -1.845594e+00 4.052938e+01 2.642985e+00
      vertex   -1.845581e+00 4.076238e+01 2.373817e+00
    endloop
  endfacet
  facet normal 7.069579e-01 -5.347565e-01 -4.628671e-01
    outer loop
      vertex   -1.455285e-01 4.178506e+01 3.788869e+00
      vertex   -1.845594e+00 4.052938e+01 2.642985e+00
      vertex   -1.455134e-01 4.207631e+01 3.452407e+00
    endloop
  endfacet
  facet normal 7.069592e-01 -5.097992e-01 -4.902177e-01
    outer loop
      vertex   -1.455285e-01 4.178506e+01 3.788869e+00
      vertex   -1.845606e+00 4.028261e+01 2.899591e+00
      vertex   -1.845594e+00 4.052938e+01 2.642985e+00
    endloop
  endfacet
  facet normal 7.069592e-01 -5.097988e-01 -4.902182e-01
    outer loop
      vertex   -1.455445e-01 4.147660e+01 4.109625e+00
      vertex   -1.845606e+00 4.028261e+01 2.899591e+00
      vertex   -1.455285e-01 4.178506e+01 3.788869e+00
    endloop
  endfacet
  facet normal 7.069605e-01 -4.834437e-01 -5.162258e-01
    outer loop
      vertex   -1.455445e-01 4.147660e+01 4.109625e+00
      vertex   -1.845620e+00 4.002275e+01 3.142930e+00
      vertex   -1.845606e+00 4.028261e+01 2.899591e+00
    endloop
  endfacet
  facet normal 7.069606e-01 -4.834441e-01 -5.162253e-01
    outer loop
      vertex   -1.455613e-01 4.115177e+01 4.413799e+00
      vertex   -1.845620e+00 4.002275e+01 3.142930e+00
      vertex   -1.455445e-01 4.147660e+01 4.109625e+00
    endloop
  endfacet
  facet normal 7.069620e-01 -4.557647e-01 -5.408172e-01
    outer loop
      vertex   -1.455613e-01 4.115177e+01 4.413799e+00
      vertex   -1.845634e+00 3.975051e+01 3.372335e+00
      vertex   -1.845620e+00 4.002275e+01 3.142930e+00
    endloop
  endfacet
  facet normal 7.069619e-01 -4.557641e-01 -5.408178e-01
    outer loop
      vertex   -1.455790e-01 4.081148e+01 4.700556e+00
      vertex   -1.845634e+00 3.975051e+01 3.372335e+00
      vertex   -1.455613e-01 4.115177e+01 4.413799e+00
    endloop
  endfacet
  facet normal 7.069634e-01 -4.268355e-01 -5.639274e-01
    outer loop
      vertex   -1.455790e-01 4.081148e+01 4.700556e+00
      vertex   -1.845649e+00 3.946664e+01 3.587179e+00
      vertex   -1.845634e+00 3.975051e+01 3.372335e+00
    endloop
  endfacet
  facet normal 7.069635e-01 -4.268361e-01 -5.639269e-01
    outer loop
      vertex   -1.455974e-01 4.045664e+01 4.969110e+00
      vertex   -1.845649e+00 3.946664e+01 3.587179e+00
      vertex   -1.455790e-01 4.081148e+01 4.700556e+00
    endloop
  endfacet
  facet normal 7.069651e-01 -3.967371e-01 -5.854913e-01
    outer loop
      vertex   -1.455974e-01 4.045664e+01 4.969110e+00
      vertex   -1.845664e+00 3.917192e+01 3.786871e+00
      vertex   -1.845649e+00 3.946664e+01 3.587179e+00
    endloop
  endfacet
  facet normal 7.069651e-01 -3.967370e-01 -5.854914e-01
    outer loop
      vertex   -1.456165e-01 4.008823e+01 5.218726e+00
      vertex   -1.845664e+00 3.917192e+01 3.786871e+00
      vertex   -1.455974e-01 4.045664e+01 4.969110e+00
    endloop
  endfacet
  facet normal 7.069667e-01 -3.655515e-01 -6.054504e-01
    outer loop
      vertex   -1.456165e-01 4.008823e+01 5.218726e+00
      vertex   -1.845680e+00 3.886714e+01 3.970865e+00
      vertex   -1.845664e+00 3.917192e+01 3.786871e+00
    endloop
  endfacet
  facet normal 7.069666e-01 -3.655512e-01 -6.054506e-01
    outer loop
      vertex   -1.456362e-01 3.970726e+01 5.448718e+00
      vertex   -1.845680e+00 3.886714e+01 3.970865e+00
      vertex   -1.456165e-01 4.008823e+01 5.218726e+00
    endloop
  endfacet
  facet normal 7.069683e-01 -3.333640e-01 -6.237501e-01
    outer loop
      vertex   -1.456362e-01 3.970726e+01 5.448718e+00
      vertex   -1.845696e+00 3.855316e+01 4.138656e+00
      vertex   -1.845680e+00 3.886714e+01 3.970865e+00
    endloop
  endfacet
  facet normal 7.069683e-01 -3.333636e-01 -6.237504e-01
    outer loop
      vertex   -1.456566e-01 3.931478e+01 5.658457e+00
      vertex   -1.845696e+00 3.855316e+01 4.138656e+00
      vertex   -1.456362e-01 3.970726e+01 5.448718e+00
    endloop
  endfacet
  facet normal 7.069700e-01 -3.002615e-01 -6.403409e-01
    outer loop
      vertex   -1.456566e-01 3.931478e+01 5.658457e+00
      vertex   -1.845713e+00 3.823082e+01 4.289784e+00
      vertex   -1.845696e+00 3.855316e+01 4.138656e+00
    endloop
  endfacet
  facet normal 7.069700e-01 -3.002619e-01 -6.403407e-01
    outer loop
      vertex   -1.456775e-01 3.891186e+01 5.847367e+00
      vertex   -1.845713e+00 3.823082e+01 4.289784e+00
      vertex   -1.456566e-01 3.931478e+01 5.658457e+00
    endloop
  endfacet
  facet normal 7.069718e-01 -2.663379e-01 -6.551756e-01
    outer loop
      vertex   -1.456775e-01 3.891186e+01 5.847367e+00
      vertex   -1.845730e+00 3.790102e+01 4.423836e+00
      vertex   -1.845713e+00 3.823082e+01 4.289784e+00
    endloop
  endfacet
  facet normal 7.069717e-01 -2.663375e-01 -6.551758e-01
    outer loop
      vertex   -1.456989e-01 3.849960e+01 6.014931e+00
      vertex   -1.845730e+00 3.790102e+01 4.423836e+00
      vertex   -1.456775e-01 3.891186e+01 5.847367e+00
    endloop
  endfacet
  facet normal 7.069735e-01 -2.316835e-01 -6.682149e-01
    outer loop
      vertex   -1.456989e-01 3.849960e+01 6.014931e+00
      vertex   -1.845747e+00 3.756465e+01 4.540443e+00
      vertex   -1.845730e+00 3.790102e+01 4.423836e+00
    endloop
  endfacet
  facet normal 7.069736e-01 -2.316843e-01 -6.682145e-01
    outer loop
      vertex   -1.457207e-01 3.807914e+01 6.160691e+00
      vertex   -1.845747e+00 3.756465e+01 4.540443e+00
      vertex   -1.456989e-01 3.849960e+01 6.014931e+00
    endloop
  endfacet
  facet normal 7.069755e-01 -1.963938e-01 -6.794227e-01
    outer loop
      vertex   -1.457207e-01 3.807914e+01 6.160691e+00
      vertex   -1.845765e+00 3.722264e+01 4.639286e+00
      vertex   -1.845747e+00 3.756465e+01 4.540443e+00
    endloop
  endfacet
  facet normal 7.069755e-01 -1.963939e-01 -6.794226e-01
    outer loop
      vertex   -1.457428e-01 3.765163e+01 6.284244e+00
      vertex   -1.845765e+00 3.722264e+01 4.639286e+00
      vertex   -1.457207e-01 3.807914e+01 6.160691e+00
    endloop
  endfacet
  facet normal 7.069773e-01 -1.605681e-01 -6.887677e-01
    outer loop
      vertex   -1.457428e-01 3.765163e+01 6.284244e+00
      vertex   -1.845783e+00 3.687592e+01 4.720095e+00
      vertex   -1.845765e+00 3.722264e+01 4.639286e+00
    endloop
  endfacet
  facet normal 7.069773e-01 -1.605678e-01 -6.887678e-01
    outer loop
      vertex   -1.457653e-01 3.721824e+01 6.385255e+00
      vertex   -1.845783e+00 3.687592e+01 4.720095e+00
      vertex   -1.457428e-01 3.765163e+01 6.284244e+00
    endloop
  endfacet
  facet normal 7.069792e-01 -1.243003e-01 -6.962254e-01
    outer loop
      vertex   -1.457653e-01 3.721824e+01 6.385255e+00
      vertex   -1.845801e+00 3.652546e+01 4.782647e+00
      vertex   -1.845783e+00 3.687592e+01 4.720095e+00
    endloop
  endfacet
  facet normal 7.069790e-01 -1.242990e-01 -6.962258e-01
    outer loop
      vertex   -1.457880e-01 3.678016e+01 6.463444e+00
      vertex   -1.845801e+00 3.652546e+01 4.782647e+00
      vertex   -1.457653e-01 3.721824e+01 6.385255e+00
    endloop
  endfacet
  facet normal 7.069809e-01 -8.769117e-02 -7.017751e-01
    outer loop
      vertex   -1.457880e-01 3.678016e+01 6.463444e+00
      vertex   -1.845819e+00 3.617219e+01 4.826771e+00
      vertex   -1.845801e+00 3.652546e+01 4.782647e+00
    endloop
  endfacet
  facet normal 7.069810e-01 -8.769205e-02 -7.017749e-01
    outer loop
      vertex   -1.458109e-01 3.633858e+01 6.518600e+00
      vertex   -1.845819e+00 3.617219e+01 4.826771e+00
      vertex   -1.457880e-01 3.678016e+01 6.463444e+00
    endloop
  endfacet
  facet normal 7.069829e-01 -5.084367e-02 -7.054006e-01
    outer loop
      vertex   -1.458109e-01 3.633858e+01 6.518600e+00
      vertex   -1.845838e+00 3.581711e+01 4.852346e+00
      vertex   -1.845819e+00 3.617219e+01 4.826771e+00
    endloop
  endfacet
  facet normal 7.069830e-01 -5.084415e-02 -7.054006e-01
    outer loop
      vertex   -1.458339e-01 3.589472e+01 6.550569e+00
      vertex   -1.845838e+00 3.581711e+01 4.852346e+00
      vertex   -1.458109e-01 3.633858e+01 6.518600e+00
    endloop
  endfacet
  facet normal 7.069849e-01 -1.385631e-02 -7.070929e-01
    outer loop
      vertex   -1.458339e-01 3.589472e+01 6.550569e+00
      vertex   -1.845856e+00 3.546117e+01 4.859302e+00
      vertex   -1.845838e+00 3.581711e+01 4.852346e+00
    endloop
  endfacet
  facet normal 7.069849e-01 -1.385655e-02 -7.070929e-01
    outer loop
      vertex   -1.458570e-01 3.544980e+01 6.559265e+00
      vertex   -1.845856e+00 3.546117e+01 4.859302e+00
      vertex   -1.458339e-01 3.589472e+01 6.550569e+00
    endloop
  endfacet
  facet normal 7.069869e-01 2.316910e-02 -7.068471e-01
    outer loop
      vertex   -1.458570e-01 3.544980e+01 6.559265e+00
      vertex   -1.845875e+00 3.510535e+01 4.847621e+00
      vertex   -1.845856e+00 3.546117e+01 4.859302e+00
    endloop
  endfacet
  facet normal 7.069868e-01 2.316933e-02 -7.068471e-01
    outer loop
      vertex   -1.458801e-01 3.500503e+01 6.544663e+00
      vertex   -1.845875e+00 3.510535e+01 4.847621e+00
      vertex   -1.458570e-01 3.544980e+01 6.559265e+00
    endloop
  endfacet
  facet normal 7.069887e-01 6.013073e-02 -7.046639e-01
    outer loop
      vertex   -1.458801e-01 3.500503e+01 6.544663e+00
      vertex   -1.845893e+00 3.475064e+01 4.817334e+00
      vertex   -1.845875e+00 3.510535e+01 4.847621e+00
    endloop
  endfacet
  facet normal 7.069887e-01 6.013121e-02 -7.046639e-01
    outer loop
      vertex   -1.459031e-01 3.456163e+01 6.506804e+00
      vertex   -1.845893e+00 3.475064e+01 4.817334e+00
      vertex   -1.458801e-01 3.500503e+01 6.544663e+00
    endloop
  endfacet
  facet normal 7.069906e-01 9.692683e-02 -7.005494e-01
    outer loop
      vertex   -1.459031e-01 3.456163e+01 6.506804e+00
      vertex   -1.845911e+00 3.439799e+01 4.768524e+00
      vertex   -1.845893e+00 3.475064e+01 4.817334e+00
    endloop
  endfacet
  facet normal 7.069905e-01 9.692774e-02 -7.005494e-01
    outer loop
      vertex   -1.459259e-01 3.412083e+01 6.445791e+00
      vertex   -1.845911e+00 3.439799e+01 4.768524e+00
      vertex   -1.459031e-01 3.456163e+01 6.506804e+00
    endloop
  endfacet
  facet normal 7.069924e-01 1.334591e-01 -6.945145e-01
    outer loop
      vertex   -1.459259e-01 3.412083e+01 6.445791e+00
      vertex   -1.845930e+00 3.404839e+01 4.701325e+00
      vertex   -1.845911e+00 3.439799e+01 4.768524e+00
    endloop
  endfacet
  facet normal 7.069925e-01 1.334577e-01 -6.945146e-01
    outer loop
      vertex   -1.459486e-01 3.368382e+01 6.361793e+00
      vertex   -1.845930e+00 3.404839e+01 4.701325e+00
      vertex   -1.459259e-01 3.412083e+01 6.445791e+00
    endloop
  endfacet
  facet normal 7.069944e-01 1.696247e-01 -6.865758e-01
    outer loop
      vertex   -1.459486e-01 3.368382e+01 6.361793e+00
      vertex   -1.845948e+00 3.370278e+01 4.615920e+00
      vertex   -1.845930e+00 3.404839e+01 4.701325e+00
    endloop
  endfacet
  facet normal 7.069944e-01 1.696244e-01 -6.865759e-01
    outer loop
      vertex   -1.459710e-01 3.325181e+01 6.255037e+00
      vertex   -1.845948e+00 3.370278e+01 4.615920e+00
      vertex   -1.459486e-01 3.368382e+01 6.361793e+00
    endloop
  endfacet
  facet normal 7.069963e-01 2.053231e-01 -6.767560e-01
    outer loop
      vertex   -1.459710e-01 3.325181e+01 6.255037e+00
      vertex   -1.845965e+00 3.336211e+01 4.512545e+00
      vertex   -1.845948e+00 3.370278e+01 4.615920e+00
    endloop
  endfacet
  facet normal 7.069963e-01 2.053232e-01 -6.767560e-01
    outer loop
      vertex   -1.459931e-01 3.282597e+01 6.125819e+00
      vertex   -1.845965e+00 3.336211e+01 4.512545e+00
      vertex   -1.459710e-01 3.325181e+01 6.255037e+00
    endloop
  endfacet
  facet normal 7.069981e-01 2.404609e-01 -6.650806e-01
    outer loop
      vertex   -1.459931e-01 3.282597e+01 6.125819e+00
      vertex   -1.845983e+00 3.302732e+01 4.391483e+00
      vertex   -1.845965e+00 3.336211e+01 4.512545e+00
    endloop
  endfacet
  facet normal 7.069980e-01 2.404618e-01 -6.650804e-01
    outer loop
      vertex   -1.460148e-01 3.240748e+01 5.974490e+00
      vertex   -1.845983e+00 3.302732e+01 4.391483e+00
      vertex   -1.459931e-01 3.282597e+01 6.125819e+00
    endloop
  endfacet
  facet normal 7.069998e-01 2.749392e-01 -6.515825e-01
    outer loop
      vertex   -1.460148e-01 3.240748e+01 5.974490e+00
      vertex   -1.846000e+00 3.269932e+01 4.253065e+00
      vertex   -1.845983e+00 3.302732e+01 4.391483e+00
    endloop
  endfacet
  facet normal 7.069998e-01 2.749387e-01 -6.515826e-01
    outer loop
      vertex   -1.460360e-01 3.199749e+01 5.801468e+00
      vertex   -1.846000e+00 3.269932e+01 4.253065e+00
      vertex   -1.460148e-01 3.240748e+01 5.974490e+00
    endloop
  endfacet
  facet normal 7.070016e-01 3.086629e-01 -6.362986e-01
    outer loop
      vertex   -1.460360e-01 3.199749e+01 5.801468e+00
      vertex   -1.846016e+00 3.237902e+01 4.097671e+00
      vertex   -1.846000e+00 3.269932e+01 4.253065e+00
    endloop
  endfacet
  facet normal 7.070016e-01 3.086633e-01 -6.362985e-01
    outer loop
      vertex   -1.460568e-01 3.159711e+01 5.607225e+00
      vertex   -1.846016e+00 3.237902e+01 4.097671e+00
      vertex   -1.460360e-01 3.199749e+01 5.801468e+00
    endloop
  endfacet
  facet normal 7.070033e-01 3.415422e-01 -6.192700e-01
    outer loop
      vertex   -1.460568e-01 3.159711e+01 5.607225e+00
      vertex   -1.846032e+00 3.206729e+01 3.925726e+00
      vertex   -1.846016e+00 3.237902e+01 4.097671e+00
    endloop
  endfacet
  facet normal 7.070033e-01 3.415418e-01 -6.192701e-01
    outer loop
      vertex   -1.460770e-01 3.120745e+01 5.392294e+00
      vertex   -1.846032e+00 3.206729e+01 3.925726e+00
      vertex   -1.460568e-01 3.159711e+01 5.607225e+00
    endloop
  endfacet
  facet normal 7.070050e-01 3.734839e-01 -6.005445e-01
    outer loop
      vertex   -1.460770e-01 3.120745e+01 5.392294e+00
      vertex   -1.846048e+00 3.176499e+01 3.737702e+00
      vertex   -1.846032e+00 3.206729e+01 3.925726e+00
    endloop
  endfacet
  facet normal 7.070050e-01 3.734836e-01 -6.005447e-01
    outer loop
      vertex   -1.460966e-01 3.082957e+01 5.157264e+00
      vertex   -1.846048e+00 3.176499e+01 3.737702e+00
      vertex   -1.460770e-01 3.120745e+01 5.392294e+00
    endloop
  endfacet
  facet normal 7.070066e-01 4.044018e-01 -5.801731e-01
    outer loop
      vertex   -1.460966e-01 3.082957e+01 5.157264e+00
      vertex   -1.846063e+00 3.147294e+01 3.534114e+00
      vertex   -1.846048e+00 3.176499e+01 3.737702e+00
    endloop
  endfacet
  facet normal 7.070066e-01 4.044017e-01 -5.801732e-01
    outer loop
      vertex   -1.461155e-01 3.046451e+01 4.902780e+00
      vertex   -1.846063e+00 3.147294e+01 3.534114e+00
      vertex   -1.460966e-01 3.082957e+01 5.157264e+00
    endloop
  endfacet
  facet normal 7.070082e-01 4.342112e-01 -5.582115e-01
    outer loop
      vertex   -1.461155e-01 3.046451e+01 4.902780e+00
      vertex   -1.846078e+00 3.119194e+01 3.315521e+00
      vertex   -1.846063e+00 3.147294e+01 3.534114e+00
    endloop
  endfacet
  facet normal 7.070081e-01 4.342118e-01 -5.582111e-01
    outer loop
      vertex   -1.461337e-01 3.011327e+01 4.629539e+00
      vertex   -1.846078e+00 3.119194e+01 3.315521e+00
      vertex   -1.461155e-01 3.046451e+01 4.902780e+00
    endloop
  endfacet
  facet normal 7.070096e-01 4.628311e-01 -5.347194e-01
    outer loop
      vertex   -1.461337e-01 3.011327e+01 4.629539e+00
      vertex   -1.846092e+00 3.092278e+01 3.082522e+00
      vertex   -1.846078e+00 3.119194e+01 3.315521e+00
    endloop
  endfacet
  facet normal 7.070096e-01 4.628305e-01 -5.347198e-01
    outer loop
      vertex   -1.461512e-01 2.977680e+01 4.338289e+00
      vertex   -1.846092e+00 3.092278e+01 3.082522e+00
      vertex   -1.461337e-01 3.011327e+01 4.629539e+00
    endloop
  endfacet
  facet normal 7.070111e-01 4.901811e-01 -5.097626e-01
    outer loop
      vertex   -1.461512e-01 2.977680e+01 4.338289e+00
      vertex   -1.846105e+00 3.066617e+01 2.835754e+00
      vertex   -1.846092e+00 3.092278e+01 3.082522e+00
    endloop
  endfacet
  facet normal 7.070110e-01 4.901816e-01 -5.097622e-01
    outer loop
      vertex   -1.461678e-01 2.945605e+01 4.029830e+00
      vertex   -1.846105e+00 3.066617e+01 2.835754e+00
      vertex   -1.461512e-01 2.977680e+01 4.338289e+00
    endloop
  endfacet
  facet normal 7.070123e-01 5.161891e-01 -4.834070e-01
    outer loop
      vertex   -1.461678e-01 2.945605e+01 4.029830e+00
      vertex   -1.846118e+00 3.042283e+01 2.575895e+00
      vertex   -1.846105e+00 3.066617e+01 2.835754e+00
    endloop
  endfacet
  facet normal 7.070124e-01 5.161886e-01 -4.834074e-01
    outer loop
      vertex   -1.461836e-01 2.915187e+01 3.705006e+00
      vertex   -1.846118e+00 3.042283e+01 2.575895e+00
      vertex   -1.461678e-01 2.945605e+01 4.029830e+00
    endloop
  endfacet
  facet normal 7.070137e-01 5.407805e-01 -4.557280e-01
    outer loop
      vertex   -1.461836e-01 2.915187e+01 3.705006e+00
      vertex   -1.846129e+00 3.019343e+01 2.303657e+00
      vertex   -1.846118e+00 3.042283e+01 2.575895e+00
    endloop
  endfacet
  facet normal 7.070136e-01 5.407811e-01 -4.557275e-01
    outer loop
      vertex   -1.461985e-01 2.886512e+01 3.364708e+00
      vertex   -1.846129e+00 3.019343e+01 2.303657e+00
      vertex   -1.461836e-01 2.915187e+01 3.705006e+00
    endloop
  endfacet
  facet normal 7.070148e-01 5.638908e-01 -4.267988e-01
    outer loop
      vertex   -1.461985e-01 2.886512e+01 3.364708e+00
      vertex   -1.846141e+00 2.997858e+01 2.019785e+00
      vertex   -1.846129e+00 3.019343e+01 2.303657e+00
    endloop
  endfacet
  facet normal 7.070149e-01 5.638903e-01 -4.267994e-01
    outer loop
      vertex   -1.462124e-01 2.859656e+01 3.009869e+00
      vertex   -1.846141e+00 2.997858e+01 2.019785e+00
      vertex   -1.461985e-01 2.886512e+01 3.364708e+00
    endloop
  endfacet
  facet normal 7.070160e-01 5.854546e-01 -3.967004e-01
    outer loop
      vertex   -1.462124e-01 2.859656e+01 3.009869e+00
      vertex   -1.846151e+00 2.977889e+01 1.725059e+00
      vertex   -1.846141e+00 2.997858e+01 2.019785e+00
    endloop
  endfacet
  facet normal 7.070160e-01 5.854547e-01 -3.967004e-01
    outer loop
      vertex   -1.462253e-01 2.834695e+01 2.641461e+00
      vertex   -1.846151e+00 2.977889e+01 1.725059e+00
      vertex   -1.462124e-01 2.859656e+01 3.009869e+00
    endloop
  endfacet
  facet normal 7.070170e-01 6.054138e-01 -3.655148e-01
    outer loop
      vertex   -1.462253e-01 2.834695e+01 2.641461e+00
      vertex   -1.846161e+00 2.959490e+01 1.420286e+00
      vertex   -1.846151e+00 2.977889e+01 1.725059e+00
    endloop
  endfacet
  facet normal 7.070170e-01 6.054140e-01 -3.655146e-01
    outer loop
      vertex   -1.462372e-01 2.811695e+01 2.260494e+00
      vertex   -1.846161e+00 2.959490e+01 1.420286e+00
      vertex   -1.462253e-01 2.834695e+01 2.641461e+00
    endloop
  endfacet
  facet normal 7.070180e-01 6.237135e-01 -3.333273e-01
    outer loop
      vertex   -1.462372e-01 2.811695e+01 2.260494e+00
      vertex   -1.846169e+00 2.942710e+01 1.106300e+00
      vertex   -1.846161e+00 2.959490e+01 1.420286e+00
    endloop
  endfacet
  facet normal 7.070179e-01 6.237137e-01 -3.333270e-01
    outer loop
      vertex   -1.462481e-01 2.790722e+01 1.868012e+00
      vertex   -1.846169e+00 2.942710e+01 1.106300e+00
      vertex   -1.462372e-01 2.811695e+01 2.260494e+00
    endloop
  endfacet
  facet normal 7.070188e-01 6.403042e-01 -3.002249e-01
    outer loop
      vertex   -1.462481e-01 2.790722e+01 1.868012e+00
      vertex   -1.846177e+00 2.927598e+01 7.839636e-01
      vertex   -1.846169e+00 2.942710e+01 1.106300e+00
    endloop
  endfacet
  facet normal 7.070188e-01 6.403040e-01 -3.002252e-01
    outer loop
      vertex   -1.462579e-01 2.771831e+01 1.465092e+00
      vertex   -1.846177e+00 2.927598e+01 7.839636e-01
      vertex   -1.462481e-01 2.790722e+01 1.868012e+00
    endloop
  endfacet
  facet normal 7.070196e-01 6.551389e-01 -2.663012e-01
    outer loop
      vertex   -1.462579e-01 2.771831e+01 1.465092e+00
      vertex   -1.846184e+00 2.914193e+01 4.541596e-01
      vertex   -1.846177e+00 2.927598e+01 7.839636e-01
    endloop
  endfacet
  facet normal 7.070195e-01 6.551391e-01 -2.663008e-01
    outer loop
      vertex   -1.462666e-01 2.755074e+01 1.052836e+00
      vertex   -1.846184e+00 2.914193e+01 4.541596e-01
      vertex   -1.462579e-01 2.771831e+01 1.465092e+00
    endloop
  endfacet
  facet normal 7.070202e-01 6.681783e-01 -2.316469e-01
    outer loop
      vertex   -1.462666e-01 2.755074e+01 1.052836e+00
      vertex   -1.846190e+00 2.902532e+01 1.177916e-01
      vertex   -1.846184e+00 2.914193e+01 4.541596e-01
    endloop
  endfacet
  facet normal 7.070203e-01 6.681779e-01 -2.316477e-01
    outer loop
      vertex   -1.462742e-01 2.740498e+01 6.323763e-01
      vertex   -1.846190e+00 2.902532e+01 1.177916e-01
      vertex   -1.462666e-01 2.755074e+01 1.052836e+00
    endloop
  endfacet
  facet normal 7.070209e-01 6.793860e-01 -1.963571e-01
    outer loop
      vertex   -1.462742e-01 2.740498e+01 6.323763e-01
      vertex   -1.846195e+00 2.892648e+01 -2.242182e-01
      vertex   -1.846190e+00 2.902532e+01 1.177916e-01
    endloop
  endfacet
  facet normal 7.070209e-01 6.793860e-01 -1.963572e-01
    outer loop
      vertex   -1.462806e-01 2.728143e+01 2.048644e-01
      vertex   -1.846195e+00 2.892648e+01 -2.242182e-01
      vertex   -1.462742e-01 2.740498e+01 6.323763e-01
    endloop
  endfacet
  facet normal 7.070214e-01 6.887310e-01 -1.605314e-01
    outer loop
      vertex   -1.462806e-01 2.728143e+01 2.048644e-01
      vertex   -1.846199e+00 2.884567e+01 -5.709322e-01
      vertex   -1.846195e+00 2.892648e+01 -2.242182e-01
    endloop
  endfacet
  facet normal 7.070213e-01 6.887311e-01 -1.605311e-01
    outer loop
      vertex   -1.462858e-01 2.718042e+01 -2.285283e-01
      vertex   -1.846199e+00 2.884567e+01 -5.709322e-01
      vertex   -1.462806e-01 2.728143e+01 2.048644e-01
    endloop
  endfacet
  facet normal 7.070217e-01 6.961888e-01 -1.242636e-01
    outer loop
      vertex   -1.462858e-01 2.718042e+01 -2.285283e-01
      vertex   -1.846203e+00 2.878311e+01 -9.214003e-01
      vertex   -1.846199e+00 2.884567e+01 -5.709322e-01
    endloop
  endfacet
  facet normal 7.070216e-01 6.961892e-01 -1.242623e-01
    outer loop
      vertex   -1.462899e-01 2.710223e+01 -6.666133e-01
      vertex   -1.846203e+00 2.878311e+01 -9.214003e-01
      vertex   -1.462858e-01 2.718042e+01 -2.285283e-01
    endloop
  endfacet
  facet normal 7.070218e-01 7.017384e-01 -8.765451e-02
    outer loop
      vertex   -1.462899e-01 2.710223e+01 -6.666133e-01
      vertex   -1.846205e+00 2.873899e+01 -1.274662e+00
      vertex   -1.846203e+00 2.878311e+01 -9.214003e-01
    endloop
  endfacet
  facet normal 7.070219e-01 7.017382e-01 -8.765539e-02
    outer loop
      vertex   -1.462927e-01 2.704707e+01 -1.108190e+00
      vertex   -1.846205e+00 2.873899e+01 -1.274662e+00
      vertex   -1.462899e-01 2.710223e+01 -6.666133e-01
    endloop
  endfacet
  facet normal 7.070221e-01 7.053640e-01 -5.080701e-02
    outer loop
      vertex   -1.462927e-01 2.704707e+01 -1.108190e+00
      vertex   -1.846206e+00 2.871342e+01 -1.629748e+00
      vertex   -1.846205e+00 2.873899e+01 -1.274662e+00
    endloop
  endfacet
  facet normal 7.070222e-01 7.053639e-01 -5.080749e-02
    outer loop
      vertex   -1.462944e-01 2.701510e+01 -1.552049e+00
      vertex   -1.846206e+00 2.871342e+01 -1.629748e+00
      vertex   -1.462927e-01 2.704707e+01 -1.108190e+00
    endloop
  endfacet
  facet normal 7.070223e-01 7.070562e-01 -1.381965e-02
    outer loop
      vertex   -1.462944e-01 2.701510e+01 -1.552049e+00
      vertex   -1.846207e+00 2.870646e+01 -1.985687e+00
      vertex   -1.846206e+00 2.871342e+01 -1.629748e+00
    endloop
  endfacet
  facet normal 7.070223e-01 7.070562e-01 -1.381989e-02
    outer loop
      vertex   -1.462948e-01 2.700641e+01 -1.996972e+00
      vertex   -1.846207e+00 2.870646e+01 -1.985687e+00
      vertex   -1.462944e-01 2.701510e+01 -1.552049e+00
    endloop
  endfacet
  facet normal -5.182616e-05 -9.994615e-01 -3.281261e-02
    outer loop
      vertex   -4.541408e-02 4.399143e+01 -1.439355e+00
      vertex   -1.454141e-01 4.399143e+01 -1.439355e+00
      vertex   -4.541333e-02 4.400603e+01 -1.884124e+00
    endloop
  endfacet
  facet normal -5.182616e-05 -9.994615e-01 -3.281261e-02
    outer loop
      vertex   -4.541333e-02 4.400603e+01 -1.884124e+00
      vertex   -1.454141e-01 4.399143e+01 -1.439355e+00
      vertex   -1.454133e-01 4.400603e+01 -1.884124e+00
    endloop
  endfacet
  facet normal -5.166608e-05 -9.963745e-01 -8.507563e-02
    outer loop
      vertex   -4.541605e-02 4.395357e+01 -9.959605e-01
      vertex   -1.454161e-01 4.395357e+01 -9.959605e-01
      vertex   -4.541408e-02 4.399143e+01 -1.439355e+00
    endloop
  endfacet
  facet normal -5.166608e-05 -9.963745e-01 -8.507563e-02
    outer loop
      vertex   -4.541408e-02 4.399143e+01 -1.439355e+00
      vertex   -1.454161e-01 4.395357e+01 -9.959605e-01
      vertex   -1.454141e-01 4.399143e+01 -1.439355e+00
    endloop
  endfacet
  facet normal -5.136440e-05 -9.905565e-01 -1.371049e-01
    outer loop
      vertex   -4.541921e-02 4.389255e+01 -5.551547e-01
      vertex   -1.454192e-01 4.389256e+01 -5.551547e-01
      vertex   -4.541605e-02 4.395357e+01 -9.959605e-01
    endloop
  endfacet
  facet normal -5.136440e-05 -9.905565e-01 -1.371049e-01
    outer loop
      vertex   -4.541605e-02 4.395357e+01 -9.959605e-01
      vertex   -1.454192e-01 4.389256e+01 -5.551547e-01
      vertex   -1.454161e-01 4.395357e+01 -9.959605e-01
    endloop
  endfacet
  facet normal -5.092194e-05 -9.820238e-01 -1.887572e-01
    outer loop
      vertex   -4.542357e-02 4.380856e+01 -1.181463e-01
      vertex   -1.454236e-01 4.380856e+01 -1.181463e-01
      vertex   -4.541921e-02 4.389255e+01 -5.551547e-01
    endloop
  endfacet
  facet normal -5.092194e-05 -9.820238e-01 -1.887572e-01
    outer loop
      vertex   -4.541921e-02 4.389255e+01 -5.551547e-01
      vertex   -1.454236e-01 4.380856e+01 -1.181463e-01
      vertex   -1.454192e-01 4.389256e+01 -5.551547e-01
    endloop
  endfacet
  facet normal -5.033987e-05 -9.707986e-01 -2.398958e-01
    outer loop
      vertex   -4.542910e-02 4.370180e+01 3.138671e-01
      vertex   -1.454291e-01 4.370181e+01 3.138671e-01
      vertex   -4.542357e-02 4.380856e+01 -1.181463e-01
    endloop
  endfacet
  facet normal -5.033987e-05 -9.707986e-01 -2.398958e-01
    outer loop
      vertex   -4.542357e-02 4.380856e+01 -1.181463e-01
      vertex   -1.454291e-01 4.370181e+01 3.138671e-01
      vertex   -1.454236e-01 4.380856e+01 -1.181463e-01
    endloop
  endfacet
  facet normal -4.961987e-05 -9.569135e-01 -2.903730e-01
    outer loop
      vertex   -4.543580e-02 4.357258e+01 7.397011e-01
      vertex   -1.454358e-01 4.357259e+01 7.397011e-01
      vertex   -4.542910e-02 4.370180e+01 3.138671e-01
    endloop
  endfacet
  facet normal -4.961987e-05 -9.569135e-01 -2.903730e-01
    outer loop
      vertex   -4.542910e-02 4.370180e+01 3.138671e-01
      vertex   -1.454358e-01 4.357259e+01 7.397011e-01
      vertex   -1.454291e-01 4.370181e+01 3.138671e-01
    endloop
  endfacet
  facet normal -4.876381e-05 -9.404045e-01 -3.400579e-01
    outer loop
      vertex   -4.544365e-02 4.342125e+01 1.158189e+00
      vertex   -1.454437e-01 4.342126e+01 1.158189e+00
      vertex   -4.543580e-02 4.357258e+01 7.397011e-01
    endloop
  endfacet
  facet normal -4.876381e-05 -9.404045e-01 -3.400579e-01
    outer loop
      vertex   -4.543580e-02 4.357258e+01 7.397011e-01
      vertex   -1.454437e-01 4.342126e+01 1.158189e+00
      vertex   -1.454358e-01 4.357259e+01 7.397011e-01
    endloop
  endfacet
  facet normal -4.777415e-05 -9.213191e-01 -3.888073e-01
    outer loop
      vertex   -4.545262e-02 4.324823e+01 1.568184e+00
      vertex   -1.454526e-01 4.324824e+01 1.568184e+00
      vertex   -4.544365e-02 4.342125e+01 1.158189e+00
    endloop
  endfacet
  facet normal -4.777415e-05 -9.213191e-01 -3.888073e-01
    outer loop
      vertex   -4.544365e-02 4.342125e+01 1.158189e+00
      vertex   -1.454526e-01 4.324824e+01 1.568184e+00
      vertex   -1.454437e-01 4.342126e+01 1.158189e+00
    endloop
  endfacet
  facet normal -4.665352e-05 -8.997078e-01 -4.364928e-01
    outer loop
      vertex   -4.546269e-02 4.305399e+01 1.968560e+00
      vertex   -1.454627e-01 4.305399e+01 1.968560e+00
      vertex   -4.545262e-02 4.324823e+01 1.568184e+00
    endloop
  endfacet
  facet normal -4.665352e-05 -8.997078e-01 -4.364928e-01
    outer loop
      vertex   -4.545262e-02 4.324823e+01 1.568184e+00
      vertex   -1.454627e-01 4.305399e+01 1.968560e+00
      vertex   -1.454526e-01 4.324824e+01 1.568184e+00
    endloop
  endfacet
  facet normal -4.540500e-05 -8.756302e-01 -4.829821e-01
    outer loop
      vertex   -4.547384e-02 4.283906e+01 2.358223e+00
      vertex   -1.454738e-01 4.283906e+01 2.358223e+00
      vertex   -4.546269e-02 4.305399e+01 1.968560e+00
    endloop
  endfacet
  facet normal -4.540500e-05 -8.756302e-01 -4.829821e-01
    outer loop
      vertex   -4.546269e-02 4.305399e+01 1.968560e+00
      vertex   -1.454738e-01 4.283906e+01 2.358223e+00
      vertex   -1.454627e-01 4.305399e+01 1.968560e+00
    endloop
  endfacet
  facet normal -4.403205e-05 -8.491530e-01 -5.281469e-01
    outer loop
      vertex   -4.548602e-02 4.260403e+01 2.736103e+00
      vertex   -1.454860e-01 4.260403e+01 2.736103e+00
      vertex   -4.547384e-02 4.283906e+01 2.358223e+00
    endloop
  endfacet
  facet normal -4.403205e-05 -8.491530e-01 -5.281469e-01
    outer loop
      vertex   -4.547384e-02 4.283906e+01 2.358223e+00
      vertex   -1.454860e-01 4.260403e+01 2.736103e+00
      vertex   -1.454738e-01 4.283906e+01 2.358223e+00
    endloop
  endfacet
  facet normal -4.253840e-05 -8.203483e-01 -5.718643e-01
    outer loop
      vertex   -4.549922e-02 4.234954e+01 3.101165e+00
      vertex   -1.454992e-01 4.234955e+01 3.101165e+00
      vertex   -4.548602e-02 4.260403e+01 2.736103e+00
    endloop
  endfacet
  facet normal -4.253840e-05 -8.203483e-01 -5.718643e-01
    outer loop
      vertex   -4.548602e-02 4.260403e+01 2.736103e+00
      vertex   -1.454992e-01 4.234955e+01 3.101165e+00
      vertex   -1.454860e-01 4.260403e+01 2.736103e+00
    endloop
  endfacet
  facet normal -4.092814e-05 -7.892945e-01 -6.140149e-01
    outer loop
      vertex   -4.551339e-02 4.207630e+01 3.452407e+00
      vertex   -1.455134e-01 4.207631e+01 3.452407e+00
      vertex   -4.549922e-02 4.234954e+01 3.101165e+00
    endloop
  endfacet
  facet normal -4.092814e-05 -7.892945e-01 -6.140149e-01
    outer loop
      vertex   -4.549922e-02 4.234954e+01 3.101165e+00
      vertex   -1.455134e-01 4.207631e+01 3.452407e+00
      vertex   -1.454992e-01 4.234955e+01 3.101165e+00
    endloop
  endfacet
  facet normal -3.920576e-05 -7.560786e-01 -6.544809e-01
    outer loop
      vertex   -4.552849e-02 4.178505e+01 3.788869e+00
      vertex   -1.455285e-01 4.178506e+01 3.788869e+00
      vertex   -4.551339e-02 4.207630e+01 3.452407e+00
    endloop
  endfacet
  facet normal -3.920576e-05 -7.560786e-01 -6.544809e-01
    outer loop
      vertex   -4.551339e-02 4.207630e+01 3.452407e+00
      vertex   -1.455285e-01 4.178506e+01 3.788869e+00
      vertex   -1.455134e-01 4.207631e+01 3.452407e+00
    endloop
  endfacet
  facet normal -3.737585e-05 -7.207890e-01 -6.931545e-01
    outer loop
      vertex   -4.554449e-02 4.147659e+01 4.109625e+00
      vertex   -1.455445e-01 4.147660e+01 4.109625e+00
      vertex   -4.552849e-02 4.178505e+01 3.788869e+00
    endloop
  endfacet
  facet normal -3.737585e-05 -7.207890e-01 -6.931545e-01
    outer loop
      vertex   -4.552849e-02 4.178505e+01 3.788869e+00
      vertex   -1.455445e-01 4.147660e+01 4.109625e+00
      vertex   -1.455285e-01 4.178506e+01 3.788869e+00
    endloop
  endfacet
  facet normal -3.544352e-05 -6.835243e-01 -7.299278e-01
    outer loop
      vertex   -4.556133e-02 4.115177e+01 4.413799e+00
      vertex   -1.455613e-01 4.115177e+01 4.413799e+00
      vertex   -4.554449e-02 4.147659e+01 4.109625e+00
    endloop
  endfacet
  facet normal -3.544352e-05 -6.835243e-01 -7.299278e-01
    outer loop
      vertex   -4.554449e-02 4.147659e+01 4.109625e+00
      vertex   -1.455613e-01 4.115177e+01 4.413799e+00
      vertex   -1.455445e-01 4.147660e+01 4.109625e+00
    endloop
  endfacet
  facet normal -3.341402e-05 -6.443855e-01 -7.647008e-01
    outer loop
      vertex   -4.557898e-02 4.081147e+01 4.700556e+00
      vertex   -1.455790e-01 4.081148e+01 4.700556e+00
      vertex   -4.556133e-02 4.115177e+01 4.413799e+00
    endloop
  endfacet
  facet normal -3.341402e-05 -6.443855e-01 -7.647008e-01
    outer loop
      vertex   -4.556133e-02 4.115177e+01 4.413799e+00
      vertex   -1.455790e-01 4.081148e+01 4.700556e+00
      vertex   -1.455613e-01 4.115177e+01 4.413799e+00
    endloop
  endfacet
  facet normal -3.129301e-05 -6.034821e-01 -7.973765e-01
    outer loop
      vertex   -4.559738e-02 4.045663e+01 4.969110e+00
      vertex   -1.455974e-01 4.045664e+01 4.969110e+00
      vertex   -4.557898e-02 4.081147e+01 4.700556e+00
    endloop
  endfacet
  facet normal -3.129301e-05 -6.034821e-01 -7.973765e-01
    outer loop
      vertex   -4.557898e-02 4.081147e+01 4.700556e+00
      vertex   -1.455974e-01 4.045664e+01 4.969110e+00
      vertex   -1.455790e-01 4.081148e+01 4.700556e+00
    endloop
  endfacet
  facet normal -2.908614e-05 -5.609230e-01 -8.278680e-01
    outer loop
      vertex   -4.561648e-02 4.008822e+01 5.218726e+00
      vertex   -1.456165e-01 4.008823e+01 5.218726e+00
      vertex   -4.559738e-02 4.045663e+01 4.969110e+00
    endloop
  endfacet
  facet normal -2.908614e-05 -5.609230e-01 -8.278680e-01
    outer loop
      vertex   -4.559738e-02 4.045663e+01 4.969110e+00
      vertex   -1.456165e-01 4.008823e+01 5.218726e+00
      vertex   -1.455974e-01 4.045664e+01 4.969110e+00
    endloop
  endfacet
  facet normal -2.679959e-05 -5.168271e-01 -8.560898e-01
    outer loop
      vertex   -4.563623e-02 3.970726e+01 5.448718e+00
      vertex   -1.456362e-01 3.970726e+01 5.448718e+00
      vertex   -4.561648e-02 4.008822e+01 5.218726e+00
    endloop
  endfacet
  facet normal -2.679959e-05 -5.168271e-01 -8.560898e-01
    outer loop
      vertex   -4.561648e-02 4.008822e+01 5.218726e+00
      vertex   -1.456362e-01 3.970726e+01 5.448718e+00
      vertex   -1.456165e-01 4.008823e+01 5.218726e+00
    endloop
  endfacet
  facet normal -2.443959e-05 -4.713148e-01 -8.819651e-01
    outer loop
      vertex   -4.565659e-02 3.931478e+01 5.658457e+00
      vertex   -1.456566e-01 3.931478e+01 5.658457e+00
      vertex   -4.563623e-02 3.970726e+01 5.448718e+00
    endloop
  endfacet
  facet normal -2.443959e-05 -4.713148e-01 -8.819651e-01
    outer loop
      vertex   -4.563623e-02 3.970726e+01 5.448718e+00
      vertex   -1.456566e-01 3.931478e+01 5.658457e+00
      vertex   -1.456362e-01 3.970726e+01 5.448718e+00
    endloop
  endfacet
  facet normal -2.201257e-05 -4.245099e-01 -9.054233e-01
    outer loop
      vertex   -4.567748e-02 3.891186e+01 5.847367e+00
      vertex   -1.456775e-01 3.891186e+01 5.847367e+00
      vertex   -4.565659e-02 3.931478e+01 5.658457e+00
    endloop
  endfacet
  facet normal -2.201257e-05 -4.245099e-01 -9.054233e-01
    outer loop
      vertex   -4.565659e-02 3.931478e+01 5.658457e+00
      vertex   -1.456775e-01 3.891186e+01 5.847367e+00
      vertex   -1.456566e-01 3.931478e+01 5.658457e+00
    endloop
  endfacet
  facet normal -1.952522e-05 -3.765416e-01 -9.263997e-01
    outer loop
      vertex   -4.569886e-02 3.849960e+01 6.014931e+00
      vertex   -1.456989e-01 3.849960e+01 6.014931e+00
      vertex   -4.567748e-02 3.891186e+01 5.847367e+00
    endloop
  endfacet
  facet normal -1.952522e-05 -3.765416e-01 -9.263997e-01
    outer loop
      vertex   -4.567748e-02 3.891186e+01 5.847367e+00
      vertex   -1.456989e-01 3.849960e+01 6.014931e+00
      vertex   -1.456775e-01 3.891186e+01 5.847367e+00
    endloop
  endfacet
  facet normal -1.698445e-05 -3.275432e-01 -9.448362e-01
    outer loop
      vertex   -4.572066e-02 3.807914e+01 6.160691e+00
      vertex   -1.457207e-01 3.807914e+01 6.160691e+00
      vertex   -4.569886e-02 3.849960e+01 6.014931e+00
    endloop
  endfacet
  facet normal -1.698445e-05 -3.275432e-01 -9.448362e-01
    outer loop
      vertex   -4.569886e-02 3.849960e+01 6.014931e+00
      vertex   -1.457207e-01 3.807914e+01 6.160691e+00
      vertex   -1.456989e-01 3.849960e+01 6.014931e+00
    endloop
  endfacet
  facet normal -1.439695e-05 -2.776435e-01 -9.606842e-01
    outer loop
      vertex   -4.574283e-02 3.765163e+01 6.284244e+00
      vertex   -1.457428e-01 3.765163e+01 6.284244e+00
      vertex   -4.572066e-02 3.807914e+01 6.160691e+00
    endloop
  endfacet
  facet normal -1.439695e-05 -2.776435e-01 -9.606842e-01
    outer loop
      vertex   -4.572066e-02 3.807914e+01 6.160691e+00
      vertex   -1.457428e-01 3.765163e+01 6.284244e+00
      vertex   -1.457207e-01 3.807914e+01 6.160691e+00
    endloop
  endfacet
  facet normal -1.177017e-05 -2.269864e-01 -9.738979e-01
    outer loop
      vertex   -4.576530e-02 3.721823e+01 6.385255e+00
      vertex   -1.457653e-01 3.721824e+01 6.385255e+00
      vertex   -4.574283e-02 3.765163e+01 6.284244e+00
    endloop
  endfacet
  facet normal -1.177017e-05 -2.269864e-01 -9.738979e-01
    outer loop
      vertex   -4.574283e-02 3.765163e+01 6.284244e+00
      vertex   -1.457653e-01 3.721824e+01 6.385255e+00
      vertex   -1.457428e-01 3.765163e+01 6.284244e+00
    endloop
  endfacet
  facet normal -9.110932e-06 -1.757033e-01 -9.844432e-01
    outer loop
      vertex   -4.578802e-02 3.678015e+01 6.463444e+00
      vertex   -1.457880e-01 3.678016e+01 6.463444e+00
      vertex   -4.576530e-02 3.721823e+01 6.385255e+00
    endloop
  endfacet
  facet normal -9.110932e-06 -1.757033e-01 -9.844432e-01
    outer loop
      vertex   -4.576530e-02 3.721823e+01 6.385255e+00
      vertex   -1.457880e-01 3.678016e+01 6.463444e+00
      vertex   -1.457653e-01 3.721824e+01 6.385255e+00
    endloop
  endfacet
  facet normal -6.426909e-06 -1.239422e-01 -9.922894e-01
    outer loop
      vertex   -4.581091e-02 3.633857e+01 6.518600e+00
      vertex   -1.458109e-01 3.633858e+01 6.518600e+00
      vertex   -4.578802e-02 3.678015e+01 6.463444e+00
    endloop
  endfacet
  facet normal -6.426909e-06 -1.239422e-01 -9.922894e-01
    outer loop
      vertex   -4.578802e-02 3.678015e+01 6.463444e+00
      vertex   -1.458109e-01 3.633858e+01 6.518600e+00
      vertex   -1.457880e-01 3.678016e+01 6.463444e+00
    endloop
  endfacet
  facet normal -3.725214e-06 -7.184033e-02 -9.974161e-01
    outer loop
      vertex   -4.583393e-02 3.589471e+01 6.550569e+00
      vertex   -1.458339e-01 3.589472e+01 6.550569e+00
      vertex   -4.581091e-02 3.633857e+01 6.518600e+00
    endloop
  endfacet
  facet normal -3.725214e-06 -7.184033e-02 -9.974161e-01
    outer loop
      vertex   -4.581091e-02 3.633857e+01 6.518600e+00
      vertex   -1.458339e-01 3.589472e+01 6.550569e+00
      vertex   -1.458109e-01 3.633858e+01 6.518600e+00
    endloop
  endfacet
  facet normal -1.013277e-06 -1.954093e-02 -9.998091e-01
    outer loop
      vertex   -4.585700e-02 3.544979e+01 6.559265e+00
      vertex   -1.458570e-01 3.544980e+01 6.559265e+00
      vertex   -4.583393e-02 3.589471e+01 6.550569e+00
    endloop
  endfacet
  facet normal -1.013277e-06 -1.954093e-02 -9.998091e-01
    outer loop
      vertex   -4.583393e-02 3.589471e+01 6.550569e+00
      vertex   -1.458570e-01 3.544980e+01 6.559265e+00
      vertex   -1.458339e-01 3.589472e+01 6.550569e+00
    endloop
  endfacet
  facet normal 1.701468e-06 3.281261e-02 -9.994615e-01
    outer loop
      vertex   -4.588006e-02 3.500502e+01 6.544663e+00
      vertex   -1.458801e-01 3.500503e+01 6.544663e+00
      vertex   -4.585700e-02 3.544979e+01 6.559265e+00
    endloop
  endfacet
  facet normal 1.701468e-06 3.281261e-02 -9.994615e-01
    outer loop
      vertex   -4.585700e-02 3.544979e+01 6.559265e+00
      vertex   -1.458801e-01 3.500503e+01 6.544663e+00
      vertex   -1.458570e-01 3.544980e+01 6.559265e+00
    endloop
  endfacet
  facet normal 4.411519e-06 8.507563e-02 -9.963745e-01
    outer loop
      vertex   -4.590306e-02 3.456163e+01 6.506804e+00
      vertex   -1.459031e-01 3.456163e+01 6.506804e+00
      vertex   -4.588006e-02 3.500502e+01 6.544663e+00
    endloop
  endfacet
  facet normal 4.411519e-06 8.507563e-02 -9.963745e-01
    outer loop
      vertex   -4.588006e-02 3.500502e+01 6.544663e+00
      vertex   -1.459031e-01 3.456163e+01 6.506804e+00
      vertex   -1.458801e-01 3.500503e+01 6.544663e+00
    endloop
  endfacet
  facet normal 7.109446e-06 1.371049e-01 -9.905565e-01
    outer loop
      vertex   -4.592591e-02 3.412082e+01 6.445791e+00
      vertex   -1.459259e-01 3.412083e+01 6.445791e+00
      vertex   -4.590306e-02 3.456163e+01 6.506804e+00
    endloop
  endfacet
  facet normal 7.109446e-06 1.371049e-01 -9.905565e-01
    outer loop
      vertex   -4.590306e-02 3.456163e+01 6.506804e+00
      vertex   -1.459259e-01 3.412083e+01 6.445791e+00
      vertex   -1.459031e-01 3.456163e+01 6.506804e+00
    endloop
  endfacet
  facet normal 9.787831e-06 1.887572e-01 -9.820238e-01
    outer loop
      vertex   -4.594857e-02 3.368381e+01 6.361793e+00
      vertex   -1.459486e-01 3.368382e+01 6.361793e+00
      vertex   -4.592591e-02 3.412082e+01 6.445791e+00
    endloop
  endfacet
  facet normal 9.787831e-06 1.887572e-01 -9.820238e-01
    outer loop
      vertex   -4.592591e-02 3.412082e+01 6.445791e+00
      vertex   -1.459486e-01 3.368382e+01 6.361793e+00
      vertex   -1.459259e-01 3.412083e+01 6.445791e+00
    endloop
  endfacet
  facet normal 1.243958e-05 2.398958e-01 -9.707986e-01
    outer loop
      vertex   -4.597098e-02 3.325180e+01 6.255037e+00
      vertex   -1.459710e-01 3.325181e+01 6.255037e+00
      vertex   -4.594857e-02 3.368381e+01 6.361793e+00
    endloop
  endfacet
  facet normal 1.243958e-05 2.398958e-01 -9.707986e-01
    outer loop
      vertex   -4.594857e-02 3.368381e+01 6.361793e+00
      vertex   -1.459710e-01 3.325181e+01 6.255037e+00
      vertex   -1.459486e-01 3.368382e+01 6.361793e+00
    endloop
  endfacet
  facet normal 1.505702e-05 2.903730e-01 -9.569135e-01
    outer loop
      vertex   -4.599306e-02 3.282597e+01 6.125819e+00
      vertex   -1.459931e-01 3.282597e+01 6.125819e+00
      vertex   -4.597098e-02 3.325180e+01 6.255037e+00
    endloop
  endfacet
  facet normal 1.505702e-05 2.903730e-01 -9.569135e-01
    outer loop
      vertex   -4.597098e-02 3.325180e+01 6.255037e+00
      vertex   -1.459931e-01 3.282597e+01 6.125819e+00
      vertex   -1.459710e-01 3.325181e+01 6.255037e+00
    endloop
  endfacet
  facet normal 1.763339e-05 3.400579e-01 -9.404045e-01
    outer loop
      vertex   -4.601476e-02 3.240748e+01 5.974490e+00
      vertex   -1.460148e-01 3.240748e+01 5.974490e+00
      vertex   -4.599306e-02 3.282597e+01 6.125819e+00
    endloop
  endfacet
  facet normal 1.763339e-05 3.400579e-01 -9.404045e-01
    outer loop
      vertex   -4.599306e-02 3.282597e+01 6.125819e+00
      vertex   -1.460148e-01 3.240748e+01 5.974490e+00
      vertex   -1.459931e-01 3.282597e+01 6.125819e+00
    endloop
  endfacet
  facet normal 2.016124e-05 3.888073e-01 -9.213191e-01
    outer loop
      vertex   -4.603602e-02 3.199748e+01 5.801468e+00
      vertex   -1.460360e-01 3.199749e+01 5.801468e+00
      vertex   -4.601476e-02 3.240748e+01 5.974490e+00
    endloop
  endfacet
  facet normal 2.016124e-05 3.888073e-01 -9.213191e-01
    outer loop
      vertex   -4.601476e-02 3.240748e+01 5.974490e+00
      vertex   -1.460360e-01 3.199749e+01 5.801468e+00
      vertex   -1.460148e-01 3.240748e+01 5.974490e+00
    endloop
  endfacet
  facet normal 2.263393e-05 4.364928e-01 -8.997078e-01
    outer loop
      vertex   -4.605678e-02 3.159711e+01 5.607225e+00
      vertex   -1.460568e-01 3.159711e+01 5.607225e+00
      vertex   -4.603602e-02 3.199748e+01 5.801468e+00
    endloop
  endfacet
  facet normal 2.263393e-05 4.364928e-01 -8.997078e-01
    outer loop
      vertex   -4.603602e-02 3.199748e+01 5.801468e+00
      vertex   -1.460568e-01 3.159711e+01 5.607225e+00
      vertex   -1.460360e-01 3.199749e+01 5.801468e+00
    endloop
  endfacet
  facet normal 2.504459e-05 4.829821e-01 -8.756302e-01
    outer loop
      vertex   -4.607698e-02 3.120744e+01 5.392294e+00
      vertex   -1.460770e-01 3.120745e+01 5.392294e+00
      vertex   -4.605678e-02 3.159711e+01 5.607225e+00
    endloop
  endfacet
  facet normal 2.504459e-05 4.829821e-01 -8.756302e-01
    outer loop
      vertex   -4.605678e-02 3.159711e+01 5.607225e+00
      vertex   -1.460770e-01 3.120745e+01 5.392294e+00
      vertex   -1.460568e-01 3.159711e+01 5.607225e+00
    endloop
  endfacet
  facet normal 2.738657e-05 5.281469e-01 -8.491530e-01
    outer loop
      vertex   -4.609658e-02 3.082956e+01 5.157264e+00
      vertex   -1.460966e-01 3.082957e+01 5.157264e+00
      vertex   -4.607698e-02 3.120744e+01 5.392294e+00
    endloop
  endfacet
  facet normal 2.738657e-05 5.281469e-01 -8.491530e-01
    outer loop
      vertex   -4.607698e-02 3.120744e+01 5.392294e+00
      vertex   -1.460966e-01 3.082957e+01 5.157264e+00
      vertex   -1.460770e-01 3.120745e+01 5.392294e+00
    endloop
  endfacet
  facet normal 2.965349e-05 5.718643e-01 -8.203483e-01
    outer loop
      vertex   -4.611551e-02 3.046450e+01 4.902780e+00
      vertex   -1.461155e-01 3.046451e+01 4.902780e+00
      vertex   -4.609658e-02 3.082956e+01 5.157264e+00
    endloop
  endfacet
  facet normal 2.965349e-05 5.718643e-01 -8.203483e-01
    outer loop
      vertex   -4.609658e-02 3.082956e+01 5.157264e+00
      vertex   -1.461155e-01 3.046451e+01 4.902780e+00
      vertex   -1.460966e-01 3.082957e+01 5.157264e+00
    endloop
  endfacet
  facet normal 3.183918e-05 6.140149e-01 -7.892945e-01
    outer loop
      vertex   -4.613372e-02 3.011326e+01 4.629539e+00
      vertex   -1.461337e-01 3.011327e+01 4.629539e+00
      vertex   -4.611551e-02 3.046450e+01 4.902780e+00
    endloop
  endfacet
  facet normal 3.183918e-05 6.140149e-01 -7.892945e-01
    outer loop
      vertex   -4.611551e-02 3.046450e+01 4.902780e+00
      vertex   -1.461337e-01 3.011327e+01 4.629539e+00
      vertex   -1.461155e-01 3.046451e+01 4.902780e+00
    endloop
  endfacet
  facet normal 3.393750e-05 6.544809e-01 -7.560786e-01
    outer loop
      vertex   -4.615117e-02 2.977680e+01 4.338289e+00
      vertex   -1.461512e-01 2.977680e+01 4.338289e+00
      vertex   -4.613372e-02 3.011326e+01 4.629539e+00
    endloop
  endfacet
  facet normal 3.393750e-05 6.544809e-01 -7.560786e-01
    outer loop
      vertex   -4.613372e-02 3.011326e+01 4.629539e+00
      vertex   -1.461512e-01 2.977680e+01 4.338289e+00
      vertex   -1.461337e-01 3.011327e+01 4.629539e+00
    endloop
  endfacet
  facet normal 3.594289e-05 6.931545e-01 -7.207890e-01
    outer loop
      vertex   -4.616780e-02 2.945604e+01 4.029830e+00
      vertex   -1.461678e-01 2.945605e+01 4.029830e+00
      vertex   -4.615117e-02 2.977680e+01 4.338289e+00
    endloop
  endfacet
  facet normal 3.594289e-05 6.931545e-01 -7.207890e-01
    outer loop
      vertex   -4.615117e-02 2.977680e+01 4.338289e+00
      vertex   -1.461678e-01 2.945605e+01 4.029830e+00
      vertex   -1.461512e-01 2.977680e+01 4.338289e+00
    endloop
  endfacet
  facet normal 3.784973e-05 7.299278e-01 -6.835243e-01
    outer loop
      vertex   -4.618357e-02 2.915187e+01 3.705006e+00
      vertex   -1.461836e-01 2.915187e+01 3.705006e+00
      vertex   -4.616780e-02 2.945604e+01 4.029830e+00
    endloop
  endfacet
  facet normal 3.784973e-05 7.299278e-01 -6.835243e-01
    outer loop
      vertex   -4.616780e-02 2.945604e+01 4.029830e+00
      vertex   -1.461836e-01 2.915187e+01 3.705006e+00
      vertex   -1.461678e-01 2.945605e+01 4.029830e+00
    endloop
  endfacet
  facet normal 3.965285e-05 7.647008e-01 -6.443855e-01
    outer loop
      vertex   -4.619844e-02 2.886511e+01 3.364708e+00
      vertex   -1.461985e-01 2.886512e+01 3.364708e+00
      vertex   -4.618357e-02 2.915187e+01 3.705006e+00
    endloop
  endfacet
  facet normal 3.965285e-05 7.647008e-01 -6.443855e-01
    outer loop
      vertex   -4.618357e-02 2.915187e+01 3.705006e+00
      vertex   -1.461985e-01 2.886512e+01 3.364708e+00
      vertex   -1.461836e-01 2.915187e+01 3.705006e+00
    endloop
  endfacet
  facet normal 4.134723e-05 7.973765e-01 -6.034821e-01
    outer loop
      vertex   -4.621237e-02 2.859656e+01 3.009869e+00
      vertex   -1.462124e-01 2.859656e+01 3.009869e+00
      vertex   -4.619844e-02 2.886511e+01 3.364708e+00
    endloop
  endfacet
  facet normal 4.134723e-05 7.973765e-01 -6.034821e-01
    outer loop
      vertex   -4.619844e-02 2.886511e+01 3.364708e+00
      vertex   -1.462124e-01 2.859656e+01 3.009869e+00
      vertex   -1.461985e-01 2.886512e+01 3.364708e+00
    endloop
  endfacet
  facet normal 4.292833e-05 8.278680e-01 -5.609230e-01
    outer loop
      vertex   -4.622531e-02 2.834694e+01 2.641461e+00
      vertex   -1.462253e-01 2.834695e+01 2.641461e+00
      vertex   -4.621237e-02 2.859656e+01 3.009869e+00
    endloop
  endfacet
  facet normal 4.292833e-05 8.278680e-01 -5.609230e-01
    outer loop
      vertex   -4.621237e-02 2.859656e+01 3.009869e+00
      vertex   -1.462253e-01 2.834695e+01 2.641461e+00
      vertex   -1.462124e-01 2.859656e+01 3.009869e+00
    endloop
  endfacet
  facet normal 4.439175e-05 8.560898e-01 -5.168271e-01
    outer loop
      vertex   -4.623724e-02 2.811695e+01 2.260494e+00
      vertex   -1.462372e-01 2.811695e+01 2.260494e+00
      vertex   -4.622531e-02 2.834694e+01 2.641461e+00
    endloop
  endfacet
  facet normal 4.439175e-05 8.560898e-01 -5.168271e-01
    outer loop
      vertex   -4.622531e-02 2.834694e+01 2.641461e+00
      vertex   -1.462372e-01 2.811695e+01 2.260494e+00
      vertex   -1.462253e-01 2.834695e+01 2.641461e+00
    endloop
  endfacet
  facet normal 4.573349e-05 8.819651e-01 -4.713148e-01
    outer loop
      vertex   -4.624811e-02 2.790721e+01 1.868012e+00
      vertex   -1.462481e-01 2.790722e+01 1.868012e+00
      vertex   -4.623724e-02 2.811695e+01 2.260494e+00
    endloop
  endfacet
  facet normal 4.573349e-05 8.819651e-01 -4.713148e-01
    outer loop
      vertex   -4.623724e-02 2.811695e+01 2.260494e+00
      vertex   -1.462481e-01 2.790722e+01 1.868012e+00
      vertex   -1.462372e-01 2.811695e+01 2.260494e+00
    endloop
  endfacet
  facet normal 4.694989e-05 9.054233e-01 -4.245099e-01
    outer loop
      vertex   -4.625791e-02 2.771830e+01 1.465092e+00
      vertex   -1.462579e-01 2.771831e+01 1.465092e+00
      vertex   -4.624811e-02 2.790721e+01 1.868012e+00
    endloop
  endfacet
  facet normal 4.694989e-05 9.054233e-01 -4.245099e-01
    outer loop
      vertex   -4.624811e-02 2.790721e+01 1.868012e+00
      vertex   -1.462579e-01 2.771831e+01 1.465092e+00
      vertex   -1.462481e-01 2.790722e+01 1.868012e+00
    endloop
  endfacet
  facet normal 4.803760e-05 9.263997e-01 -3.765416e-01
    outer loop
      vertex   -4.626660e-02 2.755074e+01 1.052836e+00
      vertex   -1.462666e-01 2.755074e+01 1.052836e+00
      vertex   -4.625791e-02 2.771830e+01 1.465092e+00
    endloop
  endfacet
  facet normal 4.803760e-05 9.263997e-01 -3.765416e-01
    outer loop
      vertex   -4.625791e-02 2.771830e+01 1.465092e+00
      vertex   -1.462666e-01 2.755074e+01 1.052836e+00
      vertex   -1.462579e-01 2.771831e+01 1.465092e+00
    endloop
  endfacet
  facet normal 4.899361e-05 9.448362e-01 -3.275432e-01
    outer loop
      vertex   -4.627416e-02 2.740498e+01 6.323763e-01
      vertex   -1.462742e-01 2.740498e+01 6.323763e-01
      vertex   -4.626660e-02 2.755074e+01 1.052836e+00
    endloop
  endfacet
  facet normal 4.899361e-05 9.448362e-01 -3.275432e-01
    outer loop
      vertex   -4.626660e-02 2.755074e+01 1.052836e+00
      vertex   -1.462742e-01 2.740498e+01 6.323763e-01
      vertex   -1.462666e-01 2.755074e+01 1.052836e+00
    endloop
  endfacet
  facet normal 4.981539e-05 9.606842e-01 -2.776435e-01
    outer loop
      vertex   -4.628056e-02 2.728142e+01 2.048644e-01
      vertex   -1.462806e-01 2.728143e+01 2.048644e-01
      vertex   -4.627416e-02 2.740498e+01 6.323763e-01
    endloop
  endfacet
  facet normal 4.981539e-05 9.606842e-01 -2.776435e-01
    outer loop
      vertex   -4.627416e-02 2.740498e+01 6.323763e-01
      vertex   -1.462806e-01 2.728143e+01 2.048644e-01
      vertex   -1.462742e-01 2.740498e+01 6.323763e-01
    endloop
  endfacet
  facet normal 5.050058e-05 9.738979e-01 -2.269864e-01
    outer loop
      vertex   -4.628580e-02 2.718041e+01 -2.285283e-01
      vertex   -1.462858e-01 2.718042e+01 -2.285283e-01
      vertex   -4.628056e-02 2.728142e+01 2.048644e-01
    endloop
  endfacet
  facet normal 5.050058e-05 9.738979e-01 -2.269864e-01
    outer loop
      vertex   -4.628056e-02 2.728142e+01 2.048644e-01
      vertex   -1.462858e-01 2.718042e+01 -2.285283e-01
      vertex   -1.462806e-01 2.728143e+01 2.048644e-01
    endloop
  endfacet
  facet normal 5.104739e-05 9.844432e-01 -1.757033e-01
    outer loop
      vertex   -4.628986e-02 2.710222e+01 -6.666133e-01
      vertex   -1.462899e-01 2.710223e+01 -6.666133e-01
      vertex   -4.628580e-02 2.718041e+01 -2.285283e-01
    endloop
  endfacet
  facet normal 5.104739e-05 9.844432e-01 -1.757033e-01
    outer loop
      vertex   -4.628580e-02 2.718041e+01 -2.285283e-01
      vertex   -1.462899e-01 2.710223e+01 -6.666133e-01
      vertex   -1.462858e-01 2.718042e+01 -2.285283e-01
    endloop
  endfacet
  facet normal 5.145425e-05 9.922894e-01 -1.239422e-01
    outer loop
      vertex   -4.629272e-02 2.704707e+01 -1.108190e+00
      vertex   -1.462927e-01 2.704707e+01 -1.108190e+00
      vertex   -4.628986e-02 2.710222e+01 -6.666133e-01
    endloop
  endfacet
  facet normal 5.145425e-05 9.922894e-01 -1.239422e-01
    outer loop
      vertex   -4.628986e-02 2.710222e+01 -6.666133e-01
      vertex   -1.462927e-01 2.704707e+01 -1.108190e+00
      vertex   -1.462899e-01 2.710223e+01 -6.666133e-01
    endloop
  endfacet
  facet normal 5.172010e-05 9.974161e-01 -7.184033e-02
    outer loop
      vertex   -4.629437e-02 2.701510e+01 -1.552049e+00
      vertex   -1.462944e-01 2.701510e+01 -1.552049e+00
      vertex   -4.629272e-02 2.704707e+01 -1.108190e+00
    endloop
  endfacet
  facet normal 5.172010e-05 9.974161e-01 -7.184033e-02
    outer loop
      vertex   -4.629272e-02 2.704707e+01 -1.108190e+00
      vertex   -1.462944e-01 2.701510e+01 -1.552049e+00
      vertex   -1.462927e-01 2.704707e+01 -1.108190e+00
    endloop
  endfacet
  facet normal 5.184418e-05 9.998091e-01 -1.954093e-02
    outer loop
      vertex   -4.629483e-02 2.700640e+01 -1.996972e+00
      vertex   -1.462948e-01 2.700641e+01 -1.996972e+00
      vertex   -4.629437e-02 2.701510e+01 -1.552049e+00
    endloop
  endfacet
  facet normal 5.184418e-05 9.998091e-01 -1.954093e-02
    outer loop
      vertex   -4.629437e-02 2.701510e+01 -1.552049e+00
      vertex   -1.462948e-01 2.700641e+01 -1.996972e+00
      vertex   -1.462944e-01 2.701510e+01 -1.552049e+00
    endloop
  endfacet
  facet normal -7.070706e-01 7.071274e-01 4.693853e-03
    outer loop
      vertex   -3.885781e-15 4.777174e+01 -4.959194e+00
      vertex   -4.093947e-15 4.777579e+01 -5.569197e+00
      vertex   -3.452360e-01 4.742655e+01 -4.961486e+00
    endloop
  endfacet
  facet normal -7.070706e-01 7.071274e-01 4.693853e-03
    outer loop
      vertex   -3.452360e-01 4.742655e+01 -4.961486e+00
      vertex   -4.093947e-15 4.777579e+01 -5.569197e+00
      vertex   -3.452353e-01 4.743963e+01 -6.932005e+00
    endloop
  endfacet
  facet normal -7.070704e-01 7.071275e-01 4.693769e-03
    outer loop
      vertex   -4.093947e-15 4.777579e+01 -5.569197e+00
      vertex   -4.371503e-15 4.778558e+01 -7.043749e+00
      vertex   -3.452353e-01 4.743963e+01 -6.932005e+00
    endloop
  endfacet
  facet normal -7.070701e-01 7.071279e-01 4.695882e-03
    outer loop
      vertex   -4.440892e-15 4.778767e+01 -7.359142e+00
      vertex   -7.746946e-01 4.701307e+01 -7.364284e+00
      vertex   -4.371503e-15 4.778558e+01 -7.043749e+00
    endloop
  endfacet
  facet normal -7.070701e-01 7.071279e-01 4.695882e-03
    outer loop
      vertex   -4.371503e-15 4.778558e+01 -7.043749e+00
      vertex   -7.746946e-01 4.701307e+01 -7.364284e+00
      vertex   -3.452353e-01 4.743963e+01 -6.932005e+00
    endloop
  endfacet
  facet normal 1.000000e+00 -5.185408e-05 -2.465304e-16
    outer loop
      vertex   -4.629376e-02 2.702698e+01 -5.096903e+00
      vertex   -4.629483e-02 2.700640e+01 -1.996972e+00
      vertex   -4.645450e-02 2.392705e+01 -5.117482e+00
    endloop
  endfacet
  facet normal 1.000000e+00 -5.185408e-05 1.656253e-15
    outer loop
      vertex   -4.645450e-02 2.392705e+01 -5.117482e+00
      vertex   -4.629483e-02 2.700640e+01 -1.996972e+00
      vertex   -4.629437e-02 2.701510e+01 -1.552049e+00
    endloop
  endfacet
  facet normal 1.000000e+00 -5.185408e-05 -9.837407e-17
    outer loop
      vertex   -4.645450e-02 2.392705e+01 -5.117482e+00
      vertex   -4.629437e-02 2.701510e+01 -1.552049e+00
      vertex   -4.645722e-02 2.387457e+01 2.787222e+00
    endloop
  endfacet
  facet normal 1.000000e+00 -5.185408e-05 -9.332972e-19
    outer loop
      vertex   -4.645722e-02 2.387457e+01 2.787222e+00
      vertex   -4.629437e-02 2.701510e+01 -1.552049e+00
      vertex   -4.629272e-02 2.704707e+01 -1.108190e+00
    endloop
  endfacet
  facet normal 1.000000e+00 -5.185408e-05 -1.213288e-15
    outer loop
      vertex   -4.645722e-02 2.387457e+01 2.787222e+00
      vertex   -4.629272e-02 2.704707e+01 -1.108190e+00
      vertex   -4.628986e-02 2.710222e+01 -6.666133e-01
    endloop
  endfacet
  facet normal 1.000000e+00 -5.185408e-05 2.622454e-15
    outer loop
      vertex   -4.628986e-02 2.710222e+01 -6.666133e-01
      vertex   -4.628580e-02 2.718041e+01 -2.285283e-01
      vertex   -4.645722e-02 2.387457e+01 2.787222e+00
    endloop
  endfacet
  facet normal 1.000000e+00 -5.185408e-05 -1.607894e-15
    outer loop
      vertex   -4.645722e-02 2.387457e+01 2.787222e+00
      vertex   -4.628580e-02 2.718041e+01 -2.285283e-01
      vertex   -4.628056e-02 2.728142e+01 2.048644e-01
    endloop
  endfacet
  facet normal 1.000000e+00 -5.185408e-05 5.768029e-16
    outer loop
      vertex   -4.645722e-02 2.387457e+01 2.787222e+00
      vertex   -4.628056e-02 2.728142e+01 2.048644e-01
      vertex   -4.627416e-02 2.740498e+01 6.323763e-01
    endloop
  endfacet
  facet normal 1.000000e+00 -5.185408e-05 8.604551e-16
    outer loop
      vertex   -4.627416e-02 2.740498e+01 6.323763e-01
      vertex   -4.626660e-02 2.755074e+01 1.052836e+00
      vertex   -4.645722e-02 2.387457e+01 2.787222e+00
    endloop
  endfacet
  facet normal 1.000000e+00 -5.185408e-05 -1.560255e-15
    outer loop
      vertex   -4.645722e-02 2.387457e+01 2.787222e+00
      vertex   -4.626660e-02 2.755074e+01 1.052836e+00
      vertex   -4.625791e-02 2.771830e+01 1.465092e+00
    endloop
  endfacet
  facet normal 1.000000e+00 -5.185408e-05 5.481751e-16
    outer loop
      vertex   -4.645722e-02 2.387457e+01 2.787222e+00
      vertex   -4.625791e-02 2.771830e+01 1.465092e+00
      vertex   -4.624811e-02 2.790721e+01 1.868012e+00
    endloop
  endfacet
  facet normal 1.000000e+00 -5.185408e-05 1.162814e-15
    outer loop
      vertex   -4.624811e-02 2.790721e+01 1.868012e+00
      vertex   -4.623724e-02 2.811695e+01 2.260494e+00
      vertex   -4.645722e-02 2.387457e+01 2.787222e+00
    endloop
  endfacet
  facet normal 1.000000e+00 -5.185408e-05 -4.616756e-15
    outer loop
      vertex   -4.645722e-02 2.387457e+01 2.787222e+00
      vertex   -4.623724e-02 2.811695e+01 2.260494e+00
      vertex   -4.622531e-02 2.834694e+01 2.641461e+00
    endloop
  endfacet
  facet normal 1.000000e+00 -5.185408e-05 7.017236e-16
    outer loop
      vertex   -4.645722e-02 2.387457e+01 2.787222e+00
      vertex   -4.622531e-02 2.834694e+01 2.641461e+00
      vertex   -4.621237e-02 2.859656e+01 3.009869e+00
    endloop
  endfacet
  facet normal 1.000000e+00 -5.185408e-05 3.525940e-15
    outer loop
      vertex   -4.621237e-02 2.859656e+01 3.009869e+00
      vertex   -4.619844e-02 2.886511e+01 3.364708e+00
      vertex   -4.645722e-02 2.387457e+01 2.787222e+00
    endloop
  endfacet
  facet normal 1.000000e+00 -5.185408e-05 -1.280258e-15
    outer loop
      vertex   -4.645722e-02 2.387457e+01 2.787222e+00
      vertex   -4.619844e-02 2.886511e+01 3.364708e+00
      vertex   -4.618357e-02 2.915187e+01 3.705006e+00
    endloop
  endfacet
  facet normal 1.000000e+00 -5.185408e-05 5.040815e-16
    outer loop
      vertex   -4.645722e-02 2.387457e+01 2.787222e+00
      vertex   -4.618357e-02 2.915187e+01 3.705006e+00
      vertex   -4.616780e-02 2.945604e+01 4.029830e+00
    endloop
  endfacet
  facet normal 1.000000e+00 -5.185408e-05 -3.428760e-15
    outer loop
      vertex   -4.616780e-02 2.945604e+01 4.029830e+00
      vertex   -4.615117e-02 2.977680e+01 4.338289e+00
      vertex   -4.645722e-02 2.387457e+01 2.787222e+00
    endloop
  endfacet
  facet normal 1.000000e+00 -5.185408e-05 3.043071e-15
    outer loop
      vertex   -4.645722e-02 2.387457e+01 2.787222e+00
      vertex   -4.615117e-02 2.977680e+01 4.338289e+00
      vertex   -4.613372e-02 3.011326e+01 4.629539e+00
    endloop
  endfacet
  facet normal 1.000000e+00 -5.185408e-05 8.616571e-17
    outer loop
      vertex   -4.645722e-02 2.387457e+01 2.787222e+00
      vertex   -4.613372e-02 3.011326e+01 4.629539e+00
      vertex   -4.610722e-02 3.062444e+01 9.627302e+00
    endloop
  endfacet
  facet normal 1.000000e+00 -5.185408e-05 8.389319e-17
    outer loop
      vertex   -4.610722e-02 3.062444e+01 9.627302e+00
      vertex   -4.613372e-02 3.011326e+01 4.629539e+00
      vertex   -4.611551e-02 3.046450e+01 4.902780e+00
    endloop
  endfacet
  facet normal 1.000000e+00 -5.185408e-05 4.890919e-17
    outer loop
      vertex   -4.610722e-02 3.062444e+01 9.627302e+00
      vertex   -4.611551e-02 3.046450e+01 4.902780e+00
      vertex   -4.609658e-02 3.082956e+01 5.157264e+00
    endloop
  endfacet
  facet normal 1.000000e+00 -5.185408e-05 -2.540022e-17
    outer loop
      vertex   -4.609658e-02 3.082956e+01 5.157264e+00
      vertex   -4.607698e-02 3.120744e+01 5.392294e+00
      vertex   -4.610722e-02 3.062444e+01 9.627302e+00
    endloop
  endfacet
  facet normal 1.000000e+00 -5.185408e-05 -2.227324e-16
    outer loop
      vertex   -4.610722e-02 3.062444e+01 9.627302e+00
      vertex   -4.607698e-02 3.120744e+01 5.392294e+00
      vertex   -4.605678e-02 3.159711e+01 5.607225e+00
    endloop
  endfacet
  facet normal 1.000000e+00 -5.185408e-05 7.377889e-16
    outer loop
      vertex   -4.610722e-02 3.062444e+01 9.627302e+00
      vertex   -4.605678e-02 3.159711e+01 5.607225e+00
      vertex   -4.603602e-02 3.199748e+01 5.801468e+00
    endloop
  endfacet
  facet normal 1.000000e+00 -5.185408e-05 7.590180e-17
    outer loop
      vertex   -4.603602e-02 3.199748e+01 5.801468e+00
      vertex   -4.601476e-02 3.240748e+01 5.974490e+00
      vertex   -4.610722e-02 3.062444e+01 9.627302e+00
    endloop
  endfacet
  facet normal 1.000000e+00 -5.185408e-05 -5.278151e-16
    outer loop
      vertex   -4.610722e-02 3.062444e+01 9.627302e+00
      vertex   -4.601476e-02 3.240748e+01 5.974490e+00
      vertex   -4.599306e-02 3.282597e+01 6.125819e+00
    endloop
  endfacet
  facet normal 1.000000e+00 -5.185408e-05 4.348091e-16
    outer loop
      vertex   -4.610722e-02 3.062444e+01 9.627302e+00
      vertex   -4.599306e-02 3.282597e+01 6.125819e+00
      vertex   -4.597098e-02 3.325180e+01 6.255037e+00
    endloop
  endfacet
  facet normal 1.000000e+00 -5.185408e-05 -9.928740e-16
    outer loop
      vertex   -4.597098e-02 3.325180e+01 6.255037e+00
      vertex   -4.594857e-02 3.368381e+01 6.361793e+00
      vertex   -4.610722e-02 3.062444e+01 9.627302e+00
    endloop
  endfacet
  facet normal 1.000000e+00 -5.185408e-05 -5.900339e-16
    outer loop
      vertex   -4.610722e-02 3.062444e+01 9.627302e+00
      vertex   -4.594857e-02 3.368381e+01 6.361793e+00
      vertex   -4.592591e-02 3.412082e+01 6.445791e+00
    endloop
  endfacet
  facet normal 1.000000e+00 -5.185408e-05 1.918672e-15
    outer loop
      vertex   -4.610722e-02 3.062444e+01 9.627302e+00
      vertex   -4.592591e-02 3.412082e+01 6.445791e+00
      vertex   -4.590306e-02 3.456163e+01 6.506804e+00
    endloop
  endfacet
  facet normal 1.000000e+00 -5.185408e-05 -1.221808e-15
    outer loop
      vertex   -4.590306e-02 3.456163e+01 6.506804e+00
      vertex   -4.588006e-02 3.500502e+01 6.544663e+00
      vertex   -4.610722e-02 3.062444e+01 9.627302e+00
    endloop
  endfacet
  facet normal 1.000000e+00 -5.185408e-05 2.799319e-15
    outer loop
      vertex   -4.610722e-02 3.062444e+01 9.627302e+00
      vertex   -4.588006e-02 3.500502e+01 6.544663e+00
      vertex   -4.585700e-02 3.544979e+01 6.559265e+00
    endloop
  endfacet
  facet normal 1.000000e+00 -5.185408e-05 1.590037e-16
    outer loop
      vertex   -4.610722e-02 3.062444e+01 9.627302e+00
      vertex   -4.585700e-02 3.544979e+01 6.559265e+00
      vertex   -4.560892e-02 4.023398e+01 9.691093e+00
    endloop
  endfacet
  facet normal 1.000000e+00 -5.185408e-05 1.307310e-15
    outer loop
      vertex   -4.560892e-02 4.023398e+01 9.691093e+00
      vertex   -4.585700e-02 3.544979e+01 6.559265e+00
      vertex   -4.583393e-02 3.589471e+01 6.550569e+00
    endloop
  endfacet
  facet normal 1.000000e+00 -5.185408e-05 4.502282e-16
    outer loop
      vertex   -4.560892e-02 4.023398e+01 9.691093e+00
      vertex   -4.583393e-02 3.589471e+01 6.550569e+00
      vertex   -4.581091e-02 3.633857e+01 6.518600e+00
    endloop
  endfacet
  facet normal 1.000000e+00 -5.185408e-05 6.008880e-16
    outer loop
      vertex   -4.581091e-02 3.633857e+01 6.518600e+00
      vertex   -4.578802e-02 3.678015e+01 6.463444e+00
      vertex   -4.560892e-02 4.023398e+01 9.691093e+00
    endloop
  endfacet
  facet normal 1.000000e+00 -5.185408e-05 -1.775733e-15
    outer loop
      vertex   -4.560892e-02 4.023398e+01 9.691093e+00
      vertex   -4.578802e-02 3.678015e+01 6.463444e+00
      vertex   -4.576530e-02 3.721823e+01 6.385255e+00
    endloop
  endfacet
  facet normal 1.000000e+00 -5.185408e-05 1.368506e-15
    outer loop
      vertex   -4.560892e-02 4.023398e+01 9.691093e+00
      vertex   -4.576530e-02 3.721823e+01 6.385255e+00
      vertex   -4.574283e-02 3.765163e+01 6.284244e+00
    endloop
  endfacet
  facet normal 1.000000e+00 -5.185408e-05 -7.627153e-16
    outer loop
      vertex   -4.574283e-02 3.765163e+01 6.284244e+00
      vertex   -4.572066e-02 3.807914e+01 6.160691e+00
      vertex   -4.560892e-02 4.023398e+01 9.691093e+00
    endloop
  endfacet
  facet normal 1.000000e+00 -5.185408e-05 1.297441e-15
    outer loop
      vertex   -4.560892e-02 4.023398e+01 9.691093e+00
      vertex   -4.572066e-02 3.807914e+01 6.160691e+00
      vertex   -4.569886e-02 3.849960e+01 6.014931e+00
    endloop
  endfacet
  facet normal 1.000000e+00 -5.185408e-05 -2.402153e-16
    outer loop
      vertex   -4.560892e-02 4.023398e+01 9.691093e+00
      vertex   -4.569886e-02 3.849960e+01 6.014931e+00
      vertex   -4.567748e-02 3.891186e+01 5.847367e+00
    endloop
  endfacet
  facet normal 1.000000e+00 -5.185408e-05 3.796323e-16
    outer loop
      vertex   -4.567748e-02 3.891186e+01 5.847367e+00
      vertex   -4.565659e-02 3.931478e+01 5.658457e+00
      vertex   -4.560892e-02 4.023398e+01 9.691093e+00
    endloop
  endfacet
  facet normal 1.000000e+00 -5.185408e-05 3.560407e-16
    outer loop
      vertex   -4.560892e-02 4.023398e+01 9.691093e+00
      vertex   -4.565659e-02 3.931478e+01 5.658457e+00
      vertex   -4.563623e-02 3.970726e+01 5.448718e+00
    endloop
  endfacet
  facet normal 1.000000e+00 -5.185408e-05 5.533934e-17
    outer loop
      vertex   -4.560892e-02 4.023398e+01 9.691093e+00
      vertex   -4.563623e-02 3.970726e+01 5.448718e+00
      vertex   -4.561648e-02 4.008822e+01 5.218726e+00
    endloop
  endfacet
  facet normal 1.000000e+00 -5.185408e-05 8.587919e-17
    outer loop
      vertex   -4.561648e-02 4.008822e+01 5.218726e+00
      vertex   -4.559738e-02 4.045663e+01 4.969110e+00
      vertex   -4.560892e-02 4.023398e+01 9.691093e+00
    endloop
  endfacet
  facet normal 1.000000e+00 -5.185408e-05 -3.300150e-17
    outer loop
      vertex   -4.560892e-02 4.023398e+01 9.691093e+00
      vertex   -4.559738e-02 4.045663e+01 4.969110e+00
      vertex   -4.557898e-02 4.081147e+01 4.700556e+00
    endloop
  endfacet
  facet normal 1.000000e+00 -5.185408e-05 1.493964e-16
    outer loop
      vertex   -4.560892e-02 4.023398e+01 9.691093e+00
      vertex   -4.557898e-02 4.081147e+01 4.700556e+00
      vertex   -4.525424e-02 4.707407e+01 2.941226e+00
    endloop
  endfacet
  facet normal 1.000000e+00 -5.185408e-05 4.935085e-16
    outer loop
      vertex   -4.525424e-02 4.707407e+01 2.941226e+00
      vertex   -4.557898e-02 4.081147e+01 4.700556e+00
      vertex   -4.556133e-02 4.115177e+01 4.413799e+00
    endloop
  endfacet
  facet normal 1.000000e+00 -5.185408e-05 1.866494e-16
    outer loop
      vertex   -4.525424e-02 4.707407e+01 2.941226e+00
      vertex   -4.556133e-02 4.115177e+01 4.413799e+00
      vertex   -4.554449e-02 4.147659e+01 4.109625e+00
    endloop
  endfacet
  facet normal 1.000000e+00 -5.185408e-05 9.275748e-16
    outer loop
      vertex   -4.554449e-02 4.147659e+01 4.109625e+00
      vertex   -4.552849e-02 4.178505e+01 3.788869e+00
      vertex   -4.525424e-02 4.707407e+01 2.941226e+00
    endloop
  endfacet
  facet normal 1.000000e+00 -5.185408e-05 6.526149e-16
    outer loop
      vertex   -4.525424e-02 4.707407e+01 2.941226e+00
      vertex   -4.552849e-02 4.178505e+01 3.788869e+00
      vertex   -4.551339e-02 4.207630e+01 3.452407e+00
    endloop
  endfacet
  facet normal 1.000000e+00 -5.185408e-05 -1.042334e-15
    outer loop
      vertex   -4.525424e-02 4.707407e+01 2.941226e+00
      vertex   -4.551339e-02 4.207630e+01 3.452407e+00
      vertex   -4.549922e-02 4.234954e+01 3.101165e+00
    endloop
  endfacet
  facet normal 1.000000e+00 -5.185408e-05 1.789887e-15
    outer loop
      vertex   -4.549922e-02 4.234954e+01 3.101165e+00
      vertex   -4.548602e-02 4.260403e+01 2.736103e+00
      vertex   -4.525424e-02 4.707407e+01 2.941226e+00
    endloop
  endfacet
  facet normal 1.000000e+00 -5.185408e-05 -1.482455e-15
    outer loop
      vertex   -4.525424e-02 4.707407e+01 2.941226e+00
      vertex   -4.548602e-02 4.260403e+01 2.736103e+00
      vertex   -4.547384e-02 4.283906e+01 2.358223e+00
    endloop
  endfacet
  facet normal 1.000000e+00 -5.185408e-05 8.943417e-16
    outer loop
      vertex   -4.525424e-02 4.707407e+01 2.941226e+00
      vertex   -4.547384e-02 4.283906e+01 2.358223e+00
      vertex   -4.546269e-02 4.305399e+01 1.968560e+00
    endloop
  endfacet
  facet normal 1.000000e+00 -5.185408e-05 -4.508799e-16
    outer loop
      vertex   -4.546269e-02 4.305399e+01 1.968560e+00
      vertex   -4.545262e-02 4.324823e+01 1.568184e+00
      vertex   -4.525424e-02 4.707407e+01 2.941226e+00
    endloop
  endfacet
  facet normal 1.000000e+00 -5.185408e-05 -1.568285e-16
    outer loop
      vertex   -4.525424e-02 4.707407e+01 2.941226e+00
      vertex   -4.545262e-02 4.324823e+01 1.568184e+00
      vertex   -4.544365e-02 4.342125e+01 1.158189e+00
    endloop
  endfacet
  facet normal 1.000000e+00 -5.185408e-05 2.579883e-16
    outer loop
      vertex   -4.525424e-02 4.707407e+01 2.941226e+00
      vertex   -4.544365e-02 4.342125e+01 1.158189e+00
      vertex   -4.543580e-02 4.357258e+01 7.397011e-01
    endloop
  endfacet
  facet normal 1.000000e+00 -5.185408e-05 -2.340901e-16
    outer loop
      vertex   -4.543580e-02 4.357258e+01 7.397011e-01
      vertex   -4.542910e-02 4.370180e+01 3.138671e-01
      vertex   -4.525424e-02 4.707407e+01 2.941226e+00
    endloop
  endfacet
  facet normal 1.000000e+00 -5.185408e-05 -1.193023e-15
    outer loop
      vertex   -4.525424e-02 4.707407e+01 2.941226e+00
      vertex   -4.542910e-02 4.370180e+01 3.138671e-01
      vertex   -4.542357e-02 4.380856e+01 -1.181463e-01
    endloop
  endfacet
  facet normal 1.000000e+00 -5.185408e-05 7.331573e-16
    outer loop
      vertex   -4.525424e-02 4.707407e+01 2.941226e+00
      vertex   -4.542357e-02 4.380856e+01 -1.181463e-01
      vertex   -4.541921e-02 4.389255e+01 -5.551547e-01
    endloop
  endfacet
  facet normal 1.000000e+00 -5.185408e-05 5.701340e-16
    outer loop
      vertex   -4.541921e-02 4.389255e+01 -5.551547e-01
      vertex   -4.541605e-02 4.395357e+01 -9.959605e-01
      vertex   -4.525424e-02 4.707407e+01 2.941226e+00
    endloop
  endfacet
  facet normal 1.000000e+00 -5.185408e-05 -5.199394e-16
    outer loop
      vertex   -4.525424e-02 4.707407e+01 2.941226e+00
      vertex   -4.541605e-02 4.395357e+01 -9.959605e-01
      vertex   -4.541408e-02 4.399143e+01 -1.439355e+00
    endloop
  endfacet
  facet normal 1.000000e+00 -5.185408e-05 4.199412e-17
    outer loop
      vertex   -4.525424e-02 4.707407e+01 2.941226e+00
      vertex   -4.541408e-02 4.399143e+01 -1.439355e+00
      vertex   -4.525151e-02 4.712654e+01 -4.963477e+00
    endloop
  endfacet
  facet normal 1.000000e+00 -5.185408e-05 8.889340e-16
    outer loop
      vertex   -4.525151e-02 4.712654e+01 -4.963477e+00
      vertex   -4.541408e-02 4.399143e+01 -1.439355e+00
      vertex   -4.541333e-02 4.400603e+01 -1.884124e+00
    endloop
  endfacet
  facet normal 1.000000e+00 -5.185408e-05 1.876138e-17
    outer loop
      vertex   -4.525151e-02 4.712654e+01 -4.963477e+00
      vertex   -4.541333e-02 4.400603e+01 -1.884124e+00
      vertex   -4.541226e-02 4.402661e+01 -4.984056e+00
    endloop
  endfacet
  facet normal 7.070701e-01 -7.071279e-01 -4.693857e-03
    outer loop
      vertex   -1.454133e-01 4.400603e+01 -1.884124e+00
      vertex   -8.454478e-01 4.334260e+01 -7.388649e+00
      vertex   -1.454114e-01 4.404254e+01 -7.384003e+00
    endloop
  endfacet
  facet normal 7.070706e-01 -7.071273e-01 -4.694005e-03
    outer loop
      vertex   -8.945180e-01 4.329352e+01 -7.387771e+00
      vertex   -8.454478e-01 4.334260e+01 -7.388649e+00
      vertex   -1.454133e-01 4.400603e+01 -1.884124e+00
    endloop
  endfacet
  facet normal 7.070717e-01 -7.071263e-01 -4.694287e-03
    outer loop
      vertex   -1.454133e-01 4.400603e+01 -1.884124e+00
      vertex   -9.434700e-01 4.324455e+01 -7.384485e+00
      vertex   -8.945180e-01 4.329352e+01 -7.387771e+00
    endloop
  endfacet
  facet normal 7.070728e-01 -7.071252e-01 -4.694588e-03
    outer loop
      vertex   -1.454133e-01 4.400603e+01 -1.884124e+00
      vertex   -9.921859e-01 4.319580e+01 -7.378800e+00
      vertex   -9.434700e-01 4.324455e+01 -7.384485e+00
    endloop
  endfacet
  facet normal 7.070648e-01 -7.071332e-01 -4.692186e-03
    outer loop
      vertex   -1.040548e+00 4.314739e+01 -7.370730e+00
      vertex   -9.921859e-01 4.319580e+01 -7.378800e+00
      vertex   -1.454133e-01 4.400603e+01 -1.884124e+00
    endloop
  endfacet
  facet normal 7.070749e-01 -7.071231e-01 -4.695409e-03
    outer loop
      vertex   -1.454133e-01 4.400603e+01 -1.884124e+00
      vertex   -1.088441e+00 4.309943e+01 -7.360294e+00
      vertex   -1.040548e+00 4.314739e+01 -7.370730e+00
    endloop
  endfacet
  facet normal 7.070664e-01 -7.071316e-01 -4.692540e-03
    outer loop
      vertex   -1.454133e-01 4.400603e+01 -1.884124e+00
      vertex   -1.135748e+00 4.305205e+01 -7.347518e+00
      vertex   -1.088441e+00 4.309943e+01 -7.360294e+00
    endloop
  endfacet
  facet normal 7.070728e-01 -7.071252e-01 -4.694812e-03
    outer loop
      vertex   -1.182355e+00 4.300534e+01 -7.332431e+00
      vertex   -1.135748e+00 4.305205e+01 -7.347518e+00
      vertex   -1.454133e-01 4.400603e+01 -1.884124e+00
    endloop
  endfacet
  facet normal 7.070701e-01 -7.071279e-01 -4.693817e-03
    outer loop
      vertex   -1.454133e-01 4.400603e+01 -1.884124e+00
      vertex   -1.228151e+00 4.295943e+01 -7.315071e+00
      vertex   -1.182355e+00 4.300534e+01 -7.332431e+00
    endloop
  endfacet
  facet normal 7.070658e-01 -7.071322e-01 -4.692124e-03
    outer loop
      vertex   -1.454133e-01 4.400603e+01 -1.884124e+00
      vertex   -1.273025e+00 4.291443e+01 -7.295479e+00
      vertex   -1.228151e+00 4.295943e+01 -7.315071e+00
    endloop
  endfacet
  facet normal 7.070739e-01 -7.071241e-01 -4.695452e-03
    outer loop
      vertex   -1.316869e+00 4.287045e+01 -7.273703e+00
      vertex   -1.273025e+00 4.291443e+01 -7.295479e+00
      vertex   -1.454133e-01 4.400603e+01 -1.884124e+00
    endloop
  endfacet
  facet normal 7.070725e-01 -7.071255e-01 -4.690455e-03
    outer loop
      vertex   -1.821201e+00 4.236178e+01 -6.614245e+00
      vertex   -1.401047e+00 4.278595e+01 -7.223811e+00
      vertex   -1.359577e+00 4.282759e+01 -7.249794e+00
    endloop
  endfacet
  facet normal 7.070677e-01 -7.071303e-01 -4.697026e-03
    outer loop
      vertex   -1.441178e+00 4.274563e+01 -7.195816e+00
      vertex   -1.401047e+00 4.278595e+01 -7.223811e+00
      vertex   -1.821201e+00 4.236178e+01 -6.614245e+00
    endloop
  endfacet
  facet normal 7.070701e-01 -7.071279e-01 -4.693857e-03
    outer loop
      vertex   -1.821201e+00 4.236178e+01 -6.614245e+00
      vertex   -1.479874e+00 4.270674e+01 -7.165876e+00
      vertex   -1.441178e+00 4.274563e+01 -7.195816e+00
    endloop
  endfacet
  facet normal 7.070762e-01 -7.071219e-01 -4.686359e-03
    outer loop
      vertex   -1.821201e+00 4.236178e+01 -6.614245e+00
      vertex   -1.517042e+00 4.266937e+01 -7.134064e+00
      vertex   -1.479874e+00 4.270674e+01 -7.165876e+00
    endloop
  endfacet
  facet normal 7.070639e-01 -7.071340e-01 -4.700753e-03
    outer loop
      vertex   -1.552591e+00 4.263360e+01 -7.100456e+00
      vertex   -1.517042e+00 4.266937e+01 -7.134064e+00
      vertex   -1.821201e+00 4.236178e+01 -6.614245e+00
    endloop
  endfacet
  facet normal 7.070664e-01 -7.071315e-01 -4.697943e-03
    outer loop
      vertex   -1.821201e+00 4.236178e+01 -6.614245e+00
      vertex   -1.586437e+00 4.259952e+01 -7.065134e+00
      vertex   -1.552591e+00 4.263360e+01 -7.100456e+00
    endloop
  endfacet
  facet normal 7.070739e-01 -7.071241e-01 -4.690137e-03
    outer loop
      vertex   -1.821201e+00 4.236178e+01 -6.614245e+00
      vertex   -1.618498e+00 4.256721e+01 -7.028182e+00
      vertex   -1.586437e+00 4.259952e+01 -7.065134e+00
    endloop
  endfacet
  facet normal 7.070655e-01 -7.071325e-01 -4.698434e-03
    outer loop
      vertex   -1.648697e+00 4.253676e+01 -6.989689e+00
      vertex   -1.618498e+00 4.256721e+01 -7.028182e+00
      vertex   -1.821201e+00 4.236178e+01 -6.614245e+00
    endloop
  endfacet
  facet normal 7.070749e-01 -7.071231e-01 -4.689741e-03
    outer loop
      vertex   -1.821201e+00 4.236178e+01 -6.614245e+00
      vertex   -1.676961e+00 4.250824e+01 -6.949748e+00
      vertex   -1.648697e+00 4.253676e+01 -6.989689e+00
    endloop
  endfacet
  facet normal 7.070817e-01 -7.071164e-01 -4.683887e-03
    outer loop
      vertex   -1.821201e+00 4.236178e+01 -6.614245e+00
      vertex   -1.690345e+00 4.249472e+01 -6.929265e+00
      vertex   -1.676961e+00 4.250824e+01 -6.949748e+00
    endloop
  endfacet
  facet normal 7.070460e-01 -7.071519e-01 -4.713683e-03
    outer loop
      vertex   -1.703221e+00 4.248170e+01 -6.908457e+00
      vertex   -1.690345e+00 4.249472e+01 -6.929265e+00
      vertex   -1.821201e+00 4.236178e+01 -6.614245e+00
    endloop
  endfacet
  facet normal 7.070691e-01 -7.071288e-01 -4.695001e-03
    outer loop
      vertex   -1.821201e+00 4.236178e+01 -6.614245e+00
      vertex   -1.715580e+00 4.246921e+01 -6.887334e+00
      vertex   -1.703221e+00 4.248170e+01 -6.908457e+00
    endloop
  endfacet
  facet normal 7.070243e-01 -7.071734e-01 -4.729889e-03
    outer loop
      vertex   -1.821201e+00 4.236178e+01 -6.614245e+00
      vertex   -1.727415e+00 4.245723e+01 -6.865912e+00
      vertex   -1.715580e+00 4.246921e+01 -6.887334e+00
    endloop
  endfacet
  facet normal 7.071137e-01 -7.070844e-01 -4.662800e-03
    outer loop
      vertex   -1.738719e+00 4.244578e+01 -6.844202e+00
      vertex   -1.727415e+00 4.245723e+01 -6.865912e+00
      vertex   -1.821201e+00 4.236178e+01 -6.614245e+00
    endloop
  endfacet
  facet normal 7.070133e-01 -7.071844e-01 -4.735313e-03
    outer loop
      vertex   -1.821201e+00 4.236178e+01 -6.614245e+00
      vertex   -1.749484e+00 4.243487e+01 -6.822218e+00
      vertex   -1.738719e+00 4.244578e+01 -6.844202e+00
    endloop
  endfacet
  facet normal 7.071441e-01 -7.070542e-01 -4.644500e-03
    outer loop
      vertex   -1.821201e+00 4.236178e+01 -6.614245e+00
      vertex   -1.759705e+00 4.242450e+01 -6.799972e+00
      vertex   -1.749484e+00 4.243487e+01 -6.822218e+00
    endloop
  endfacet
  facet normal 7.070464e-01 -7.071515e-01 -4.709711e-03
    outer loop
      vertex   -1.769375e+00 4.241469e+01 -6.777479e+00
      vertex   -1.759705e+00 4.242450e+01 -6.799972e+00
      vertex   -1.821201e+00 4.236178e+01 -6.614245e+00
    endloop
  endfacet
  facet normal 7.070106e-01 -7.071871e-01 -4.732601e-03
    outer loop
      vertex   -1.821201e+00 4.236178e+01 -6.614245e+00
      vertex   -1.778489e+00 4.240542e+01 -6.754752e+00
      vertex   -1.769375e+00 4.241469e+01 -6.777479e+00
    endloop
  endfacet
  facet normal 7.071207e-01 -7.070775e-01 -4.665081e-03
    outer loop
      vertex   -1.821201e+00 4.236178e+01 -6.614245e+00
      vertex   -1.787041e+00 4.239672e+01 -6.731804e+00
      vertex   -1.778489e+00 4.240542e+01 -6.754752e+00
    endloop
  endfacet
  facet normal 7.070198e-01 -7.071780e-01 -4.724257e-03
    outer loop
      vertex   -1.795025e+00 4.238858e+01 -6.708649e+00
      vertex   -1.787041e+00 4.239672e+01 -6.731804e+00
      vertex   -1.821201e+00 4.236178e+01 -6.614245e+00
    endloop
  endfacet
  facet normal 7.071547e-01 -7.070436e-01 -4.648703e-03
    outer loop
      vertex   -1.821201e+00 4.236178e+01 -6.614245e+00
      vertex   -1.802438e+00 4.238101e+01 -6.685302e+00
      vertex   -1.795025e+00 4.238858e+01 -6.708649e+00
    endloop
  endfacet
  facet normal 7.069009e-01 -7.072964e-01 -4.784165e-03
    outer loop
      vertex   -1.821201e+00 4.236178e+01 -6.614245e+00
      vertex   -1.809274e+00 4.237402e+01 -6.661776e+00
      vertex   -1.802438e+00 4.238101e+01 -6.685302e+00
    endloop
  endfacet
  facet normal 7.065610e-01 -7.076348e-01 -4.956615e-03
    outer loop
      vertex   -1.815530e+00 4.236761e+01 -6.638085e+00
      vertex   -1.809274e+00 4.237402e+01 -6.661776e+00
      vertex   -1.821201e+00 4.236178e+01 -6.614245e+00
    endloop
  endfacet
  facet normal 7.070701e-01 -7.071279e-01 -4.693827e-03
    outer loop
      vertex   -1.454133e-01 4.400603e+01 -1.884124e+00
      vertex   -1.359577e+00 4.282759e+01 -7.249794e+00
      vertex   -1.316869e+00 4.287045e+01 -7.273703e+00
    endloop
  endfacet
  facet normal 7.070701e-01 -7.071278e-01 -4.693831e-03
    outer loop
      vertex   -1.454133e-01 4.400603e+01 -1.884124e+00
      vertex   -1.821201e+00 4.236178e+01 -6.614245e+00
      vertex   -1.359577e+00 4.282759e+01 -7.249794e+00
    endloop
  endfacet
  facet normal 7.070663e-01 -7.071317e-01 -4.691119e-03
    outer loop
      vertex   -1.826284e+00 4.235654e+01 -6.590268e+00
      vertex   -1.821201e+00 4.236178e+01 -6.614245e+00
      vertex   -1.454133e-01 4.400603e+01 -1.884124e+00
    endloop
  endfacet
  facet normal 7.070741e-01 -7.071238e-01 -4.696697e-03
    outer loop
      vertex   -1.454133e-01 4.400603e+01 -1.884124e+00
      vertex   -1.830777e+00 4.235189e+01 -6.566170e+00
      vertex   -1.826284e+00 4.235654e+01 -6.590268e+00
    endloop
  endfacet
  facet normal 7.070660e-01 -7.071320e-01 -4.690865e-03
    outer loop
      vertex   -1.454133e-01 4.400603e+01 -1.884124e+00
      vertex   -1.834676e+00 4.234783e+01 -6.541965e+00
      vertex   -1.830777e+00 4.235189e+01 -6.566170e+00
    endloop
  endfacet
  facet normal 7.070745e-01 -7.071235e-01 -4.696978e-03
    outer loop
      vertex   -1.837979e+00 4.234436e+01 -6.517668e+00
      vertex   -1.834676e+00 4.234783e+01 -6.541965e+00
      vertex   -1.454133e-01 4.400603e+01 -1.884124e+00
    endloop
  endfacet
  facet normal 7.070611e-01 -7.071369e-01 -4.687277e-03
    outer loop
      vertex   -1.454133e-01 4.400603e+01 -1.884124e+00
      vertex   -1.840684e+00 4.234150e+01 -6.493293e+00
      vertex   -1.837979e+00 4.234436e+01 -6.517668e+00
    endloop
  endfacet
  facet normal 7.070748e-01 -7.071231e-01 -4.697320e-03
    outer loop
      vertex   -1.454133e-01 4.400603e+01 -1.884124e+00
      vertex   -1.842790e+00 4.233923e+01 -6.468854e+00
      vertex   -1.840684e+00 4.234150e+01 -6.493293e+00
    endloop
  endfacet
  facet normal 7.070701e-01 -7.071278e-01 -4.693854e-03
    outer loop
      vertex   -1.844295e+00 4.233756e+01 -6.444368e+00
      vertex   -1.842790e+00 4.233923e+01 -6.468854e+00
      vertex   -1.454133e-01 4.400603e+01 -1.884124e+00
    endloop
  endfacet
  facet normal 7.070754e-01 -7.071226e-01 -4.697731e-03
    outer loop
      vertex   -1.454133e-01 4.400603e+01 -1.884124e+00
      vertex   -1.845199e+00 4.233649e+01 -6.419848e+00
      vertex   -1.844295e+00 4.233756e+01 -6.444368e+00
    endloop
  endfacet
  facet normal 7.070702e-01 -7.071278e-01 -4.693855e-03
    outer loop
      vertex   -1.454133e-01 4.400603e+01 -1.884124e+00
      vertex   -1.845500e+00 4.233603e+01 -6.395310e+00
      vertex   -1.845199e+00 4.233649e+01 -6.419848e+00
    endloop
  endfacet
  facet normal 7.070702e-01 -7.071278e-01 -4.693856e-03
    outer loop
      vertex   -1.845501e+00 4.230616e+01 -1.895409e+00
      vertex   -1.845500e+00 4.233603e+01 -6.395310e+00
      vertex   -1.454133e-01 4.400603e+01 -1.884124e+00
    endloop
  endfacet
  facet normal -5.185294e-05 -9.999780e-01 -6.638116e-03
    outer loop
      vertex   -4.541143e-02 4.404254e+01 -7.384003e+00
      vertex   -4.541226e-02 4.402661e+01 -4.984056e+00
      vertex   -1.454114e-01 4.404254e+01 -7.384003e+00
    endloop
  endfacet
  facet normal -5.185294e-05 -9.999780e-01 -6.638116e-03
    outer loop
      vertex   -1.454114e-01 4.404254e+01 -7.384003e+00
      vertex   -4.541226e-02 4.402661e+01 -4.984056e+00
      vertex   -1.454133e-01 4.400603e+01 -1.884124e+00
    endloop
  endfacet
  facet normal -5.185294e-05 -9.999780e-01 -6.638116e-03
    outer loop
      vertex   -1.454133e-01 4.400603e+01 -1.884124e+00
      vertex   -4.541226e-02 4.402661e+01 -4.984056e+00
      vertex   -4.541333e-02 4.400603e+01 -1.884124e+00
    endloop
  endfacet
  facet normal 5.185294e-05 9.999780e-01 6.638116e-03
    outer loop
      vertex   -4.629293e-02 2.704291e+01 -7.496851e+00
      vertex   -1.462929e-01 2.704292e+01 -7.496851e+00
      vertex   -4.629376e-02 2.702698e+01 -5.096903e+00
    endloop
  endfacet
  facet normal 5.185294e-05 9.999780e-01 6.638116e-03
    outer loop
      vertex   -4.629376e-02 2.702698e+01 -5.096903e+00
      vertex   -1.462929e-01 2.704292e+01 -7.496851e+00
      vertex   -1.462948e-01 2.700641e+01 -1.996972e+00
    endloop
  endfacet
  facet normal 5.185294e-05 9.999780e-01 6.638116e-03
    outer loop
      vertex   -4.629376e-02 2.702698e+01 -5.096903e+00
      vertex   -1.462948e-01 2.700641e+01 -1.996972e+00
      vertex   -4.629483e-02 2.700640e+01 -1.996972e+00
    endloop
  endfacet
  facet normal 7.071435e-01 7.070545e-01 4.693856e-03
    outer loop
      vertex   -1.846205e+00 2.873633e+01 -6.485588e+00
      vertex   -1.846207e+00 2.870646e+01 -1.985687e+00
      vertex   -1.462948e-01 2.700641e+01 -1.996972e+00
    endloop
  endfacet
  facet normal 7.071435e-01 7.070545e-01 4.693858e-03
    outer loop
      vertex   -1.462948e-01 2.700641e+01 -1.996972e+00
      vertex   -1.845904e+00 2.873619e+01 -6.510131e+00
      vertex   -1.846205e+00 2.873633e+01 -6.485588e+00
    endloop
  endfacet
  facet normal 7.071487e-01 7.070493e-01 4.689913e-03
    outer loop
      vertex   -1.462948e-01 2.700641e+01 -1.996972e+00
      vertex   -1.845001e+00 2.873545e+01 -6.534662e+00
      vertex   -1.845904e+00 2.873619e+01 -6.510131e+00
    endloop
  endfacet
  facet normal 7.071435e-01 7.070545e-01 4.693859e-03
    outer loop
      vertex   -1.843496e+00 2.873411e+01 -6.559169e+00
      vertex   -1.845001e+00 2.873545e+01 -6.534662e+00
      vertex   -1.462948e-01 2.700641e+01 -1.996972e+00
    endloop
  endfacet
  facet normal 7.071482e-01 7.070498e-01 4.690331e-03
    outer loop
      vertex   -1.462948e-01 2.700641e+01 -1.996972e+00
      vertex   -1.841390e+00 2.873217e+01 -6.583635e+00
      vertex   -1.843496e+00 2.873411e+01 -6.559169e+00
    endloop
  endfacet
  facet normal 7.071344e-01 7.070635e-01 4.700556e-03
    outer loop
      vertex   -1.462948e-01 2.700641e+01 -1.996972e+00
      vertex   -1.838685e+00 2.872962e+01 -6.608046e+00
      vertex   -1.841390e+00 2.873217e+01 -6.583635e+00
    endloop
  endfacet
  facet normal 7.071478e-01 7.070502e-01 4.690678e-03
    outer loop
      vertex   -1.835382e+00 2.872648e+01 -6.632387e+00
      vertex   -1.838685e+00 2.872962e+01 -6.608046e+00
      vertex   -1.462948e-01 2.700641e+01 -1.996972e+00
    endloop
  endfacet
  facet normal 7.071393e-01 7.070586e-01 4.696903e-03
    outer loop
      vertex   -1.462948e-01 2.700641e+01 -1.996972e+00
      vertex   -1.831483e+00 2.872274e+01 -6.656644e+00
      vertex   -1.835382e+00 2.872648e+01 -6.632387e+00
    endloop
  endfacet
  facet normal 7.071475e-01 7.070505e-01 4.690963e-03
    outer loop
      vertex   -1.462948e-01 2.700641e+01 -1.996972e+00
      vertex   -1.826991e+00 2.871841e+01 -6.680801e+00
      vertex   -1.831483e+00 2.872274e+01 -6.656644e+00
    endloop
  endfacet
  facet normal 7.071396e-01 7.070584e-01 4.696645e-03
    outer loop
      vertex   -1.821908e+00 2.871349e+01 -6.704846e+00
      vertex   -1.826991e+00 2.871841e+01 -6.680801e+00
      vertex   -1.462948e-01 2.700641e+01 -1.996972e+00
    endloop
  endfacet
  facet normal 7.066343e-01 7.075650e-01 4.437852e-03
    outer loop
      vertex   -1.821908e+00 2.871349e+01 -6.704846e+00
      vertex   -1.809983e+00 2.870188e+01 -6.752535e+00
      vertex   -1.816238e+00 2.870797e+01 -6.728761e+00
    endloop
  endfacet
  facet normal 7.069742e-01 7.072243e-01 4.605795e-03
    outer loop
      vertex   -1.821908e+00 2.871349e+01 -6.704846e+00
      vertex   -1.803148e+00 2.869520e+01 -6.776152e+00
      vertex   -1.809983e+00 2.870188e+01 -6.752535e+00
    endloop
  endfacet
  facet normal 7.072280e-01 7.069696e-01 4.737887e-03
    outer loop
      vertex   -1.795736e+00 2.868794e+01 -6.799597e+00
      vertex   -1.803148e+00 2.869520e+01 -6.776152e+00
      vertex   -1.821908e+00 2.871349e+01 -6.704846e+00
    endloop
  endfacet
  facet normal 7.070931e-01 7.071050e-01 4.664124e-03
    outer loop
      vertex   -1.821908e+00 2.871349e+01 -6.704846e+00
      vertex   -1.787752e+00 2.868011e+01 -6.822858e+00
      vertex   -1.795736e+00 2.868794e+01 -6.799597e+00
    endloop
  endfacet
  facet normal 7.071940e-01 7.070038e-01 4.721961e-03
    outer loop
      vertex   -1.821908e+00 2.871349e+01 -6.704846e+00
      vertex   -1.779201e+00 2.867171e+01 -6.845920e+00
      vertex   -1.787752e+00 2.868011e+01 -6.822858e+00
    endloop
  endfacet
  facet normal 7.070839e-01 7.071143e-01 4.655902e-03
    outer loop
      vertex   -1.770089e+00 2.866275e+01 -6.868768e+00
      vertex   -1.779201e+00 2.867171e+01 -6.845920e+00
      vertex   -1.821908e+00 2.871349e+01 -6.704846e+00
    endloop
  endfacet
  facet normal 7.071197e-01 7.070784e-01 4.678318e-03
    outer loop
      vertex   -1.821908e+00 2.871349e+01 -6.704846e+00
      vertex   -1.760419e+00 2.865323e+01 -6.891390e+00
      vertex   -1.770089e+00 2.866275e+01 -6.868768e+00
    endloop
  endfacet
  facet normal 7.072174e-01 7.069802e-01 4.742231e-03
    outer loop
      vertex   -1.821908e+00 2.871349e+01 -6.704846e+00
      vertex   -1.750199e+00 2.864315e+01 -6.913771e+00
      vertex   -1.760419e+00 2.865323e+01 -6.891390e+00
    endloop
  endfacet
  facet normal 7.070867e-01 7.071116e-01 4.653154e-03
    outer loop
      vertex   -1.739435e+00 2.863254e+01 -6.935898e+00
      vertex   -1.750199e+00 2.864315e+01 -6.913771e+00
      vertex   -1.821908e+00 2.871349e+01 -6.704846e+00
    endloop
  endfacet
  facet normal 7.071871e-01 7.070107e-01 4.724334e-03
    outer loop
      vertex   -1.821908e+00 2.871349e+01 -6.704846e+00
      vertex   -1.728132e+00 2.862138e+01 -6.957758e+00
      vertex   -1.739435e+00 2.863254e+01 -6.935898e+00
    endloop
  endfacet
  facet normal 7.070976e-01 7.071006e-01 4.658432e-03
    outer loop
      vertex   -1.821908e+00 2.871349e+01 -6.704846e+00
      vertex   -1.716299e+00 2.860969e+01 -6.979337e+00
      vertex   -1.728132e+00 2.862138e+01 -6.957758e+00
    endloop
  endfacet
  facet normal 7.071425e-01 7.070555e-01 4.692725e-03
    outer loop
      vertex   -1.703941e+00 2.859747e+01 -7.000624e+00
      vertex   -1.716299e+00 2.860969e+01 -6.979337e+00
      vertex   -1.821908e+00 2.871349e+01 -6.704846e+00
    endloop
  endfacet
  facet normal 7.071193e-01 7.070788e-01 4.674350e-03
    outer loop
      vertex   -1.821908e+00 2.871349e+01 -6.704846e+00
      vertex   -1.691067e+00 2.858473e+01 -7.021603e+00
      vertex   -1.703941e+00 2.859747e+01 -7.000624e+00
    endloop
  endfacet
  facet normal 7.071550e-01 7.070429e-01 4.703673e-03
    outer loop
      vertex   -1.821908e+00 2.871349e+01 -6.704846e+00
      vertex   -1.677683e+00 2.857148e+01 -7.042264e+00
      vertex   -1.691067e+00 2.858473e+01 -7.021603e+00
    endloop
  endfacet
  facet normal 7.071482e-01 7.070497e-01 4.697909e-03
    outer loop
      vertex   -1.649423e+00 2.854349e+01 -7.082580e+00
      vertex   -1.677683e+00 2.857148e+01 -7.042264e+00
      vertex   -1.821908e+00 2.871349e+01 -6.704846e+00
    endloop
  endfacet
  facet normal 7.071388e-01 7.070592e-01 4.689341e-03
    outer loop
      vertex   -1.821908e+00 2.871349e+01 -6.704846e+00
      vertex   -1.619227e+00 2.851355e+01 -7.121474e+00
      vertex   -1.649423e+00 2.854349e+01 -7.082580e+00
    endloop
  endfacet
  facet normal 7.071472e-01 7.070507e-01 4.697526e-03
    outer loop
      vertex   -1.821908e+00 2.871349e+01 -6.704846e+00
      vertex   -1.587169e+00 2.848173e+01 -7.158851e+00
      vertex   -1.619227e+00 2.851355e+01 -7.121474e+00
    endloop
  endfacet
  facet normal 7.071398e-01 7.070583e-01 4.689820e-03
    outer loop
      vertex   -1.553327e+00 2.844812e+01 -7.194623e+00
      vertex   -1.587169e+00 2.848173e+01 -7.158851e+00
      vertex   -1.821908e+00 2.871349e+01 -6.704846e+00
    endloop
  endfacet
  facet normal 7.071372e-01 7.070608e-01 4.687043e-03
    outer loop
      vertex   -1.821908e+00 2.871349e+01 -6.704846e+00
      vertex   -1.517781e+00 2.841280e+01 -7.228703e+00
      vertex   -1.553327e+00 2.844812e+01 -7.194623e+00
    endloop
  endfacet
  facet normal 7.071495e-01 7.070484e-01 4.701274e-03
    outer loop
      vertex   -1.821908e+00 2.871349e+01 -6.704846e+00
      vertex   -1.480617e+00 2.837584e+01 -7.261008e+00
      vertex   -1.517781e+00 2.841280e+01 -7.228703e+00
    endloop
  endfacet
  facet normal 7.071434e-01 7.070545e-01 4.693857e-03
    outer loop
      vertex   -1.441925e+00 2.833735e+01 -7.291462e+00
      vertex   -1.480617e+00 2.837584e+01 -7.261008e+00
      vertex   -1.821908e+00 2.871349e+01 -6.704846e+00
    endloop
  endfacet
  facet normal 7.071410e-01 7.070570e-01 4.690720e-03
    outer loop
      vertex   -1.821908e+00 2.871349e+01 -6.704846e+00
      vertex   -1.401798e+00 2.829741e+01 -7.319989e+00
      vertex   -1.441925e+00 2.833735e+01 -7.291462e+00
    endloop
  endfacet
  facet normal 7.071458e-01 7.070522e-01 4.697228e-03
    outer loop
      vertex   -1.821908e+00 2.871349e+01 -6.704846e+00
      vertex   -1.360333e+00 2.825611e+01 -7.346523e+00
      vertex   -1.401798e+00 2.829741e+01 -7.319989e+00
    endloop
  endfacet
  facet normal 7.071435e-01 7.070545e-01 4.693882e-03
    outer loop
      vertex   -1.462948e-01 2.700641e+01 -1.996972e+00
      vertex   -1.360333e+00 2.825611e+01 -7.346523e+00
      vertex   -1.821908e+00 2.871349e+01 -6.704846e+00
    endloop
  endfacet
  facet normal 7.071435e-01 7.070545e-01 4.693886e-03
    outer loop
      vertex   -1.462948e-01 2.700641e+01 -1.996972e+00
      vertex   -1.317629e+00 2.821357e+01 -7.370999e+00
      vertex   -1.360333e+00 2.825611e+01 -7.346523e+00
    endloop
  endfacet
  facet normal 7.071472e-01 7.070507e-01 4.692211e-03
    outer loop
      vertex   -1.462948e-01 2.700641e+01 -1.996972e+00
      vertex   -1.273790e+00 2.816987e+01 -7.393357e+00
      vertex   -1.317629e+00 2.821357e+01 -7.370999e+00
    endloop
  endfacet
  facet normal 7.071391e-01 7.070588e-01 4.695647e-03
    outer loop
      vertex   -1.228920e+00 2.812513e+01 -7.413545e+00
      vertex   -1.273790e+00 2.816987e+01 -7.393357e+00
      vertex   -1.462948e-01 2.700641e+01 -1.996972e+00
    endloop
  endfacet
  facet normal 7.071435e-01 7.070545e-01 4.693896e-03
    outer loop
      vertex   -1.462948e-01 2.700641e+01 -1.996972e+00
      vertex   -1.183129e+00 2.807945e+01 -7.431513e+00
      vertex   -1.228920e+00 2.812513e+01 -7.413545e+00
    endloop
  endfacet
  facet normal 7.071461e-01 7.070519e-01 4.692866e-03
    outer loop
      vertex   -1.462948e-01 2.700641e+01 -1.996972e+00
      vertex   -1.136526e+00 2.803295e+01 -7.447218e+00
      vertex   -1.183129e+00 2.807945e+01 -7.431513e+00
    endloop
  endfacet
  facet normal 7.071397e-01 7.070582e-01 4.695223e-03
    outer loop
      vertex   -1.089224e+00 2.798573e+01 -7.460623e+00
      vertex   -1.136526e+00 2.803295e+01 -7.447218e+00
      vertex   -1.462948e-01 2.700641e+01 -1.996972e+00
    endloop
  endfacet
  facet normal 7.071482e-01 7.070498e-01 4.692241e-03
    outer loop
      vertex   -1.462948e-01 2.700641e+01 -1.996972e+00
      vertex   -1.041337e+00 2.793791e+01 -7.471695e+00
      vertex   -1.089224e+00 2.798573e+01 -7.460623e+00
    endloop
  endfacet
  facet normal 7.071381e-01 7.070598e-01 4.695597e-03
    outer loop
      vertex   -1.462948e-01 2.700641e+01 -1.996972e+00
      vertex   -9.929796e-01 2.788960e+01 -7.480407e+00
      vertex   -1.041337e+00 2.793791e+01 -7.471695e+00
    endloop
  endfacet
  facet normal 7.071461e-01 7.070519e-01 4.693090e-03
    outer loop
      vertex   -9.442688e-01 2.784093e+01 -7.486739e+00
      vertex   -9.929796e-01 2.788960e+01 -7.480407e+00
      vertex   -1.462948e-01 2.700641e+01 -1.996972e+00
    endloop
  endfacet
  facet normal 7.071450e-01 7.070529e-01 4.693405e-03
    outer loop
      vertex   -1.462948e-01 2.700641e+01 -1.996972e+00
      vertex   -8.953218e-01 2.779200e+01 -7.490674e+00
      vertex   -9.442688e-01 2.784093e+01 -7.486739e+00
    endloop
  endfacet
  facet normal 7.071440e-01 7.070540e-01 4.693701e-03
    outer loop
      vertex   -1.462948e-01 2.700641e+01 -1.996972e+00
      vertex   -8.462567e-01 2.774294e+01 -7.492204e+00
      vertex   -8.953218e-01 2.779200e+01 -7.490674e+00
    endloop
  endfacet
  facet normal 7.071434e-01 7.070546e-01 4.693857e-03
    outer loop
      vertex   -1.462929e-01 2.704292e+01 -7.496851e+00
      vertex   -8.462567e-01 2.774294e+01 -7.492204e+00
      vertex   -1.462948e-01 2.700641e+01 -1.996972e+00
    endloop
  endfacet
  facet normal -7.503714e-01 6.608901e-01 -1.292155e-02
    outer loop
      vertex   -1.845904e+00 2.873619e+01 -6.510131e+00
      vertex   -1.846205e+00 2.873531e+01 -6.537931e+00
      vertex   -1.846205e+00 2.873633e+01 -6.485588e+00
    endloop
  endfacet
  facet normal -3.454088e-02 9.989087e-01 -3.143795e-02
    outer loop
      vertex   -1.845001e+00 2.873545e+01 -6.534662e+00
      vertex   -1.846205e+00 2.873531e+01 -6.537931e+00
      vertex   -1.845904e+00 2.873619e+01 -6.510131e+00
    endloop
  endfacet
  facet normal 2.454192e-02 9.982834e-01 -5.317843e-02
    outer loop
      vertex   -1.843496e+00 2.873411e+01 -6.559169e+00
      vertex   -1.846205e+00 2.873531e+01 -6.537931e+00
      vertex   -1.845001e+00 2.873545e+01 -6.534662e+00
    endloop
  endfacet
  facet normal -1.211654e-01 9.900680e-01 -7.130419e-02
    outer loop
      vertex   -1.843496e+00 2.873411e+01 -6.559169e+00
      vertex   -1.846205e+00 2.873155e+01 -6.590150e+00
      vertex   -1.846205e+00 2.873531e+01 -6.537931e+00
    endloop
  endfacet
  facet normal -1.885895e-02 9.965529e-01 -8.078819e-02
    outer loop
      vertex   -1.841390e+00 2.873217e+01 -6.583635e+00
      vertex   -1.846205e+00 2.873155e+01 -6.590150e+00
      vertex   -1.843496e+00 2.873411e+01 -6.559169e+00
    endloop
  endfacet
  facet normal 1.067637e-02 9.946821e-01 -1.024382e-01
    outer loop
      vertex   -1.838685e+00 2.872962e+01 -6.608046e+00
      vertex   -1.846205e+00 2.873155e+01 -6.590150e+00
      vertex   -1.841390e+00 2.873217e+01 -6.583635e+00
    endloop
  endfacet
  facet normal -4.107654e-02 9.914518e-01 -1.238391e-01
    outer loop
      vertex   -1.838685e+00 2.872962e+01 -6.608046e+00
      vertex   -1.846206e+00 2.872506e+01 -6.642101e+00
      vertex   -1.846205e+00 2.873155e+01 -6.590150e+00
    endloop
  endfacet
  facet normal -1.383567e-02 9.914367e-01 -1.298528e-01
    outer loop
      vertex   -1.835382e+00 2.872648e+01 -6.632387e+00
      vertex   -1.846206e+00 2.872506e+01 -6.642101e+00
      vertex   -1.838685e+00 2.872962e+01 -6.608046e+00
    endloop
  endfacet
  facet normal 5.875250e-03 9.884583e-01 -1.513789e-01
    outer loop
      vertex   -1.831483e+00 2.872274e+01 -6.656644e+00
      vertex   -1.846206e+00 2.872506e+01 -6.642101e+00
      vertex   -1.835382e+00 2.872648e+01 -6.632387e+00
    endloop
  endfacet
  facet normal -1.877480e-02 9.842707e-01 -1.756666e-01
    outer loop
      vertex   -1.831483e+00 2.872274e+01 -6.656644e+00
      vertex   -1.846206e+00 2.871586e+01 -6.693640e+00
      vertex   -1.846206e+00 2.872506e+01 -6.642101e+00
    endloop
  endfacet
  facet normal -1.133809e-02 9.838654e-01 -1.785506e-01
    outer loop
      vertex   -1.826991e+00 2.871841e+01 -6.680801e+00
      vertex   -1.846206e+00 2.871586e+01 -6.693640e+00
      vertex   -1.831483e+00 2.872274e+01 -6.656644e+00
    endloop
  endfacet
  facet normal 3.473824e-03 9.798076e-01 -1.999125e-01
    outer loop
      vertex   -1.821908e+00 2.871349e+01 -6.704846e+00
      vertex   -1.846206e+00 2.871586e+01 -6.693640e+00
      vertex   -1.826991e+00 2.871841e+01 -6.680801e+00
    endloop
  endfacet
  facet normal -9.589735e-03 9.738528e-01 -2.269775e-01
    outer loop
      vertex   -1.821908e+00 2.871349e+01 -6.704846e+00
      vertex   -1.846207e+00 2.870397e+01 -6.744627e+00
      vertex   -1.846206e+00 2.871586e+01 -6.693640e+00
    endloop
  endfacet
  facet normal -9.838609e-03 9.738840e-01 -2.268329e-01
    outer loop
      vertex   -1.816238e+00 2.870797e+01 -6.728761e+00
      vertex   -1.846207e+00 2.870397e+01 -6.744627e+00
      vertex   -1.821908e+00 2.871349e+01 -6.704846e+00
    endloop
  endfacet
  facet normal 2.018775e-03 9.687728e-01 -2.479421e-01
    outer loop
      vertex   -1.809983e+00 2.870188e+01 -6.752535e+00
      vertex   -1.846207e+00 2.870397e+01 -6.744627e+00
      vertex   -1.816238e+00 2.870797e+01 -6.728761e+00
    endloop
  endfacet
  facet normal -3.886256e-03 9.619547e-01 -2.731814e-01
    outer loop
      vertex   -1.803148e+00 2.869520e+01 -6.776152e+00
      vertex   -1.846207e+00 2.870397e+01 -6.744627e+00
      vertex   -1.809983e+00 2.870188e+01 -6.752535e+00
    endloop
  endfacet
  facet normal -7.415311e-03 9.606565e-01 -2.776402e-01
    outer loop
      vertex   -1.803148e+00 2.869520e+01 -6.776152e+00
      vertex   -1.846207e+00 2.868944e+01 -6.794923e+00
      vertex   -1.846207e+00 2.870397e+01 -6.744627e+00
    endloop
  endfacet
  facet normal 1.032917e-03 9.553733e-01 -2.953994e-01
    outer loop
      vertex   -1.795736e+00 2.868794e+01 -6.799597e+00
      vertex   -1.846207e+00 2.868944e+01 -6.794923e+00
      vertex   -1.803148e+00 2.869520e+01 -6.776152e+00
    endloop
  endfacet
  facet normal -1.428188e-03 9.475931e-01 -3.194766e-01
    outer loop
      vertex   -1.787752e+00 2.868011e+01 -6.822858e+00
      vertex   -1.846207e+00 2.868944e+01 -6.794923e+00
      vertex   -1.795736e+00 2.868794e+01 -6.799597e+00
    endloop
  endfacet
  facet normal -5.722660e-03 9.448210e-01 -3.275371e-01
    outer loop
      vertex   -1.787752e+00 2.868011e+01 -6.822858e+00
      vertex   -1.846208e+00 2.867229e+01 -6.844389e+00
      vertex   -1.846207e+00 2.868944e+01 -6.794923e+00
    endloop
  endfacet
  facet normal 3.303227e-04 9.396640e-01 -3.420986e-01
    outer loop
      vertex   -1.779201e+00 2.867171e+01 -6.845920e+00
      vertex   -1.846208e+00 2.867229e+01 -6.844389e+00
      vertex   -1.787752e+00 2.868011e+01 -6.822858e+00
    endloop
  endfacet
  facet normal -2.746676e-04 9.309090e-01 -3.652510e-01
    outer loop
      vertex   -1.770089e+00 2.866275e+01 -6.868768e+00
      vertex   -1.846208e+00 2.867229e+01 -6.844389e+00
      vertex   -1.779201e+00 2.867171e+01 -6.845920e+00
    endloop
  endfacet
  facet normal -4.455420e-03 9.263912e-01 -3.765362e-01
    outer loop
      vertex   -1.770089e+00 2.866275e+01 -6.868768e+00
      vertex   -1.846209e+00 2.865258e+01 -6.892890e+00
      vertex   -1.846208e+00 2.867229e+01 -6.844389e+00
    endloop
  endfacet
  facet normal -2.025414e-04 9.216729e-01 -3.879677e-01
    outer loop
      vertex   -1.760419e+00 2.865323e+01 -6.891390e+00
      vertex   -1.846209e+00 2.865258e+01 -6.892890e+00
      vertex   -1.770089e+00 2.866275e+01 -6.868768e+00
    endloop
  endfacet
  facet normal 2.620947e-04 9.119394e-01 -4.103248e-01
    outer loop
      vertex   -1.750199e+00 2.864315e+01 -6.913771e+00
      vertex   -1.846209e+00 2.865258e+01 -6.892890e+00
      vertex   -1.760419e+00 2.865323e+01 -6.891390e+00
    endloop
  endfacet
  facet normal -3.460338e-03 9.054217e-01 -4.244991e-01
    outer loop
      vertex   -1.750199e+00 2.864315e+01 -6.913771e+00
      vertex   -1.846211e+00 2.863035e+01 -6.940292e+00
      vertex   -1.846209e+00 2.865258e+01 -6.892890e+00
    endloop
  endfacet
  facet normal -6.122656e-04 9.014462e-01 -4.328907e-01
    outer loop
      vertex   -1.739435e+00 2.863254e+01 -6.935898e+00
      vertex   -1.846211e+00 2.863035e+01 -6.940292e+00
      vertex   -1.750199e+00 2.864315e+01 -6.913771e+00
    endloop
  endfacet
  facet normal 4.935922e-04 8.907677e-01 -4.544587e-01
    outer loop
      vertex   -1.728132e+00 2.862138e+01 -6.957758e+00
      vertex   -1.846211e+00 2.863035e+01 -6.940292e+00
      vertex   -1.739435e+00 2.863254e+01 -6.935898e+00
    endloop
  endfacet
  facet normal -2.670077e-03 8.819587e-01 -4.713191e-01
    outer loop
      vertex   -1.728132e+00 2.862138e+01 -6.957758e+00
      vertex   -1.846212e+00 2.860568e+01 -6.986466e+00
      vertex   -1.846211e+00 2.863035e+01 -6.940292e+00
    endloop
  endfacet
  facet normal -9.537642e-04 8.790252e-01 -4.767743e-01
    outer loop
      vertex   -1.716299e+00 2.860969e+01 -6.979337e+00
      vertex   -1.846212e+00 2.860568e+01 -6.986466e+00
      vertex   -1.728132e+00 2.862138e+01 -6.957758e+00
    endloop
  endfacet
  facet normal 5.450902e-04 8.674248e-01 -4.975680e-01
    outer loop
      vertex   -1.703941e+00 2.859747e+01 -7.000624e+00
      vertex   -1.846212e+00 2.860568e+01 -6.986466e+00
      vertex   -1.716299e+00 2.860969e+01 -6.979337e+00
    endloop
  endfacet
  facet normal -2.025723e-03 8.560874e-01 -5.168270e-01
    outer loop
      vertex   -1.703941e+00 2.859747e+01 -7.000624e+00
      vertex   -1.846213e+00 2.857862e+01 -7.031286e+00
      vertex   -1.846212e+00 2.860568e+01 -6.986466e+00
    endloop
  endfacet
  facet normal -1.236514e-03 8.544720e-01 -5.194960e-01
    outer loop
      vertex   -1.691067e+00 2.858473e+01 -7.021603e+00
      vertex   -1.846213e+00 2.857862e+01 -7.031286e+00
      vertex   -1.703941e+00 2.859747e+01 -7.000624e+00
    endloop
  endfacet
  facet normal 5.076702e-04 8.419568e-01 -5.395447e-01
    outer loop
      vertex   -1.677683e+00 2.857148e+01 -7.042264e+00
      vertex   -1.846213e+00 2.857862e+01 -7.031286e+00
      vertex   -1.691067e+00 2.858473e+01 -7.021603e+00
    endloop
  endfacet
  facet normal -1.481446e-03 8.278681e-01 -5.609209e-01
    outer loop
      vertex   -1.677683e+00 2.857148e+01 -7.042264e+00
      vertex   -1.846215e+00 2.854925e+01 -7.074628e+00
      vertex   -1.846213e+00 2.857862e+01 -7.031286e+00
    endloop
  endfacet
  facet normal 1.051309e-03 8.217216e-01 -5.698882e-01
    outer loop
      vertex   -1.649423e+00 2.854349e+01 -7.082580e+00
      vertex   -1.846215e+00 2.854925e+01 -7.074628e+00
      vertex   -1.677683e+00 2.857148e+01 -7.042264e+00
    endloop
  endfacet
  facet normal -1.019621e-03 7.973775e-01 -6.034800e-01
    outer loop
      vertex   -1.649423e+00 2.854349e+01 -7.082580e+00
      vertex   -1.846216e+00 2.851766e+01 -7.116374e+00
      vertex   -1.846215e+00 2.854925e+01 -7.074628e+00
    endloop
  endfacet
  facet normal 6.649528e-04 7.926499e-01 -6.096768e-01
    outer loop
      vertex   -1.619227e+00 2.851355e+01 -7.121474e+00
      vertex   -1.846216e+00 2.851766e+01 -7.116374e+00
      vertex   -1.649423e+00 2.854349e+01 -7.082580e+00
    endloop
  endfacet
  facet normal -6.214511e-04 7.646996e-01 -6.443866e-01
    outer loop
      vertex   -1.619227e+00 2.851355e+01 -7.121474e+00
      vertex   -1.846218e+00 2.848392e+01 -7.156409e+00
      vertex   -1.846216e+00 2.851766e+01 -7.116374e+00
    endloop
  endfacet
  facet normal 3.320711e-04 7.616462e-01 -6.479930e-01
    outer loop
      vertex   -1.587169e+00 2.848173e+01 -7.158851e+00
      vertex   -1.846218e+00 2.848392e+01 -7.156409e+00
      vertex   -1.619227e+00 2.851355e+01 -7.121474e+00
    endloop
  endfacet
  facet normal -2.711994e-04 7.299245e-01 -6.835277e-01
    outer loop
      vertex   -1.587169e+00 2.848173e+01 -7.158851e+00
      vertex   -1.846220e+00 2.844814e+01 -7.194623e+00
      vertex   -1.846218e+00 2.848392e+01 -7.156409e+00
    endloop
  endfacet
  facet normal 3.779170e-05 7.288087e-01 -6.847174e-01
    outer loop
      vertex   -1.553327e+00 2.844812e+01 -7.194623e+00
      vertex   -1.846220e+00 2.844814e+01 -7.194623e+00
      vertex   -1.587169e+00 2.848173e+01 -7.158851e+00
    endloop
  endfacet
  facet normal 3.600431e-05 6.943390e-01 -7.196481e-01
    outer loop
      vertex   -1.517781e+00 2.841280e+01 -7.228703e+00
      vertex   -1.846220e+00 2.844814e+01 -7.194623e+00
      vertex   -1.553327e+00 2.844812e+01 -7.194623e+00
    endloop
  endfacet
  facet normal -2.090012e-04 6.931585e-01 -7.207851e-01
    outer loop
      vertex   -1.517781e+00 2.841280e+01 -7.228703e+00
      vertex   -1.846222e+00 2.841040e+01 -7.230913e+00
      vertex   -1.846220e+00 2.844814e+01 -7.194623e+00
    endloop
  endfacet
  facet normal 2.604611e-04 6.583074e-01 -7.527491e-01
    outer loop
      vertex   -1.480617e+00 2.837584e+01 -7.261008e+00
      vertex   -1.846222e+00 2.841040e+01 -7.230913e+00
      vertex   -1.517781e+00 2.841280e+01 -7.228703e+00
    endloop
  endfacet
  facet normal -3.752513e-04 6.544810e-01 -7.560783e-01
    outer loop
      vertex   -1.480617e+00 2.837584e+01 -7.261008e+00
      vertex   -1.846224e+00 2.837082e+01 -7.265177e+00
      vertex   -1.846222e+00 2.841040e+01 -7.230913e+00
    endloop
  endfacet
  facet normal 4.084428e-04 6.206874e-01 -7.840580e-01
    outer loop
      vertex   -1.441925e+00 2.833735e+01 -7.291462e+00
      vertex   -1.846224e+00 2.837082e+01 -7.265177e+00
      vertex   -1.480617e+00 2.837584e+01 -7.261008e+00
    endloop
  endfacet
  facet normal -4.845846e-04 6.140130e-01 -7.892957e-01
    outer loop
      vertex   -1.441925e+00 2.833735e+01 -7.291462e+00
      vertex   -1.846226e+00 2.832949e+01 -7.297324e+00
      vertex   -1.846224e+00 2.837082e+01 -7.265177e+00
    endloop
  endfacet
  facet normal 4.975875e-04 5.815367e-01 -8.135200e-01
    outer loop
      vertex   -1.401798e+00 2.829741e+01 -7.319989e+00
      vertex   -1.846226e+00 2.832949e+01 -7.297324e+00
      vertex   -1.441925e+00 2.833735e+01 -7.291462e+00
    endloop
  endfacet
  facet normal -5.491587e-04 5.718627e-01 -8.203491e-01
    outer loop
      vertex   -1.401798e+00 2.829741e+01 -7.319989e+00
      vertex   -1.846228e+00 2.828655e+01 -7.327263e+00
      vertex   -1.846226e+00 2.832949e+01 -7.297324e+00
    endloop
  endfacet
  facet normal 5.448114e-04 5.409582e-01 -8.410493e-01
    outer loop
      vertex   -1.360333e+00 2.825611e+01 -7.346523e+00
      vertex   -1.846228e+00 2.828655e+01 -7.327263e+00
      vertex   -1.401798e+00 2.829741e+01 -7.319989e+00
    endloop
  endfacet
  facet normal -5.787471e-04 5.281479e-01 -8.491522e-01
    outer loop
      vertex   -1.360333e+00 2.825611e+01 -7.346523e+00
      vertex   -1.846231e+00 2.824209e+01 -7.354913e+00
      vertex   -1.846228e+00 2.828655e+01 -7.327263e+00
    endloop
  endfacet
  facet normal 5.610435e-04 4.990697e-01 -8.665617e-01
    outer loop
      vertex   -1.317629e+00 2.821357e+01 -7.370999e+00
      vertex   -1.846231e+00 2.824209e+01 -7.354913e+00
      vertex   -1.360333e+00 2.825611e+01 -7.346523e+00
    endloop
  endfacet
  facet normal -5.832215e-04 4.829793e-01 -8.756316e-01
    outer loop
      vertex   -1.317629e+00 2.821357e+01 -7.370999e+00
      vertex   -1.846233e+00 2.819625e+01 -7.380199e+00
      vertex   -1.846231e+00 2.824209e+01 -7.354913e+00
    endloop
  endfacet
  facet normal 5.526300e-04 4.559466e-01 -8.900069e-01
    outer loop
      vertex   -1.273790e+00 2.816987e+01 -7.393357e+00
      vertex   -1.846233e+00 2.819625e+01 -7.380199e+00
      vertex   -1.317629e+00 2.821357e+01 -7.370999e+00
    endloop
  endfacet
  facet normal -5.663365e-04 4.365010e-01 -8.997036e-01
    outer loop
      vertex   -1.273790e+00 2.816987e+01 -7.393357e+00
      vertex   -1.846235e+00 2.814914e+01 -7.403052e+00
      vertex   -1.846233e+00 2.819625e+01 -7.380199e+00
    endloop
  endfacet
  facet normal 5.271726e-04 4.117247e-01 -9.113081e-01
    outer loop
      vertex   -1.228920e+00 2.812513e+01 -7.413545e+00
      vertex   -1.846235e+00 2.814914e+01 -7.403052e+00
      vertex   -1.273790e+00 2.816987e+01 -7.393357e+00
    endloop
  endfacet
  facet normal -5.349902e-04 3.887979e-01 -9.213229e-01
    outer loop
      vertex   -1.228920e+00 2.812513e+01 -7.413545e+00
      vertex   -1.846238e+00 2.810091e+01 -7.423407e+00
      vertex   -1.846235e+00 2.814914e+01 -7.403052e+00
    endloop
  endfacet
  facet normal 4.858609e-04 3.664834e-01 -9.304245e-01
    outer loop
      vertex   -1.183129e+00 2.807945e+01 -7.431513e+00
      vertex   -1.846238e+00 2.810091e+01 -7.423407e+00
      vertex   -1.228920e+00 2.812513e+01 -7.413545e+00
    endloop
  endfacet
  facet normal -4.913203e-04 3.400573e-01 -9.404046e-01
    outer loop
      vertex   -1.183129e+00 2.807945e+01 -7.431513e+00
      vertex   -1.846241e+00 2.805168e+01 -7.441210e+00
      vertex   -1.846238e+00 2.810091e+01 -7.423407e+00
    endloop
  endfacet
  facet normal 4.346770e-04 3.203559e-01 -9.472972e-01
    outer loop
      vertex   -1.136526e+00 2.803295e+01 -7.447218e+00
      vertex   -1.846241e+00 2.805168e+01 -7.441210e+00
      vertex   -1.183129e+00 2.807945e+01 -7.431513e+00
    endloop
  endfacet
  facet normal -4.379215e-04 2.903759e-01 -9.569126e-01
    outer loop
      vertex   -1.136526e+00 2.803295e+01 -7.447218e+00
      vertex   -1.846243e+00 2.800158e+01 -7.456413e+00
      vertex   -1.846241e+00 2.805168e+01 -7.441210e+00
    endloop
  endfacet
  facet normal 3.749804e-04 2.734424e-01 -9.618883e-01
    outer loop
      vertex   -1.089224e+00 2.798573e+01 -7.460623e+00
      vertex   -1.846243e+00 2.800158e+01 -7.456413e+00
      vertex   -1.136526e+00 2.803295e+01 -7.447218e+00
    endloop
  endfacet
  facet normal -3.768829e-04 2.398987e-01 -9.707978e-01
    outer loop
      vertex   -1.089224e+00 2.798573e+01 -7.460623e+00
      vertex   -1.846246e+00 2.795075e+01 -7.468972e+00
      vertex   -1.846243e+00 2.800158e+01 -7.456413e+00
    endloop
  endfacet
  facet normal 3.092823e-04 2.258500e-01 -9.741620e-01
    outer loop
      vertex   -1.041337e+00 2.793791e+01 -7.471695e+00
      vertex   -1.846246e+00 2.795075e+01 -7.468972e+00
      vertex   -1.089224e+00 2.798573e+01 -7.460623e+00
    endloop
  endfacet
  facet normal -3.091818e-04 1.887626e-01 -9.820227e-01
    outer loop
      vertex   -1.041337e+00 2.793791e+01 -7.471695e+00
      vertex   -1.846248e+00 2.789934e+01 -7.478855e+00
      vertex   -1.846246e+00 2.795075e+01 -7.468972e+00
    endloop
  endfacet
  facet normal 2.381555e-04 1.777215e-01 -9.840808e-01
    outer loop
      vertex   -9.929796e-01 2.788960e+01 -7.480407e+00
      vertex   -1.846248e+00 2.789934e+01 -7.478855e+00
      vertex   -1.041337e+00 2.793791e+01 -7.471695e+00
    endloop
  endfacet
  facet normal -2.371348e-04 1.371066e-01 -9.905563e-01
    outer loop
      vertex   -9.929796e-01 2.788960e+01 -7.480407e+00
      vertex   -1.846251e+00 2.784748e+01 -7.486033e+00
      vertex   -1.846248e+00 2.789934e+01 -7.478855e+00
    endloop
  endfacet
  facet normal 1.622402e-04 1.291590e-01 -9.916239e-01
    outer loop
      vertex   -9.442688e-01 2.784093e+01 -7.486739e+00
      vertex   -1.846251e+00 2.784748e+01 -7.486033e+00
      vertex   -9.929796e-01 2.788960e+01 -7.480407e+00
    endloop
  endfacet
  facet normal -1.618105e-04 8.507009e-02 -9.963750e-01
    outer loop
      vertex   -9.442688e-01 2.784093e+01 -7.486739e+00
      vertex   -1.846254e+00 2.779532e+01 -7.490486e+00
      vertex   -1.846251e+00 2.784748e+01 -7.486033e+00
    endloop
  endfacet
  facet normal 8.348975e-05 8.025190e-02 -9.967746e-01
    outer loop
      vertex   -8.953218e-01 2.779200e+01 -7.490674e+00
      vertex   -1.846254e+00 2.779532e+01 -7.490486e+00
      vertex   -9.442688e-01 2.784093e+01 -7.486739e+00
    endloop
  endfacet
  facet normal -8.252083e-05 3.280902e-02 -9.994616e-01
    outer loop
      vertex   -8.953218e-01 2.779200e+01 -7.490674e+00
      vertex   -1.846257e+00 2.774299e+01 -7.492204e+00
      vertex   -1.846254e+00 2.779532e+01 -7.490486e+00
    endloop
  endfacet
  facet normal 1.616713e-06 3.117812e-02 -9.995138e-01
    outer loop
      vertex   -8.462567e-01 2.774294e+01 -7.492204e+00
      vertex   -1.846257e+00 2.774299e+01 -7.492204e+00
      vertex   -8.953218e-01 2.779200e+01 -7.490674e+00
    endloop
  endfacet
  facet normal -9.284932e-07 -1.790589e-02 -9.998397e-01
    outer loop
      vertex   -8.945180e-01 4.329352e+01 -7.387771e+00
      vertex   -1.845448e+00 4.334265e+01 -7.388649e+00
      vertex   -8.454478e-01 4.334260e+01 -7.388649e+00
    endloop
  endfacet
  facet normal -8.523520e-05 -1.953733e-02 -9.998091e-01
    outer loop
      vertex   -8.945180e-01 4.329352e+01 -7.387771e+00
      vertex   -1.845450e+00 4.329030e+01 -7.387627e+00
      vertex   -1.845448e+00 4.334265e+01 -7.388649e+00
    endloop
  endfacet
  facet normal 7.585353e-05 -6.701172e-02 -9.977522e-01
    outer loop
      vertex   -9.434700e-01 4.324455e+01 -7.384485e+00
      vertex   -1.845450e+00 4.329030e+01 -7.387627e+00
      vertex   -8.945180e-01 4.329352e+01 -7.387771e+00
    endloop
  endfacet
  facet normal -1.699466e-04 -7.183477e-02 -9.974165e-01
    outer loop
      vertex   -9.434700e-01 4.324455e+01 -7.384485e+00
      vertex   -1.845453e+00 4.323808e+01 -7.383866e+00
      vertex   -1.845450e+00 4.329030e+01 -7.387627e+00
    endloop
  endfacet
  facet normal 1.495286e-04 -1.159829e-01 -9.932512e-01
    outer loop
      vertex   -9.921859e-01 4.319580e+01 -7.378800e+00
      vertex   -1.845453e+00 4.323808e+01 -7.383866e+00
      vertex   -9.434700e-01 4.324455e+01 -7.384485e+00
    endloop
  endfacet
  facet normal -2.506713e-04 -1.239439e-01 -9.922892e-01
    outer loop
      vertex   -9.921859e-01 4.319580e+01 -7.378800e+00
      vertex   -1.845456e+00 4.318613e+01 -7.377377e+00
      vertex   -1.845453e+00 4.323808e+01 -7.383866e+00
    endloop
  endfacet
  facet normal 2.204026e-04 -1.646413e-01 -9.863535e-01
    outer loop
      vertex   -1.040548e+00 4.314739e+01 -7.370730e+00
      vertex   -1.845456e+00 4.318613e+01 -7.377377e+00
      vertex   -9.921859e-01 4.319580e+01 -7.378800e+00
    endloop
  endfacet
  facet normal -3.280811e-04 -1.757087e-01 -9.844421e-01
    outer loop
      vertex   -1.040548e+00 4.314739e+01 -7.370730e+00
      vertex   -1.845458e+00 4.313459e+01 -7.368178e+00
      vertex   -1.845456e+00 4.318613e+01 -7.377377e+00
    endloop
  endfacet
  facet normal 2.865314e-04 -2.128972e-01 -9.770746e-01
    outer loop
      vertex   -1.088441e+00 4.309943e+01 -7.360294e+00
      vertex   -1.845458e+00 4.313459e+01 -7.368178e+00
      vertex   -1.040548e+00 4.314739e+01 -7.370730e+00
    endloop
  endfacet
  facet normal -4.010930e-04 -2.269893e-01 -9.738972e-01
    outer loop
      vertex   -1.088441e+00 4.309943e+01 -7.360294e+00
      vertex   -1.845461e+00 4.308361e+01 -7.356294e+00
      vertex   -1.845458e+00 4.313459e+01 -7.368178e+00
    endloop
  endfacet
  facet normal 3.472856e-04 -2.606483e-01 -9.654337e-01
    outer loop
      vertex   -1.135748e+00 4.305205e+01 -7.347518e+00
      vertex   -1.845461e+00 4.308361e+01 -7.356294e+00
      vertex   -1.088441e+00 4.309943e+01 -7.360294e+00
    endloop
  endfacet
  facet normal -4.673758e-04 -2.776463e-01 -9.606832e-01
    outer loop
      vertex   -1.135748e+00 4.305205e+01 -7.347518e+00
      vertex   -1.845464e+00 4.303331e+01 -7.341758e+00
      vertex   -1.845461e+00 4.308361e+01 -7.356294e+00
    endloop
  endfacet
  facet normal 4.021070e-04 -3.077515e-01 -9.514667e-01
    outer loop
      vertex   -1.182355e+00 4.300534e+01 -7.332431e+00
      vertex   -1.845464e+00 4.303331e+01 -7.341758e+00
      vertex   -1.135748e+00 4.305205e+01 -7.347518e+00
    endloop
  endfacet
  facet normal -5.259381e-04 -3.275425e-01 -9.448363e-01
    outer loop
      vertex   -1.182355e+00 4.300534e+01 -7.332431e+00
      vertex   -1.845466e+00 4.298385e+01 -7.324610e+00
      vertex   -1.845464e+00 4.303331e+01 -7.341758e+00
    endloop
  endfacet
  facet normal 4.484958e-04 -3.540989e-01 -9.352079e-01
    outer loop
      vertex   -1.228151e+00 4.295943e+01 -7.315071e+00
      vertex   -1.845466e+00 4.298385e+01 -7.324610e+00
      vertex   -1.182355e+00 4.300534e+01 -7.332431e+00
    endloop
  endfacet
  facet normal -5.746757e-04 -3.765322e-01 -9.264034e-01
    outer loop
      vertex   -1.228151e+00 4.295943e+01 -7.315071e+00
      vertex   -1.845469e+00 4.293535e+01 -7.304897e+00
      vertex   -1.845466e+00 4.298385e+01 -7.324610e+00
    endloop
  endfacet
  facet normal 4.851027e-04 -3.995900e-01 -9.166938e-01
    outer loop
      vertex   -1.273025e+00 4.291443e+01 -7.295479e+00
      vertex   -1.845469e+00 4.293535e+01 -7.304897e+00
      vertex   -1.228151e+00 4.295943e+01 -7.315071e+00
    endloop
  endfacet
  facet normal -6.109838e-04 -4.245180e-01 -9.054193e-01
    outer loop
      vertex   -1.273025e+00 4.291443e+01 -7.295479e+00
      vertex   -1.845471e+00 4.288794e+01 -7.282672e+00
      vertex   -1.845469e+00 4.293535e+01 -7.304897e+00
    endloop
  endfacet
  facet normal 5.059594e-04 -4.440908e-01 -8.959816e-01
    outer loop
      vertex   -1.316869e+00 4.287045e+01 -7.273703e+00
      vertex   -1.845471e+00 4.288794e+01 -7.282672e+00
      vertex   -1.273025e+00 4.291443e+01 -7.295479e+00
    endloop
  endfacet
  facet normal -6.327054e-04 -4.713118e-01 -8.819664e-01
    outer loop
      vertex   -1.316869e+00 4.287045e+01 -7.273703e+00
      vertex   -1.845474e+00 4.284177e+01 -7.257997e+00
      vertex   -1.845471e+00 4.288794e+01 -7.282672e+00
    endloop
  endfacet
  facet normal 5.098847e-04 -4.875213e-01 -8.731109e-01
    outer loop
      vertex   -1.359577e+00 4.282759e+01 -7.249794e+00
      vertex   -1.845474e+00 4.284177e+01 -7.257997e+00
      vertex   -1.316869e+00 4.287045e+01 -7.273703e+00
    endloop
  endfacet
  facet normal -6.329334e-04 -5.168280e-01 -8.560890e-01
    outer loop
      vertex   -1.359577e+00 4.282759e+01 -7.249794e+00
      vertex   -1.845476e+00 4.279695e+01 -7.230939e+00
      vertex   -1.845474e+00 4.284177e+01 -7.257997e+00
    endloop
  endfacet
  facet normal 4.892911e-04 -5.297449e-01 -8.481569e-01
    outer loop
      vertex   -1.401047e+00 4.278595e+01 -7.223811e+00
      vertex   -1.845476e+00 4.279695e+01 -7.230939e+00
      vertex   -1.359577e+00 4.282759e+01 -7.249794e+00
    endloop
  endfacet
  facet normal -6.078982e-04 -5.609214e-01 -8.278689e-01
    outer loop
      vertex   -1.401047e+00 4.278595e+01 -7.223811e+00
      vertex   -1.845478e+00 4.275361e+01 -7.201573e+00
      vertex   -1.845476e+00 4.279695e+01 -7.230939e+00
    endloop
  endfacet
  facet normal 4.378401e-04 -5.706853e-01 -8.211688e-01
    outer loop
      vertex   -1.441178e+00 4.274563e+01 -7.195816e+00
      vertex   -1.845478e+00 4.275361e+01 -7.201573e+00
      vertex   -1.401047e+00 4.278595e+01 -7.223811e+00
    endloop
  endfacet
  facet normal -5.477166e-04 -6.034802e-01 -7.973778e-01
    outer loop
      vertex   -1.441178e+00 4.274563e+01 -7.195816e+00
      vertex   -1.845480e+00 4.271186e+01 -7.169978e+00
      vertex   -1.845478e+00 4.275361e+01 -7.201573e+00
    endloop
  endfacet
  facet normal 3.446151e-04 -6.102237e-01 -7.922291e-01
    outer loop
      vertex   -1.479874e+00 4.270674e+01 -7.165876e+00
      vertex   -1.845480e+00 4.271186e+01 -7.169978e+00
      vertex   -1.441178e+00 4.274563e+01 -7.195816e+00
    endloop
  endfacet
  facet normal -4.426028e-04 -6.443857e-01 -7.647005e-01
    outer loop
      vertex   -1.479874e+00 4.270674e+01 -7.165876e+00
      vertex   -1.845482e+00 4.267183e+01 -7.136242e+00
      vertex   -1.845480e+00 4.271186e+01 -7.169978e+00
    endloop
  endfacet
  facet normal 1.927105e-04 -6.482560e-01 -7.614224e-01
    outer loop
      vertex   -1.517042e+00 4.266937e+01 -7.134064e+00
      vertex   -1.845482e+00 4.267183e+01 -7.136242e+00
      vertex   -1.479874e+00 4.270674e+01 -7.165876e+00
    endloop
  endfacet
  facet normal -2.803880e-04 -6.835283e-01 -7.299240e-01
    outer loop
      vertex   -1.517042e+00 4.266937e+01 -7.134064e+00
      vertex   -1.845484e+00 4.263361e+01 -7.100456e+00
      vertex   -1.845482e+00 4.267183e+01 -7.136242e+00
    endloop
  endfacet
  facet normal -3.550572e-05 -6.847238e-01 -7.288026e-01
    outer loop
      vertex   -1.552591e+00 4.263360e+01 -7.100456e+00
      vertex   -1.845484e+00 4.263361e+01 -7.100456e+00
      vertex   -1.517042e+00 4.266937e+01 -7.134064e+00
    endloop
  endfacet
  facet normal -3.731700e-05 -7.196542e-01 -6.943327e-01
    outer loop
      vertex   -1.586437e+00 4.259952e+01 -7.065134e+00
      vertex   -1.845484e+00 4.263361e+01 -7.100456e+00
      vertex   -1.552591e+00 4.263360e+01 -7.100456e+00
    endloop
  endfacet
  facet normal -3.464246e-04 -7.207857e-01 -6.931579e-01
    outer loop
      vertex   -1.586437e+00 4.259952e+01 -7.065134e+00
      vertex   -1.845486e+00 4.259732e+01 -7.062721e+00
      vertex   -1.845484e+00 4.263361e+01 -7.100456e+00
    endloop
  endfacet
  facet normal 2.535318e-04 -7.529764e-01 -6.580474e-01
    outer loop
      vertex   -1.618498e+00 4.256721e+01 -7.028182e+00
      vertex   -1.845486e+00 4.259732e+01 -7.062721e+00
      vertex   -1.586437e+00 4.259952e+01 -7.065134e+00
    endloop
  endfacet
  facet normal -7.003096e-04 -7.560774e-01 -6.544819e-01
    outer loop
      vertex   -1.618498e+00 4.256721e+01 -7.028182e+00
      vertex   -1.845488e+00 4.256306e+01 -7.023137e+00
      vertex   -1.845486e+00 4.259732e+01 -7.062721e+00
    endloop
  endfacet
  facet normal 5.831719e-04 -7.844860e-01 -6.201462e-01
    outer loop
      vertex   -1.648697e+00 4.253676e+01 -6.989689e+00
      vertex   -1.845488e+00 4.256306e+01 -7.023137e+00
      vertex   -1.618498e+00 4.256721e+01 -7.028182e+00
    endloop
  endfacet
  facet normal -1.101896e-03 -7.892953e-01 -6.140128e-01
    outer loop
      vertex   -1.648697e+00 4.253676e+01 -6.989689e+00
      vertex   -1.845490e+00 4.253091e+01 -6.981814e+00
      vertex   -1.845488e+00 4.256306e+01 -7.023137e+00
    endloop
  endfacet
  facet normal 9.664857e-04 -8.140834e-01 -5.807471e-01
    outer loop
      vertex   -1.676961e+00 4.250824e+01 -6.949748e+00
      vertex   -1.845490e+00 4.253091e+01 -6.981814e+00
      vertex   -1.648697e+00 4.253676e+01 -6.989689e+00
    endloop
  endfacet
  facet normal -1.566913e-03 -8.203482e-01 -5.718621e-01
    outer loop
      vertex   -1.676961e+00 4.250824e+01 -6.949748e+00
      vertex   -1.845491e+00 4.250097e+01 -6.938866e+00
      vertex   -1.845490e+00 4.253091e+01 -6.981814e+00
    endloop
  endfacet
  facet normal 4.207277e-04 -8.347197e-01 -5.506749e-01
    outer loop
      vertex   -1.690345e+00 4.249472e+01 -6.929265e+00
      vertex   -1.845491e+00 4.250097e+01 -6.938866e+00
      vertex   -1.676961e+00 4.250824e+01 -6.949748e+00
    endloop
  endfacet
  facet normal -1.324768e-03 -8.474997e-01 -5.307941e-01
    outer loop
      vertex   -1.703221e+00 4.248170e+01 -6.908457e+00
      vertex   -1.845491e+00 4.250097e+01 -6.938866e+00
      vertex   -1.690345e+00 4.249472e+01 -6.929265e+00
    endloop
  endfacet
  facet normal -2.114146e-03 -8.491504e-01 -5.281469e-01
    outer loop
      vertex   -1.703221e+00 4.248170e+01 -6.908457e+00
      vertex   -1.845493e+00 4.247332e+01 -6.894409e+00
      vertex   -1.845491e+00 4.250097e+01 -6.938866e+00
    endloop
  endfacet
  facet normal 4.554776e-04 -8.607427e-01 -5.090400e-01
    outer loop
      vertex   -1.715580e+00 4.246921e+01 -6.887334e+00
      vertex   -1.845493e+00 4.247332e+01 -6.894409e+00
      vertex   -1.703221e+00 4.248170e+01 -6.908457e+00
    endloop
  endfacet
  facet normal -1.044594e-03 -8.726180e-01 -4.884021e-01
    outer loop
      vertex   -1.727415e+00 4.245723e+01 -6.865912e+00
      vertex   -1.845493e+00 4.247332e+01 -6.894409e+00
      vertex   -1.715580e+00 4.246921e+01 -6.887334e+00
    endloop
  endfacet
  facet normal -2.761215e-03 -8.756235e-01 -4.829863e-01
    outer loop
      vertex   -1.727415e+00 4.245723e+01 -6.865912e+00
      vertex   -1.845494e+00 4.244803e+01 -6.848566e+00
      vertex   -1.845493e+00 4.247332e+01 -6.894409e+00
    endloop
  endfacet
  facet normal 4.015292e-04 -8.846558e-01 -4.662445e-01
    outer loop
      vertex   -1.738719e+00 4.244578e+01 -6.844202e+00
      vertex   -1.845494e+00 4.244803e+01 -6.848566e+00
      vertex   -1.727415e+00 4.245723e+01 -6.865912e+00
    endloop
  endfacet
  facet normal -7.054508e-04 -8.956196e-01 -4.448201e-01
    outer loop
      vertex   -1.749484e+00 4.243487e+01 -6.822218e+00
      vertex   -1.845494e+00 4.244803e+01 -6.848566e+00
      vertex   -1.738719e+00 4.244578e+01 -6.844202e+00
    endloop
  endfacet
  facet normal -3.553942e-03 -8.997060e-01 -4.364820e-01
    outer loop
      vertex   -1.749484e+00 4.243487e+01 -6.822218e+00
      vertex   -1.845495e+00 4.242518e+01 -6.801463e+00
      vertex   -1.845494e+00 4.244803e+01 -6.848566e+00
    endloop
  endfacet
  facet normal 1.678058e-04 -9.064116e-01 -4.223955e-01
    outer loop
      vertex   -1.759705e+00 4.242450e+01 -6.799972e+00
      vertex   -1.845495e+00 4.242518e+01 -6.801463e+00
      vertex   -1.749484e+00 4.243487e+01 -6.822218e+00
    endloop
  endfacet
  facet normal -2.978551e-04 -9.164410e-01 -4.001696e-01
    outer loop
      vertex   -1.769375e+00 4.241469e+01 -6.777479e+00
      vertex   -1.845495e+00 4.242518e+01 -6.801463e+00
      vertex   -1.759705e+00 4.242450e+01 -6.799972e+00
    endloop
  endfacet
  facet normal -4.551230e-03 -9.213102e-01 -3.888017e-01
    outer loop
      vertex   -1.769375e+00 4.241469e+01 -6.777479e+00
      vertex   -1.845496e+00 4.240483e+01 -6.753229e+00
      vertex   -1.845495e+00 4.242518e+01 -6.801463e+00
    endloop
  endfacet
  facet normal -3.709547e-04 -9.259779e-01 -3.775775e-01
    outer loop
      vertex   -1.778489e+00 4.240542e+01 -6.754752e+00
      vertex   -1.845496e+00 4.240483e+01 -6.753229e+00
      vertex   -1.769375e+00 4.241469e+01 -6.777479e+00
    endloop
  endfacet
  facet normal 2.331117e-04 -9.350395e-01 -3.545434e-01
    outer loop
      vertex   -1.787041e+00 4.239672e+01 -6.731804e+00
      vertex   -1.845496e+00 4.240483e+01 -6.753229e+00
      vertex   -1.778489e+00 4.240542e+01 -6.754752e+00
    endloop
  endfacet
  facet normal -5.820416e-03 -9.403887e-01 -3.400517e-01
    outer loop
      vertex   -1.787041e+00 4.239672e+01 -6.731804e+00
      vertex   -1.845497e+00 4.238702e+01 -6.703995e+00
      vertex   -1.845496e+00 4.240483e+01 -6.753229e+00
    endloop
  endfacet
  facet normal -1.526237e-03 -9.432681e-01 -3.320287e-01
    outer loop
      vertex   -1.795025e+00 4.238858e+01 -6.708649e+00
      vertex   -1.845497e+00 4.238702e+01 -6.703995e+00
      vertex   -1.787041e+00 4.239672e+01 -6.731804e+00
    endloop
  endfacet
  facet normal 9.340450e-04 -9.513675e-01 -3.080569e-01
    outer loop
      vertex   -1.802438e+00 4.238101e+01 -6.685302e+00
      vertex   -1.845497e+00 4.238702e+01 -6.703995e+00
      vertex   -1.795025e+00 4.238858e+01 -6.708649e+00
    endloop
  endfacet
  facet normal -7.514743e-03 -9.568851e-01 -2.903693e-01
    outer loop
      vertex   -1.802438e+00 4.238101e+01 -6.685302e+00
      vertex   -1.845498e+00 4.237182e+01 -6.653897e+00
      vertex   -1.845497e+00 4.238702e+01 -6.703995e+00
    endloop
  endfacet
  facet normal -3.985826e-03 -9.582428e-01 -2.859282e-01
    outer loop
      vertex   -1.809274e+00 4.237402e+01 -6.661776e+00
      vertex   -1.845498e+00 4.237182e+01 -6.653897e+00
      vertex   -1.802438e+00 4.238101e+01 -6.685302e+00
    endloop
  endfacet
  facet normal 1.918480e-03 -9.653959e-01 -2.607816e-01
    outer loop
      vertex   -1.815530e+00 4.236761e+01 -6.638085e+00
      vertex   -1.845498e+00 4.237182e+01 -6.653897e+00
      vertex   -1.809274e+00 4.237402e+01 -6.661776e+00
    endloop
  endfacet
  facet normal -9.939448e-03 -9.707857e-01 -2.397422e-01
    outer loop
      vertex   -1.821201e+00 4.236178e+01 -6.614245e+00
      vertex   -1.845498e+00 4.237182e+01 -6.653897e+00
      vertex   -1.815530e+00 4.236761e+01 -6.638085e+00
    endloop
  endfacet
  facet normal -9.690571e-03 -9.707526e-01 -2.398863e-01
    outer loop
      vertex   -1.821201e+00 4.236178e+01 -6.614245e+00
      vertex   -1.845499e+00 4.235926e+01 -6.603071e+00
      vertex   -1.845498e+00 4.237182e+01 -6.653897e+00
    endloop
  endfacet
  facet normal 3.372352e-03 -9.770676e-01 -2.129027e-01
    outer loop
      vertex   -1.826284e+00 4.235654e+01 -6.590268e+00
      vertex   -1.845499e+00 4.235926e+01 -6.603071e+00
      vertex   -1.821201e+00 4.236178e+01 -6.614245e+00
    endloop
  endfacet
  facet normal -1.144000e-02 -9.814071e-01 -1.915966e-01
    outer loop
      vertex   -1.830777e+00 4.235189e+01 -6.566170e+00
      vertex   -1.845499e+00 4.235926e+01 -6.603071e+00
      vertex   -1.826284e+00 4.235654e+01 -6.590268e+00
    endloop
  endfacet
  facet normal -1.887675e-02 -9.818498e-01 -1.887182e-01
    outer loop
      vertex   -1.830777e+00 4.235189e+01 -6.566170e+00
      vertex   -1.845499e+00 4.234938e+01 -6.551659e+00
      vertex   -1.845499e+00 4.235926e+01 -6.603071e+00
    endloop
  endfacet
  facet normal 5.772848e-03 -9.863621e-01 -1.644883e-01
    outer loop
      vertex   -1.834676e+00 4.234783e+01 -6.541965e+00
      vertex   -1.845499e+00 4.234938e+01 -6.551659e+00
      vertex   -1.830777e+00 4.235189e+01 -6.566170e+00
    endloop
  endfacet
  facet normal -1.393839e-02 -9.896240e-01 -1.430036e-01
    outer loop
      vertex   -1.837979e+00 4.234436e+01 -6.517668e+00
      vertex   -1.845499e+00 4.234938e+01 -6.551659e+00
      vertex   -1.834676e+00 4.234783e+01 -6.541965e+00
    endloop
  endfacet
  facet normal -4.117927e-02 -9.897160e-01 -1.369906e-01
    outer loop
      vertex   -1.837979e+00 4.234436e+01 -6.517668e+00
      vertex   -1.845500e+00 4.234220e+01 -6.499799e+00
      vertex   -1.845499e+00 4.234938e+01 -6.551659e+00
    endloop
  endfacet
  facet normal 1.057329e-02 -9.932356e-01 -1.156345e-01
    outer loop
      vertex   -1.840684e+00 4.234150e+01 -6.493293e+00
      vertex   -1.845500e+00 4.234220e+01 -6.499799e+00
      vertex   -1.837979e+00 4.234436e+01 -6.517668e+00
    endloop
  endfacet
  facet normal -1.896224e-02 -9.953905e-01 -9.401123e-02
    outer loop
      vertex   -1.842790e+00 4.233923e+01 -6.468854e+00
      vertex   -1.845500e+00 4.234220e+01 -6.499799e+00
      vertex   -1.840684e+00 4.234150e+01 -6.493293e+00
    endloop
  endfacet
  facet normal -1.212680e-01 -9.890216e-01 -8.444190e-02
    outer loop
      vertex   -1.842790e+00 4.233923e+01 -6.468854e+00
      vertex   -1.845500e+00 4.233775e+01 -6.447635e+00
      vertex   -1.845500e+00 4.234220e+01 -6.499799e+00
    endloop
  endfacet
  facet normal 2.443844e-02 -9.974920e-01 -6.642691e-02
    outer loop
      vertex   -1.844295e+00 4.233756e+01 -6.444368e+00
      vertex   -1.845500e+00 4.233775e+01 -6.447635e+00
      vertex   -1.842790e+00 4.233923e+01 -6.468854e+00
    endloop
  endfacet
  facet normal -3.464445e-02 -9.983997e-01 -4.469661e-02
    outer loop
      vertex   -1.845199e+00 4.233649e+01 -6.419848e+00
      vertex   -1.845500e+00 4.233775e+01 -6.447635e+00
      vertex   -1.844295e+00 4.233756e+01 -6.444368e+00
    endloop
  endfacet
  facet normal -7.504400e-01 -6.605825e-01 -2.169384e-02
    outer loop
      vertex   -1.845500e+00 4.233603e+01 -6.395310e+00
      vertex   -1.845500e+00 4.233775e+01 -6.447635e+00
      vertex   -1.845199e+00 4.233649e+01 -6.419848e+00
    endloop
  endfacet
  facet normal -1.000000e+00 5.185408e-05 -2.371767e-15
    outer loop
      vertex   -2.046464e+00 2.373902e+01 -6.906490e+00
      vertex   -2.046221e+00 2.843182e+01 -6.887618e+00
      vertex   -2.046443e+00 2.415403e+01 -7.316024e+00
    endloop
  endfacet
  facet normal -1.000000e+00 5.185408e-05 2.805702e-14
    outer loop
      vertex   -2.046443e+00 2.415403e+01 -7.316024e+00
      vertex   -2.046221e+00 2.843182e+01 -6.887618e+00
      vertex   -2.046222e+00 2.841018e+01 -6.923474e+00
    endloop
  endfacet
  facet normal -1.000000e+00 5.185408e-05 3.580971e-14
    outer loop
      vertex   -2.046443e+00 2.415403e+01 -7.316024e+00
      vertex   -2.046222e+00 2.841018e+01 -6.923474e+00
      vertex   -2.046223e+00 2.838668e+01 -6.958148e+00
    endloop
  endfacet
  facet normal -1.000000e+00 5.185408e-05 4.401280e-17
    outer loop
      vertex   -2.046468e+00 2.367413e+01 2.868735e+00
      vertex   -2.046194e+00 2.895475e+01 5.245921e-01
      vertex   -2.046464e+00 2.373902e+01 -6.906490e+00
    endloop
  endfacet
  facet normal -1.000000e+00 5.185408e-05 2.743057e-15
    outer loop
      vertex   -2.046464e+00 2.373902e+01 -6.906490e+00
      vertex   -2.046194e+00 2.895475e+01 5.245921e-01
      vertex   -2.046200e+00 2.883471e+01 1.783312e-01
    endloop
  endfacet
  facet normal -1.000000e+00 5.185408e-05 3.312739e-15
    outer loop
      vertex   -2.046464e+00 2.373902e+01 -6.906490e+00
      vertex   -2.046200e+00 2.883471e+01 1.783312e-01
      vertex   -2.046205e+00 2.873296e+01 -1.737378e-01
    endloop
  endfacet
  facet normal -1.000000e+00 5.185408e-05 -8.837667e-17
    outer loop
      vertex   -2.046112e+00 3.054038e+01 9.826748e+00
      vertex   -2.046084e+00 3.106506e+01 3.470112e+00
      vertex   -2.046468e+00 2.367413e+01 2.868735e+00
    endloop
  endfacet
  facet normal -1.000000e+00 5.185408e-05 1.110880e-15
    outer loop
      vertex   -2.046468e+00 2.367413e+01 2.868735e+00
      vertex   -2.046084e+00 3.106506e+01 3.470112e+00
      vertex   -2.046099e+00 3.078798e+01 3.230259e+00
    endloop
  endfacet
  facet normal -1.000000e+00 5.185408e-05 3.671930e-15
    outer loop
      vertex   -2.046468e+00 2.367413e+01 2.868735e+00
      vertex   -2.046099e+00 3.078798e+01 3.230259e+00
      vertex   -2.046112e+00 3.052382e+01 2.976234e+00
    endloop
  endfacet
  facet normal -1.000000e+00 5.185408e-05 -2.042936e-17
    outer loop
      vertex   -2.045605e+00 4.031560e+01 9.891638e+00
      vertex   -2.045857e+00 3.545985e+01 5.059298e+00
      vertex   -2.046112e+00 3.054038e+01 9.826748e+00
    endloop
  endfacet
  facet normal -1.000000e+00 5.185408e-05 1.787642e-15
    outer loop
      vertex   -2.046112e+00 3.054038e+01 9.826748e+00
      vertex   -2.045857e+00 3.545985e+01 5.059298e+00
      vertex   -2.045876e+00 3.509357e+01 5.047273e+00
    endloop
  endfacet
  facet normal -1.000000e+00 5.185408e-05 -3.975997e-15
    outer loop
      vertex   -2.046112e+00 3.054038e+01 9.826748e+00
      vertex   -2.045876e+00 3.509357e+01 5.047273e+00
      vertex   -2.045894e+00 3.472842e+01 5.016095e+00
    endloop
  endfacet
  facet normal -1.000000e+00 5.185408e-05 8.694873e-17
    outer loop
      vertex   -2.045244e+00 4.727361e+01 3.025394e+00
      vertex   -2.045628e+00 3.987535e+01 3.528597e+00
      vertex   -2.045605e+00 4.031560e+01 9.891638e+00
    endloop
  endfacet
  facet normal -1.000000e+00 5.185408e-05 3.054434e-16
    outer loop
      vertex   -2.045605e+00 4.031560e+01 9.891638e+00
      vertex   -2.045628e+00 3.987535e+01 3.528597e+00
      vertex   -2.045643e+00 3.958313e+01 3.749759e+00
    endloop
  endfacet
  facet normal -1.000000e+00 5.185408e-05 -8.081970e-17
    outer loop
      vertex   -2.045605e+00 4.031560e+01 9.891638e+00
      vertex   -2.045643e+00 3.958313e+01 3.749759e+00
      vertex   -2.045658e+00 3.927974e+01 3.955325e+00
    endloop
  endfacet
  facet normal -1.000000e+00 5.185408e-05 -4.621372e-17
    outer loop
      vertex   -2.045241e+00 4.733851e+01 -6.749830e+00
      vertex   -2.045491e+00 4.250616e+01 -1.894081e+00
      vertex   -2.045244e+00 4.727361e+01 3.025394e+00
    endloop
  endfacet
  facet normal -1.000000e+00 5.185408e-05 8.539577e-16
    outer loop
      vertex   -2.045244e+00 4.727361e+01 3.025394e+00
      vertex   -2.045491e+00 4.250616e+01 -1.894081e+00
      vertex   -2.045492e+00 4.249414e+01 -1.527801e+00
    endloop
  endfacet
  facet normal -1.000000e+00 5.185408e-05 -1.244836e-15
    outer loop
      vertex   -2.045244e+00 4.727361e+01 3.025394e+00
      vertex   -2.045492e+00 4.249414e+01 -1.527801e+00
      vertex   -2.045493e+00 4.246296e+01 -1.162652e+00
    endloop
  endfacet
  facet normal -1.000000e+00 5.185408e-05 6.871607e-17
    outer loop
      vertex   -2.045262e+00 4.692897e+01 -7.164838e+00
      vertex   -2.045448e+00 4.334133e+01 -7.188654e+00
      vertex   -2.045241e+00 4.733851e+01 -6.749830e+00
    endloop
  endfacet
  facet normal -1.000000e+00 5.185408e-05 8.014824e-16
    outer loop
      vertex   -2.045241e+00 4.733851e+01 -6.749830e+00
      vertex   -2.045448e+00 4.334133e+01 -7.188654e+00
      vertex   -2.045490e+00 4.253604e+01 -6.393982e+00
    endloop
  endfacet
  facet normal -1.000000e+00 5.185408e-05 -1.311778e-16
    outer loop
      vertex   -2.045241e+00 4.733851e+01 -6.749830e+00
      vertex   -2.045490e+00 4.253604e+01 -6.393982e+00
      vertex   -2.045491e+00 4.250616e+01 -1.894081e+00
    endloop
  endfacet
  facet normal -1.000000e+00 5.185408e-05 7.497160e-14
    outer loop
      vertex   -2.045450e+00 4.329945e+01 -7.187835e+00
      vertex   -2.045452e+00 4.325768e+01 -7.184826e+00
      vertex   -2.045448e+00 4.334133e+01 -7.188654e+00
    endloop
  endfacet
  facet normal -1.000000e+00 5.185408e-05 3.092385e-13
    outer loop
      vertex   -2.045448e+00 4.334133e+01 -7.188654e+00
      vertex   -2.045452e+00 4.325768e+01 -7.184826e+00
      vertex   -2.045454e+00 4.321612e+01 -7.179635e+00
    endloop
  endfacet
  facet normal -1.000000e+00 5.185408e-05 -3.274912e-13
    outer loop
      vertex   -2.045448e+00 4.334133e+01 -7.188654e+00
      vertex   -2.045454e+00 4.321612e+01 -7.179635e+00
      vertex   -2.045456e+00 4.317489e+01 -7.172276e+00
    endloop
  endfacet
  facet normal -1.000000e+00 5.185408e-05 -7.101491e-14
    outer loop
      vertex   -2.045456e+00 4.317489e+01 -7.172276e+00
      vertex   -2.045459e+00 4.313410e+01 -7.162769e+00
      vertex   -2.045448e+00 4.334133e+01 -7.188654e+00
    endloop
  endfacet
  facet normal -1.000000e+00 5.185408e-05 1.274822e-13
    outer loop
      vertex   -2.045448e+00 4.334133e+01 -7.188654e+00
      vertex   -2.045459e+00 4.313410e+01 -7.162769e+00
      vertex   -2.045461e+00 4.309386e+01 -7.151141e+00
    endloop
  endfacet
  facet normal -1.000000e+00 5.185408e-05 4.481590e-14
    outer loop
      vertex   -2.045448e+00 4.334133e+01 -7.188654e+00
      vertex   -2.045461e+00 4.309386e+01 -7.151141e+00
      vertex   -2.045463e+00 4.305429e+01 -7.137423e+00
    endloop
  endfacet
  facet normal -1.000000e+00 5.185408e-05 -1.686471e-14
    outer loop
      vertex   -2.045463e+00 4.305429e+01 -7.137423e+00
      vertex   -2.045465e+00 4.301549e+01 -7.121651e+00
      vertex   -2.045448e+00 4.334133e+01 -7.188654e+00
    endloop
  endfacet
  facet normal -1.000000e+00 5.185408e-05 6.876507e-14
    outer loop
      vertex   -2.045448e+00 4.334133e+01 -7.188654e+00
      vertex   -2.045465e+00 4.301549e+01 -7.121651e+00
      vertex   -2.045467e+00 4.297757e+01 -7.103872e+00
    endloop
  endfacet
  facet normal -1.000000e+00 5.185408e-05 -1.351031e-13
    outer loop
      vertex   -2.045448e+00 4.334133e+01 -7.188654e+00
      vertex   -2.045467e+00 4.297757e+01 -7.103872e+00
      vertex   -2.045469e+00 4.294063e+01 -7.084132e+00
    endloop
  endfacet
  facet normal -1.000000e+00 5.185408e-05 3.268967e-14
    outer loop
      vertex   -2.045469e+00 4.294063e+01 -7.084132e+00
      vertex   -2.045470e+00 4.290477e+01 -7.062485e+00
      vertex   -2.045448e+00 4.334133e+01 -7.188654e+00
    endloop
  endfacet
  facet normal -1.000000e+00 5.185408e-05 -1.819386e-14
    outer loop
      vertex   -2.045448e+00 4.334133e+01 -7.188654e+00
      vertex   -2.045470e+00 4.290477e+01 -7.062485e+00
      vertex   -2.045472e+00 4.287010e+01 -7.038992e+00
    endloop
  endfacet
  facet normal -1.000000e+00 5.185408e-05 6.405387e-14
    outer loop
      vertex   -2.045448e+00 4.334133e+01 -7.188654e+00
      vertex   -2.045472e+00 4.287010e+01 -7.038992e+00
      vertex   -2.045474e+00 4.283670e+01 -7.013716e+00
    endloop
  endfacet
  facet normal -1.000000e+00 5.185408e-05 5.062682e-14
    outer loop
      vertex   -2.045474e+00 4.283670e+01 -7.013716e+00
      vertex   -2.045476e+00 4.280467e+01 -6.986727e+00
      vertex   -2.045448e+00 4.334133e+01 -7.188654e+00
    endloop
  endfacet
  facet normal -1.000000e+00 5.185408e-05 -1.219304e-13
    outer loop
      vertex   -2.045448e+00 4.334133e+01 -7.188654e+00
      vertex   -2.045476e+00 4.280467e+01 -6.986727e+00
      vertex   -2.045477e+00 4.277410e+01 -6.958099e+00
    endloop
  endfacet
  facet normal -1.000000e+00 5.185408e-05 9.849117e-14
    outer loop
      vertex   -2.045448e+00 4.334133e+01 -7.188654e+00
      vertex   -2.045477e+00 4.277410e+01 -6.958099e+00
      vertex   -2.045479e+00 4.274507e+01 -6.927910e+00
    endloop
  endfacet
  facet normal -1.000000e+00 5.185408e-05 9.041147e-15
    outer loop
      vertex   -2.045479e+00 4.274507e+01 -6.927910e+00
      vertex   -2.045480e+00 4.271766e+01 -6.896244e+00
      vertex   -2.045448e+00 4.334133e+01 -7.188654e+00
    endloop
  endfacet
  facet normal -1.000000e+00 5.185408e-05 -4.053802e-14
    outer loop
      vertex   -2.045448e+00 4.334133e+01 -7.188654e+00
      vertex   -2.045480e+00 4.271766e+01 -6.896244e+00
      vertex   -2.045481e+00 4.269194e+01 -6.863186e+00
    endloop
  endfacet
  facet normal -1.000000e+00 5.185408e-05 -1.204894e-14
    outer loop
      vertex   -2.045448e+00 4.334133e+01 -7.188654e+00
      vertex   -2.045481e+00 4.269194e+01 -6.863186e+00
      vertex   -2.045483e+00 4.266799e+01 -6.828827e+00
    endloop
  endfacet
  facet normal -1.000000e+00 5.185408e-05 7.244987e-15
    outer loop
      vertex   -2.045483e+00 4.266799e+01 -6.828827e+00
      vertex   -2.045484e+00 4.264587e+01 -6.793262e+00
      vertex   -2.045448e+00 4.334133e+01 -7.188654e+00
    endloop
  endfacet
  facet normal -1.000000e+00 5.185408e-05 1.660264e-14
    outer loop
      vertex   -2.045448e+00 4.334133e+01 -7.188654e+00
      vertex   -2.045484e+00 4.264587e+01 -6.793262e+00
      vertex   -2.045485e+00 4.262564e+01 -6.756588e+00
    endloop
  endfacet
  facet normal -1.000000e+00 5.185408e-05 9.924186e-15
    outer loop
      vertex   -2.045448e+00 4.334133e+01 -7.188654e+00
      vertex   -2.045485e+00 4.262564e+01 -6.756588e+00
      vertex   -2.045486e+00 4.260736e+01 -6.718905e+00
    endloop
  endfacet
  facet normal -1.000000e+00 5.185408e-05 -3.297370e-14
    outer loop
      vertex   -2.045486e+00 4.260736e+01 -6.718905e+00
      vertex   -2.045487e+00 4.259107e+01 -6.680317e+00
      vertex   -2.045448e+00 4.334133e+01 -7.188654e+00
    endloop
  endfacet
  facet normal -1.000000e+00 5.185408e-05 1.877986e-14
    outer loop
      vertex   -2.045448e+00 4.334133e+01 -7.188654e+00
      vertex   -2.045487e+00 4.259107e+01 -6.680317e+00
      vertex   -2.045487e+00 4.257683e+01 -6.640930e+00
    endloop
  endfacet
  facet normal -1.000000e+00 5.185408e-05 1.496217e-14
    outer loop
      vertex   -2.045448e+00 4.334133e+01 -7.188654e+00
      vertex   -2.045487e+00 4.257683e+01 -6.640930e+00
      vertex   -2.045488e+00 4.256467e+01 -6.600851e+00
    endloop
  endfacet
  facet normal -1.000000e+00 5.185408e-05 -3.964581e-14
    outer loop
      vertex   -2.045488e+00 4.256467e+01 -6.600851e+00
      vertex   -2.045489e+00 4.255462e+01 -6.560191e+00
      vertex   -2.045448e+00 4.334133e+01 -7.188654e+00
    endloop
  endfacet
  facet normal -1.000000e+00 5.185408e-05 5.761529e-15
    outer loop
      vertex   -2.045448e+00 4.334133e+01 -7.188654e+00
      vertex   -2.045489e+00 4.255462e+01 -6.560191e+00
      vertex   -2.045489e+00 4.254672e+01 -6.519061e+00
    endloop
  endfacet
  facet normal -1.000000e+00 5.185408e-05 4.411021e-15
    outer loop
      vertex   -2.045448e+00 4.334133e+01 -7.188654e+00
      vertex   -2.045489e+00 4.254672e+01 -6.519061e+00
      vertex   -2.045489e+00 4.254097e+01 -6.477574e+00
    endloop
  endfacet
  facet normal -1.000000e+00 5.185408e-05 -5.972742e-15
    outer loop
      vertex   -2.045489e+00 4.254097e+01 -6.477574e+00
      vertex   -2.045490e+00 4.253741e+01 -6.435842e+00
      vertex   -2.045448e+00 4.334133e+01 -7.188654e+00
    endloop
  endfacet
  facet normal -1.000000e+00 5.185408e-05 2.004977e-14
    outer loop
      vertex   -2.045448e+00 4.334133e+01 -7.188654e+00
      vertex   -2.045490e+00 4.253741e+01 -6.435842e+00
      vertex   -2.045490e+00 4.253604e+01 -6.393982e+00
    endloop
  endfacet
  facet normal -1.000000e+00 5.185408e-05 -3.167881e-16
    outer loop
      vertex   -2.045493e+00 4.246296e+01 -1.162652e+00
      vertex   -2.045496e+00 4.241272e+01 -7.996359e-01
      vertex   -2.045244e+00 4.727361e+01 3.025394e+00
    endloop
  endfacet
  facet normal -1.000000e+00 5.185408e-05 -5.384654e-17
    outer loop
      vertex   -2.045244e+00 4.727361e+01 3.025394e+00
      vertex   -2.045496e+00 4.241272e+01 -7.996359e-01
      vertex   -2.045500e+00 4.234354e+01 -4.397465e-01
    endloop
  endfacet
  facet normal -1.000000e+00 5.185408e-05 -1.397428e-15
    outer loop
      vertex   -2.045244e+00 4.727361e+01 3.025394e+00
      vertex   -2.045500e+00 4.234354e+01 -4.397465e-01
      vertex   -2.045504e+00 4.225562e+01 -8.397079e-02
    endloop
  endfacet
  facet normal -1.000000e+00 5.185408e-05 4.554731e-15
    outer loop
      vertex   -2.045504e+00 4.225562e+01 -8.397079e-02
      vertex   -2.045510e+00 4.214921e+01 2.667163e-01
      vertex   -2.045244e+00 4.727361e+01 3.025394e+00
    endloop
  endfacet
  facet normal -1.000000e+00 5.185408e-05 -2.650916e-15
    outer loop
      vertex   -2.045244e+00 4.727361e+01 3.025394e+00
      vertex   -2.045510e+00 4.214921e+01 2.667163e-01
      vertex   -2.045516e+00 4.202459e+01 6.113531e-01
    endloop
  endfacet
  facet normal -1.000000e+00 5.185408e-05 3.830695e-15
    outer loop
      vertex   -2.045244e+00 4.727361e+01 3.025394e+00
      vertex   -2.045516e+00 4.202459e+01 6.113531e-01
      vertex   -2.045523e+00 4.188210e+01 9.489956e-01
    endloop
  endfacet
  facet normal -1.000000e+00 5.185408e-05 -3.260285e-15
    outer loop
      vertex   -2.045523e+00 4.188210e+01 9.489956e-01
      vertex   -2.045532e+00 4.172213e+01 1.278718e+00
      vertex   -2.045244e+00 4.727361e+01 3.025394e+00
    endloop
  endfacet
  facet normal -1.000000e+00 5.185408e-05 -1.380522e-15
    outer loop
      vertex   -2.045244e+00 4.727361e+01 3.025394e+00
      vertex   -2.045532e+00 4.172213e+01 1.278718e+00
      vertex   -2.045541e+00 4.154513e+01 1.599617e+00
    endloop
  endfacet
  facet normal -1.000000e+00 5.185408e-05 2.075874e-15
    outer loop
      vertex   -2.045244e+00 4.727361e+01 3.025394e+00
      vertex   -2.045541e+00 4.154513e+01 1.599617e+00
      vertex   -2.045551e+00 4.135158e+01 1.910812e+00
    endloop
  endfacet
  facet normal -1.000000e+00 5.185408e-05 -7.500619e-16
    outer loop
      vertex   -2.045551e+00 4.135158e+01 1.910812e+00
      vertex   -2.045562e+00 4.114200e+01 2.211451e+00
      vertex   -2.045244e+00 4.727361e+01 3.025394e+00
    endloop
  endfacet
  facet normal -1.000000e+00 5.185408e-05 2.414890e-16
    outer loop
      vertex   -2.045244e+00 4.727361e+01 3.025394e+00
      vertex   -2.045562e+00 4.114200e+01 2.211451e+00
      vertex   -2.045574e+00 4.091698e+01 2.500710e+00
    endloop
  endfacet
  facet normal -1.000000e+00 5.185408e-05 1.397665e-15
    outer loop
      vertex   -2.045244e+00 4.727361e+01 3.025394e+00
      vertex   -2.045574e+00 4.091698e+01 2.500710e+00
      vertex   -2.045586e+00 4.067713e+01 2.777795e+00
    endloop
  endfacet
  facet normal -1.000000e+00 5.185408e-05 -1.604211e-15
    outer loop
      vertex   -2.045586e+00 4.067713e+01 2.777795e+00
      vertex   -2.045599e+00 4.042310e+01 3.041948e+00
      vertex   -2.045244e+00 4.727361e+01 3.025394e+00
    endloop
  endfacet
  facet normal -1.000000e+00 5.185408e-05 3.710546e-15
    outer loop
      vertex   -2.045244e+00 4.727361e+01 3.025394e+00
      vertex   -2.045599e+00 4.042310e+01 3.041948e+00
      vertex   -2.045613e+00 4.015560e+01 3.292444e+00
    endloop
  endfacet
  facet normal -1.000000e+00 5.185408e-05 -7.041939e-15
    outer loop
      vertex   -2.045244e+00 4.727361e+01 3.025394e+00
      vertex   -2.045613e+00 4.015560e+01 3.292444e+00
      vertex   -2.045628e+00 3.987535e+01 3.528597e+00
    endloop
  endfacet
  facet normal -1.000000e+00 5.185408e-05 4.308364e-16
    outer loop
      vertex   -2.045658e+00 3.927974e+01 3.955325e+00
      vertex   -2.045675e+00 3.896600e+01 4.144730e+00
      vertex   -2.045605e+00 4.031560e+01 9.891638e+00
    endloop
  endfacet
  facet normal -1.000000e+00 5.185408e-05 -7.167910e-16
    outer loop
      vertex   -2.045605e+00 4.031560e+01 9.891638e+00
      vertex   -2.045675e+00 3.896600e+01 4.144730e+00
      vertex   -2.045691e+00 3.864278e+01 4.317456e+00
    endloop
  endfacet
  facet normal -1.000000e+00 5.185408e-05 5.634875e-16
    outer loop
      vertex   -2.045605e+00 4.031560e+01 9.891638e+00
      vertex   -2.045691e+00 3.864278e+01 4.317456e+00
      vertex   -2.045709e+00 3.831096e+01 4.473030e+00
    endloop
  endfacet
  facet normal -1.000000e+00 5.185408e-05 -1.370137e-15
    outer loop
      vertex   -2.045709e+00 3.831096e+01 4.473030e+00
      vertex   -2.045726e+00 3.797146e+01 4.611023e+00
      vertex   -2.045605e+00 4.031560e+01 9.891638e+00
    endloop
  endfacet
  facet normal -1.000000e+00 5.185408e-05 6.207371e-16
    outer loop
      vertex   -2.045605e+00 4.031560e+01 9.891638e+00
      vertex   -2.045726e+00 3.797146e+01 4.611023e+00
      vertex   -2.045744e+00 3.762520e+01 4.731061e+00
    endloop
  endfacet
  facet normal -1.000000e+00 5.185408e-05 -9.377526e-16
    outer loop
      vertex   -2.045605e+00 4.031560e+01 9.891638e+00
      vertex   -2.045744e+00 3.762520e+01 4.731061e+00
      vertex   -2.045762e+00 3.727313e+01 4.832811e+00
    endloop
  endfacet
  facet normal -1.000000e+00 5.185408e-05 -3.163711e-16
    outer loop
      vertex   -2.045762e+00 3.727313e+01 4.832811e+00
      vertex   -2.045781e+00 3.691622e+01 4.915995e+00
      vertex   -2.045605e+00 4.031560e+01 9.891638e+00
    endloop
  endfacet
  facet normal -1.000000e+00 5.185408e-05 6.680889e-16
    outer loop
      vertex   -2.045605e+00 4.031560e+01 9.891638e+00
      vertex   -2.045781e+00 3.691622e+01 4.915995e+00
      vertex   -2.045800e+00 3.655544e+01 4.980388e+00
    endloop
  endfacet
  facet normal -1.000000e+00 5.185408e-05 -2.692093e-15
    outer loop
      vertex   -2.045605e+00 4.031560e+01 9.891638e+00
      vertex   -2.045800e+00 3.655544e+01 4.980388e+00
      vertex   -2.045819e+00 3.619179e+01 5.025809e+00
    endloop
  endfacet
  facet normal -1.000000e+00 5.185408e-05 3.302129e-15
    outer loop
      vertex   -2.045819e+00 3.619179e+01 5.025809e+00
      vertex   -2.045838e+00 3.582626e+01 5.052137e+00
      vertex   -2.045605e+00 4.031560e+01 9.891638e+00
    endloop
  endfacet
  facet normal -1.000000e+00 5.185408e-05 -2.396481e-16
    outer loop
      vertex   -2.045605e+00 4.031560e+01 9.891638e+00
      vertex   -2.045838e+00 3.582626e+01 5.052137e+00
      vertex   -2.045857e+00 3.545985e+01 5.059298e+00
    endloop
  endfacet
  facet normal -1.000000e+00 5.185408e-05 2.375645e-15
    outer loop
      vertex   -2.045894e+00 3.472842e+01 5.016095e+00
      vertex   -2.045913e+00 3.436541e+01 4.965850e+00
      vertex   -2.046112e+00 3.054038e+01 9.826748e+00
    endloop
  endfacet
  facet normal -1.000000e+00 5.185408e-05 -1.647742e-15
    outer loop
      vertex   -2.046112e+00 3.054038e+01 9.826748e+00
      vertex   -2.045913e+00 3.436541e+01 4.965850e+00
      vertex   -2.045932e+00 3.400552e+01 4.896673e+00
    endloop
  endfacet
  facet normal -1.000000e+00 5.185408e-05 1.725890e-15
    outer loop
      vertex   -2.046112e+00 3.054038e+01 9.826748e+00
      vertex   -2.045932e+00 3.400552e+01 4.896673e+00
      vertex   -2.045950e+00 3.364974e+01 4.808758e+00
    endloop
  endfacet
  facet normal -1.000000e+00 5.185408e-05 -1.132408e-15
    outer loop
      vertex   -2.045950e+00 3.364974e+01 4.808758e+00
      vertex   -2.045969e+00 3.329906e+01 4.702342e+00
      vertex   -2.046112e+00 3.054038e+01 9.826748e+00
    endloop
  endfacet
  facet normal -1.000000e+00 5.185408e-05 -8.665901e-16
    outer loop
      vertex   -2.046112e+00 3.054038e+01 9.826748e+00
      vertex   -2.045969e+00 3.329906e+01 4.702342e+00
      vertex   -2.045986e+00 3.295442e+01 4.577719e+00
    endloop
  endfacet
  facet normal -1.000000e+00 5.185408e-05 1.891889e-15
    outer loop
      vertex   -2.046112e+00 3.054038e+01 9.826748e+00
      vertex   -2.045986e+00 3.295442e+01 4.577719e+00
      vertex   -2.046004e+00 3.261678e+01 4.435230e+00
    endloop
  endfacet
  facet normal -1.000000e+00 5.185408e-05 -8.372210e-16
    outer loop
      vertex   -2.046004e+00 3.261678e+01 4.435230e+00
      vertex   -2.046021e+00 3.228705e+01 4.275265e+00
      vertex   -2.046112e+00 3.054038e+01 9.826748e+00
    endloop
  endfacet
  facet normal -1.000000e+00 5.185408e-05 8.820054e-16
    outer loop
      vertex   -2.046112e+00 3.054038e+01 9.826748e+00
      vertex   -2.046021e+00 3.228705e+01 4.275265e+00
      vertex   -2.046038e+00 3.196615e+01 4.098263e+00
    endloop
  endfacet
  facet normal -1.000000e+00 5.185408e-05 -1.807563e-16
    outer loop
      vertex   -2.046112e+00 3.054038e+01 9.826748e+00
      vertex   -2.046038e+00 3.196615e+01 4.098263e+00
      vertex   -2.046054e+00 3.165496e+01 3.904710e+00
    endloop
  endfacet
  facet normal -1.000000e+00 5.185408e-05 2.802106e-17
    outer loop
      vertex   -2.046054e+00 3.165496e+01 3.904710e+00
      vertex   -2.046069e+00 3.135432e+01 3.695134e+00
      vertex   -2.046112e+00 3.054038e+01 9.826748e+00
    endloop
  endfacet
  facet normal -1.000000e+00 5.185408e-05 -3.237865e-16
    outer loop
      vertex   -2.046112e+00 3.054038e+01 9.826748e+00
      vertex   -2.046069e+00 3.135432e+01 3.695134e+00
      vertex   -2.046084e+00 3.106506e+01 3.470112e+00
    endloop
  endfacet
  facet normal -1.000000e+00 5.185408e-05 -3.065953e-16
    outer loop
      vertex   -2.046112e+00 3.052382e+01 2.976234e+00
      vertex   -2.046125e+00 3.027333e+01 2.708732e+00
      vertex   -2.046468e+00 2.367413e+01 2.868735e+00
    endloop
  endfacet
  facet normal -1.000000e+00 5.185408e-05 -6.296130e-15
    outer loop
      vertex   -2.046468e+00 2.367413e+01 2.868735e+00
      vertex   -2.046125e+00 3.027333e+01 2.708732e+00
      vertex   -2.046138e+00 3.003717e+01 2.428487e+00
    endloop
  endfacet
  facet normal -1.000000e+00 5.185408e-05 2.034555e-15
    outer loop
      vertex   -2.046468e+00 2.367413e+01 2.868735e+00
      vertex   -2.046138e+00 3.003717e+01 2.428487e+00
      vertex   -2.046149e+00 2.981601e+01 2.136266e+00
    endloop
  endfacet
  facet normal -1.000000e+00 5.185408e-05 1.903323e-15
    outer loop
      vertex   -2.046149e+00 2.981601e+01 2.136266e+00
      vertex   -2.046160e+00 2.961045e+01 1.832871e+00
      vertex   -2.046468e+00 2.367413e+01 2.868735e+00
    endloop
  endfacet
  facet normal -1.000000e+00 5.185408e-05 3.634447e-16
    outer loop
      vertex   -2.046468e+00 2.367413e+01 2.868735e+00
      vertex   -2.046160e+00 2.961045e+01 1.832871e+00
      vertex   -2.046170e+00 2.942104e+01 1.519134e+00
    endloop
  endfacet
  facet normal -1.000000e+00 5.185408e-05 -1.936286e-15
    outer loop
      vertex   -2.046468e+00 2.367413e+01 2.868735e+00
      vertex   -2.046170e+00 2.942104e+01 1.519134e+00
      vertex   -2.046179e+00 2.924832e+01 1.195913e+00
    endloop
  endfacet
  facet normal -1.000000e+00 5.185408e-05 1.152905e-15
    outer loop
      vertex   -2.046179e+00 2.924832e+01 1.195913e+00
      vertex   -2.046187e+00 2.909274e+01 8.640965e-01
      vertex   -2.046468e+00 2.367413e+01 2.868735e+00
    endloop
  endfacet
  facet normal -1.000000e+00 5.185408e-05 -2.248724e-16
    outer loop
      vertex   -2.046468e+00 2.367413e+01 2.868735e+00
      vertex   -2.046187e+00 2.909274e+01 8.640965e-01
      vertex   -2.046194e+00 2.895475e+01 5.245921e-01
    endloop
  endfacet
  facet normal -1.000000e+00 5.185408e-05 -1.476475e-15
    outer loop
      vertex   -2.046205e+00 2.873296e+01 -1.737378e-01
      vertex   -2.046210e+00 2.864978e+01 -5.306493e-01
      vertex   -2.046464e+00 2.373902e+01 -6.906490e+00
    endloop
  endfacet
  facet normal -1.000000e+00 5.185408e-05 -2.294373e-15
    outer loop
      vertex   -2.046464e+00 2.373902e+01 -6.906490e+00
      vertex   -2.046210e+00 2.864978e+01 -5.306493e-01
      vertex   -2.046213e+00 2.858538e+01 -8.914254e-01
    endloop
  endfacet
  facet normal -1.000000e+00 5.185408e-05 -3.391096e-16
    outer loop
      vertex   -2.046464e+00 2.373902e+01 -6.906490e+00
      vertex   -2.046213e+00 2.858538e+01 -8.914254e-01
      vertex   -2.046215e+00 2.853996e+01 -1.255077e+00
    endloop
  endfacet
  facet normal -1.000000e+00 5.185408e-05 9.778958e-16
    outer loop
      vertex   -2.046215e+00 2.853996e+01 -1.255077e+00
      vertex   -2.046217e+00 2.851363e+01 -1.620607e+00
      vertex   -2.046464e+00 2.373902e+01 -6.906490e+00
    endloop
  endfacet
  facet normal -1.000000e+00 5.185408e-05 -8.136306e-16
    outer loop
      vertex   -2.046464e+00 2.373902e+01 -6.906490e+00
      vertex   -2.046217e+00 2.851363e+01 -1.620607e+00
      vertex   -2.046217e+00 2.850647e+01 -1.987015e+00
    endloop
  endfacet
  facet normal -1.000000e+00 5.185408e-05 -1.300304e-16
    outer loop
      vertex   -2.046464e+00 2.373902e+01 -6.906490e+00
      vertex   -2.046217e+00 2.850647e+01 -1.987015e+00
      vertex   -2.046216e+00 2.853635e+01 -6.486916e+00
    endloop
  endfacet
  facet normal -1.000000e+00 5.185408e-05 1.311939e-14
    outer loop
      vertex   -2.046216e+00 2.853635e+01 -6.486916e+00
      vertex   -2.046216e+00 2.853553e+01 -6.528791e+00
      vertex   -2.046464e+00 2.373902e+01 -6.906490e+00
    endloop
  endfacet
  facet normal -1.000000e+00 5.185408e-05 3.824687e-15
    outer loop
      vertex   -2.046464e+00 2.373902e+01 -6.906490e+00
      vertex   -2.046216e+00 2.853553e+01 -6.528791e+00
      vertex   -2.046216e+00 2.853252e+01 -6.570566e+00
    endloop
  endfacet
  facet normal -1.000000e+00 5.185408e-05 -1.029408e-14
    outer loop
      vertex   -2.046464e+00 2.373902e+01 -6.906490e+00
      vertex   -2.046216e+00 2.853252e+01 -6.570566e+00
      vertex   -2.046216e+00 2.852733e+01 -6.612125e+00
    endloop
  endfacet
  facet normal -1.000000e+00 5.185408e-05 2.883698e-15
    outer loop
      vertex   -2.046216e+00 2.852733e+01 -6.612125e+00
      vertex   -2.046216e+00 2.851997e+01 -6.653357e+00
      vertex   -2.046464e+00 2.373902e+01 -6.906490e+00
    endloop
  endfacet
  facet normal -1.000000e+00 5.185408e-05 -3.285665e-15
    outer loop
      vertex   -2.046464e+00 2.373902e+01 -6.906490e+00
      vertex   -2.046216e+00 2.851997e+01 -6.653357e+00
      vertex   -2.046217e+00 2.851046e+01 -6.694147e+00
    endloop
  endfacet
  facet normal -1.000000e+00 5.185408e-05 5.586661e-15
    outer loop
      vertex   -2.046464e+00 2.373902e+01 -6.906490e+00
      vertex   -2.046217e+00 2.851046e+01 -6.694147e+00
      vertex   -2.046217e+00 2.849883e+01 -6.734383e+00
    endloop
  endfacet
  facet normal -1.000000e+00 5.185408e-05 -2.099815e-15
    outer loop
      vertex   -2.046217e+00 2.849883e+01 -6.734383e+00
      vertex   -2.046218e+00 2.848511e+01 -6.773956e+00
      vertex   -2.046464e+00 2.373902e+01 -6.906490e+00
    endloop
  endfacet
  facet normal -1.000000e+00 5.185408e-05 3.567078e-15
    outer loop
      vertex   -2.046464e+00 2.373902e+01 -6.906490e+00
      vertex   -2.046218e+00 2.848511e+01 -6.773956e+00
      vertex   -2.046219e+00 2.846934e+01 -6.812757e+00
    endloop
  endfacet
  facet normal -1.000000e+00 5.185408e-05 4.075507e-14
    outer loop
      vertex   -2.046464e+00 2.373902e+01 -6.906490e+00
      vertex   -2.046219e+00 2.846934e+01 -6.812757e+00
      vertex   -2.046220e+00 2.845156e+01 -6.850679e+00
    endloop
  endfacet
  facet normal -1.000000e+00 5.185408e-05 -4.142055e-14
    outer loop
      vertex   -2.046220e+00 2.845156e+01 -6.850679e+00
      vertex   -2.046221e+00 2.843182e+01 -6.887618e+00
      vertex   -2.046464e+00 2.373902e+01 -6.906490e+00
    endloop
  endfacet
  facet normal -1.000000e+00 5.185408e-05 -4.473409e-14
    outer loop
      vertex   -2.046223e+00 2.838668e+01 -6.958148e+00
      vertex   -2.046225e+00 2.836141e+01 -6.991544e+00
      vertex   -2.046443e+00 2.415403e+01 -7.316024e+00
    endloop
  endfacet
  facet normal -1.000000e+00 5.185408e-05 -1.237514e-15
    outer loop
      vertex   -2.046443e+00 2.415403e+01 -7.316024e+00
      vertex   -2.046225e+00 2.836141e+01 -6.991544e+00
      vertex   -2.046226e+00 2.833442e+01 -7.023572e+00
    endloop
  endfacet
  facet normal -1.000000e+00 5.185408e-05 2.662041e-15
    outer loop
      vertex   -2.046443e+00 2.415403e+01 -7.316024e+00
      vertex   -2.046226e+00 2.833442e+01 -7.023572e+00
      vertex   -2.046227e+00 2.830579e+01 -7.054144e+00
    endloop
  endfacet
  facet normal -1.000000e+00 5.185408e-05 1.213684e-14
    outer loop
      vertex   -2.046227e+00 2.830579e+01 -7.054144e+00
      vertex   -2.046229e+00 2.827560e+01 -7.083175e+00
      vertex   -2.046443e+00 2.415403e+01 -7.316024e+00
    endloop
  endfacet
  facet normal -1.000000e+00 5.185408e-05 4.482893e-14
    outer loop
      vertex   -2.046443e+00 2.415403e+01 -7.316024e+00
      vertex   -2.046229e+00 2.827560e+01 -7.083175e+00
      vertex   -2.046231e+00 2.824393e+01 -7.110587e+00
    endloop
  endfacet
  facet normal -1.000000e+00 5.185408e-05 -5.788278e-14
    outer loop
      vertex   -2.046443e+00 2.415403e+01 -7.316024e+00
      vertex   -2.046231e+00 2.824393e+01 -7.110587e+00
      vertex   -2.046232e+00 2.821088e+01 -7.136304e+00
    endloop
  endfacet
  facet normal -1.000000e+00 5.185408e-05 5.851900e-14
    outer loop
      vertex   -2.046232e+00 2.821088e+01 -7.136304e+00
      vertex   -2.046234e+00 2.817652e+01 -7.160255e+00
      vertex   -2.046443e+00 2.415403e+01 -7.316024e+00
    endloop
  endfacet
  facet normal -1.000000e+00 5.185408e-05 -1.905403e-14
    outer loop
      vertex   -2.046443e+00 2.415403e+01 -7.316024e+00
      vertex   -2.046234e+00 2.817652e+01 -7.160255e+00
      vertex   -2.046236e+00 2.814095e+01 -7.182376e+00
    endloop
  endfacet
  facet normal -1.000000e+00 5.185408e-05 -5.793724e-14
    outer loop
      vertex   -2.046443e+00 2.415403e+01 -7.316024e+00
      vertex   -2.046236e+00 2.814095e+01 -7.182376e+00
      vertex   -2.046238e+00 2.810428e+01 -7.202605e+00
    endloop
  endfacet
  facet normal -1.000000e+00 5.185408e-05 5.179994e-14
    outer loop
      vertex   -2.046238e+00 2.810428e+01 -7.202605e+00
      vertex   -2.046240e+00 2.806660e+01 -7.220886e+00
      vertex   -2.046443e+00 2.415403e+01 -7.316024e+00
    endloop
  endfacet
  facet normal -1.000000e+00 5.185408e-05 -8.944875e-14
    outer loop
      vertex   -2.046443e+00 2.415403e+01 -7.316024e+00
      vertex   -2.046240e+00 2.806660e+01 -7.220886e+00
      vertex   -2.046242e+00 2.802801e+01 -7.237171e+00
    endloop
  endfacet
  facet normal -1.000000e+00 5.185408e-05 8.601513e-14
    outer loop
      vertex   -2.046443e+00 2.415403e+01 -7.316024e+00
      vertex   -2.046242e+00 2.802801e+01 -7.237171e+00
      vertex   -2.046244e+00 2.798862e+01 -7.251414e+00
    endloop
  endfacet
  facet normal -1.000000e+00 5.185408e-05 4.438807e-14
    outer loop
      vertex   -2.046244e+00 2.798862e+01 -7.251414e+00
      vertex   -2.046246e+00 2.794854e+01 -7.263575e+00
      vertex   -2.046443e+00 2.415403e+01 -7.316024e+00
    endloop
  endfacet
  facet normal -1.000000e+00 5.185408e-05 -1.911921e-14
    outer loop
      vertex   -2.046443e+00 2.415403e+01 -7.316024e+00
      vertex   -2.046246e+00 2.794854e+01 -7.263575e+00
      vertex   -2.046248e+00 2.790788e+01 -7.273623e+00
    endloop
  endfacet
  facet normal -1.000000e+00 5.185408e-05 8.317126e-14
    outer loop
      vertex   -2.046443e+00 2.415403e+01 -7.316024e+00
      vertex   -2.046248e+00 2.790788e+01 -7.273623e+00
      vertex   -2.046250e+00 2.786675e+01 -7.281528e+00
    endloop
  endfacet
  facet normal -1.000000e+00 5.185408e-05 -6.621719e-14
    outer loop
      vertex   -2.046250e+00 2.786675e+01 -7.281528e+00
      vertex   -2.046252e+00 2.782526e+01 -7.287271e+00
      vertex   -2.046443e+00 2.415403e+01 -7.316024e+00
    endloop
  endfacet
  facet normal -1.000000e+00 5.185408e-05 -2.604391e-13
    outer loop
      vertex   -2.046443e+00 2.415403e+01 -7.316024e+00
      vertex   -2.046252e+00 2.782526e+01 -7.287271e+00
      vertex   -2.046255e+00 2.778353e+01 -7.290834e+00
    endloop
  endfacet
  facet normal -1.000000e+00 5.185408e-05 -2.529168e-13
    outer loop
      vertex   -2.046443e+00 2.415403e+01 -7.316024e+00
      vertex   -2.046255e+00 2.778353e+01 -7.290834e+00
      vertex   -2.046257e+00 2.774167e+01 -7.292209e+00
    endloop
  endfacet
  facet normal -7.071065e-01 -4.657194e-03 7.070917e-01
    outer loop
      vertex   -1.846116e+00 3.045620e+01 1.002619e+01
      vertex   -1.845600e+00 4.039710e+01 1.009218e+01
      vertex   -2.046112e+00 3.054038e+01 9.826748e+00
    endloop
  endfacet
  facet normal -7.071065e-01 -4.657194e-03 7.070917e-01
    outer loop
      vertex   -2.046112e+00 3.054038e+01 9.826748e+00
      vertex   -1.845600e+00 4.039710e+01 1.009218e+01
      vertex   -2.045605e+00 4.031560e+01 9.891638e+00
    endloop
  endfacet
  facet normal -7.070810e-01 4.967066e-01 5.033081e-01
    outer loop
      vertex   -1.845233e+00 4.747305e+01 3.109563e+00
      vertex   -2.045244e+00 4.727361e+01 3.025394e+00
      vertex   -1.845600e+00 4.039710e+01 1.009218e+01
    endloop
  endfacet
  facet normal -7.070810e-01 4.967066e-01 5.033081e-01
    outer loop
      vertex   -1.845600e+00 4.039710e+01 1.009218e+01
      vertex   -2.045244e+00 4.727361e+01 3.025394e+00
      vertex   -2.045605e+00 4.031560e+01 9.891638e+00
    endloop
  endfacet
  facet normal -7.071328e-01 -5.032714e-01 4.966700e-01
    outer loop
      vertex   -2.046112e+00 3.054038e+01 9.826748e+00
      vertex   -2.046468e+00 2.367413e+01 2.868735e+00
      vertex   -1.846116e+00 3.045620e+01 1.002619e+01
    endloop
  endfacet
  facet normal -7.071328e-01 -5.032714e-01 4.966700e-01
    outer loop
      vertex   -1.846116e+00 3.045620e+01 1.002619e+01
      vertex   -2.046468e+00 2.367413e+01 2.868735e+00
      vertex   -1.846478e+00 2.347358e+01 2.950248e+00
    endloop
  endfacet
  facet normal -7.070696e-01 7.071284e-01 4.693860e-03
    outer loop
      vertex   -1.845233e+00 4.747305e+01 3.109563e+00
      vertex   -1.845230e+00 4.753904e+01 -6.831344e+00
      vertex   -2.045244e+00 4.727361e+01 3.025394e+00
    endloop
  endfacet
  facet normal -7.070696e-01 7.071284e-01 4.693860e-03
    outer loop
      vertex   -2.045244e+00 4.727361e+01 3.025394e+00
      vertex   -1.845230e+00 4.753904e+01 -6.831344e+00
      vertex   -2.045241e+00 4.733851e+01 -6.749830e+00
    endloop
  endfacet
  facet normal -7.071429e-01 -7.070551e-01 -4.693860e-03
    outer loop
      vertex   -2.046464e+00 2.373902e+01 -6.906490e+00
      vertex   -1.846475e+00 2.353957e+01 -6.990659e+00
      vertex   -2.046468e+00 2.367413e+01 2.868735e+00
    endloop
  endfacet
  facet normal -7.071429e-01 -7.070551e-01 -4.693860e-03
    outer loop
      vertex   -2.046468e+00 2.367413e+01 2.868735e+00
      vertex   -1.846475e+00 2.353957e+01 -6.990659e+00
      vertex   -1.846478e+00 2.347358e+01 2.950248e+00
    endloop
  endfacet
  facet normal -7.070810e-01 5.033443e-01 -4.966699e-01
    outer loop
      vertex   -2.045241e+00 4.733851e+01 -6.749830e+00
      vertex   -1.845257e+00 4.701313e+01 -7.364284e+00
      vertex   -2.045262e+00 4.692897e+01 -7.164838e+00
    endloop
  endfacet
  facet normal -7.070806e-01 5.033448e-01 -4.966700e-01
    outer loop
      vertex   -1.845230e+00 4.753904e+01 -6.831344e+00
      vertex   -1.845257e+00 4.701313e+01 -7.364284e+00
      vertex   -2.045241e+00 4.733851e+01 -6.749830e+00
    endloop
  endfacet
  facet normal -7.071325e-01 -4.966333e-01 -5.033081e-01
    outer loop
      vertex   -2.046464e+00 2.373902e+01 -6.906490e+00
      vertex   -1.846447e+00 2.407251e+01 -7.516570e+00
      vertex   -1.846475e+00 2.353957e+01 -6.990659e+00
    endloop
  endfacet
  facet normal -7.071329e-01 -4.966328e-01 -5.033080e-01
    outer loop
      vertex   -2.046443e+00 2.415403e+01 -7.316024e+00
      vertex   -1.846447e+00 2.407251e+01 -7.516570e+00
      vertex   -2.046464e+00 2.373902e+01 -6.906490e+00
    endloop
  endfacet
  facet normal -7.071060e-01 4.730527e-03 -7.070917e-01
    outer loop
      vertex   -1.845257e+00 4.701313e+01 -7.364284e+00
      vertex   -1.845448e+00 4.334265e+01 -7.388649e+00
      vertex   -2.045262e+00 4.692897e+01 -7.164838e+00
    endloop
  endfacet
  facet normal -7.071060e-01 4.730527e-03 -7.070917e-01
    outer loop
      vertex   -2.045262e+00 4.692897e+01 -7.164838e+00
      vertex   -1.845448e+00 4.334265e+01 -7.388649e+00
      vertex   -2.045448e+00 4.334133e+01 -7.188654e+00
    endloop
  endfacet
  facet normal -7.070216e-01 -7.068109e-01 -2.321183e-02
    outer loop
      vertex   -2.045490e+00 4.253604e+01 -6.393982e+00
      vertex   -1.845500e+00 4.233775e+01 -6.447635e+00
      vertex   -1.845500e+00 4.233603e+01 -6.395310e+00
    endloop
  endfacet
  facet normal -7.070216e-01 -7.068109e-01 -2.321173e-02
    outer loop
      vertex   -2.045490e+00 4.253741e+01 -6.435842e+00
      vertex   -1.845500e+00 4.233775e+01 -6.447635e+00
      vertex   -2.045490e+00 4.253604e+01 -6.393982e+00
    endloop
  endfacet
  facet normal -7.070215e-01 -7.046283e-01 -6.016337e-02
    outer loop
      vertex   -2.045490e+00 4.253741e+01 -6.435842e+00
      vertex   -1.845500e+00 4.234220e+01 -6.499799e+00
      vertex   -1.845500e+00 4.233775e+01 -6.447635e+00
    endloop
  endfacet
  facet normal -7.070217e-01 -7.046279e-01 -6.016535e-02
    outer loop
      vertex   -2.045489e+00 4.254097e+01 -6.477574e+00
      vertex   -1.845500e+00 4.234220e+01 -6.499799e+00
      vertex   -2.045490e+00 4.253741e+01 -6.435842e+00
    endloop
  endfacet
  facet normal -7.070215e-01 -7.005129e-01 -9.696567e-02
    outer loop
      vertex   -2.045489e+00 4.254097e+01 -6.477574e+00
      vertex   -1.845499e+00 4.234938e+01 -6.551659e+00
      vertex   -1.845500e+00 4.234220e+01 -6.499799e+00
    endloop
  endfacet
  facet normal -7.070217e-01 -7.005125e-01 -9.696721e-02
    outer loop
      vertex   -2.045489e+00 4.254672e+01 -6.519061e+00
      vertex   -1.845499e+00 4.234938e+01 -6.551659e+00
      vertex   -2.045489e+00 4.254097e+01 -6.477574e+00
    endloop
  endfacet
  facet normal -7.070214e-01 -6.944789e-01 -1.334905e-01
    outer loop
      vertex   -2.045489e+00 4.254672e+01 -6.519061e+00
      vertex   -1.845499e+00 4.235926e+01 -6.603071e+00
      vertex   -1.845499e+00 4.234938e+01 -6.551659e+00
    endloop
  endfacet
  facet normal -7.070215e-01 -6.944788e-01 -1.334910e-01
    outer loop
      vertex   -2.045489e+00 4.255462e+01 -6.560191e+00
      vertex   -1.845499e+00 4.235926e+01 -6.603071e+00
      vertex   -2.045489e+00 4.254672e+01 -6.519061e+00
    endloop
  endfacet
  facet normal -7.070211e-01 -6.865391e-01 -1.696622e-01
    outer loop
      vertex   -2.045489e+00 4.255462e+01 -6.560191e+00
      vertex   -1.845498e+00 4.237182e+01 -6.653897e+00
      vertex   -1.845499e+00 4.235926e+01 -6.603071e+00
    endloop
  endfacet
  facet normal -7.070212e-01 -6.865388e-01 -1.696629e-01
    outer loop
      vertex   -2.045488e+00 4.256467e+01 -6.600851e+00
      vertex   -1.845498e+00 4.237182e+01 -6.653897e+00
      vertex   -2.045489e+00 4.255462e+01 -6.560191e+00
    endloop
  endfacet
  facet normal -7.070206e-01 -6.767185e-01 -2.053631e-01
    outer loop
      vertex   -2.045488e+00 4.256467e+01 -6.600851e+00
      vertex   -1.845497e+00 4.238702e+01 -6.703995e+00
      vertex   -1.845498e+00 4.237182e+01 -6.653897e+00
    endloop
  endfacet
  facet normal -7.070212e-01 -6.767166e-01 -2.053674e-01
    outer loop
      vertex   -2.045487e+00 4.257683e+01 -6.640930e+00
      vertex   -1.845497e+00 4.238702e+01 -6.703995e+00
      vertex   -2.045488e+00 4.256467e+01 -6.600851e+00
    endloop
  endfacet
  facet normal -7.070205e-01 -6.650435e-01 -2.404979e-01
    outer loop
      vertex   -2.045487e+00 4.257683e+01 -6.640930e+00
      vertex   -1.845496e+00 4.240483e+01 -6.753229e+00
      vertex   -1.845497e+00 4.238702e+01 -6.703995e+00
    endloop
  endfacet
  facet normal -7.070201e-01 -6.650448e-01 -2.404952e-01
    outer loop
      vertex   -2.045487e+00 4.259107e+01 -6.680317e+00
      vertex   -1.845496e+00 4.240483e+01 -6.753229e+00
      vertex   -2.045487e+00 4.257683e+01 -6.640930e+00
    endloop
  endfacet
  facet normal -7.070195e-01 -6.515464e-01 -2.749742e-01
    outer loop
      vertex   -2.045487e+00 4.259107e+01 -6.680317e+00
      vertex   -1.845495e+00 4.242518e+01 -6.801463e+00
      vertex   -1.845496e+00 4.240483e+01 -6.753229e+00
    endloop
  endfacet
  facet normal -7.070193e-01 -6.515471e-01 -2.749730e-01
    outer loop
      vertex   -2.045486e+00 4.260736e+01 -6.718905e+00
      vertex   -1.845495e+00 4.242518e+01 -6.801463e+00
      vertex   -2.045487e+00 4.259107e+01 -6.680317e+00
    endloop
  endfacet
  facet normal -7.070186e-01 -6.362645e-01 -3.086942e-01
    outer loop
      vertex   -2.045486e+00 4.260736e+01 -6.718905e+00
      vertex   -1.845494e+00 4.244803e+01 -6.848566e+00
      vertex   -1.845495e+00 4.242518e+01 -6.801463e+00
    endloop
  endfacet
  facet normal -7.070189e-01 -6.362632e-01 -3.086962e-01
    outer loop
      vertex   -2.045485e+00 4.262564e+01 -6.756588e+00
      vertex   -1.845494e+00 4.244803e+01 -6.848566e+00
      vertex   -2.045486e+00 4.260736e+01 -6.718905e+00
    endloop
  endfacet
  facet normal -7.070180e-01 -6.192309e-01 -3.415826e-01
    outer loop
      vertex   -2.045485e+00 4.262564e+01 -6.756588e+00
      vertex   -1.845493e+00 4.247332e+01 -6.894409e+00
      vertex   -1.845494e+00 4.244803e+01 -6.848566e+00
    endloop
  endfacet
  facet normal -7.070175e-01 -6.192332e-01 -3.415794e-01
    outer loop
      vertex   -2.045484e+00 4.264587e+01 -6.793262e+00
      vertex   -1.845493e+00 4.247332e+01 -6.894409e+00
      vertex   -2.045485e+00 4.262564e+01 -6.756588e+00
    endloop
  endfacet
  facet normal -7.070165e-01 -6.005078e-01 -3.735211e-01
    outer loop
      vertex   -2.045484e+00 4.264587e+01 -6.793262e+00
      vertex   -1.845491e+00 4.250097e+01 -6.938866e+00
      vertex   -1.845493e+00 4.247332e+01 -6.894409e+00
    endloop
  endfacet
  facet normal -7.070164e-01 -6.005085e-01 -3.735202e-01
    outer loop
      vertex   -2.045483e+00 4.266799e+01 -6.828827e+00
      vertex   -1.845491e+00 4.250097e+01 -6.938866e+00
      vertex   -2.045484e+00 4.264587e+01 -6.793262e+00
    endloop
  endfacet
  facet normal -7.070154e-01 -5.801375e-01 -4.044375e-01
    outer loop
      vertex   -2.045483e+00 4.266799e+01 -6.828827e+00
      vertex   -1.845490e+00 4.253091e+01 -6.981814e+00
      vertex   -1.845491e+00 4.250097e+01 -6.938866e+00
    endloop
  endfacet
  facet normal -7.070151e-01 -5.801391e-01 -4.044358e-01
    outer loop
      vertex   -2.045481e+00 4.269194e+01 -6.863186e+00
      vertex   -1.845490e+00 4.253091e+01 -6.981814e+00
      vertex   -2.045483e+00 4.266799e+01 -6.828827e+00
    endloop
  endfacet
  facet normal -7.070140e-01 -5.581758e-01 -4.342476e-01
    outer loop
      vertex   -2.045481e+00 4.269194e+01 -6.863186e+00
      vertex   -1.845488e+00 4.256306e+01 -7.023137e+00
      vertex   -1.845490e+00 4.253091e+01 -6.981814e+00
    endloop
  endfacet
  facet normal -7.070145e-01 -5.581725e-01 -4.342509e-01
    outer loop
      vertex   -2.045480e+00 4.271766e+01 -6.896244e+00
      vertex   -1.845488e+00 4.256306e+01 -7.023137e+00
      vertex   -2.045481e+00 4.269194e+01 -6.863186e+00
    endloop
  endfacet
  facet normal -7.070133e-01 -5.346825e-01 -4.628680e-01
    outer loop
      vertex   -2.045480e+00 4.271766e+01 -6.896244e+00
      vertex   -1.845486e+00 4.259732e+01 -7.062721e+00
      vertex   -1.845488e+00 4.256306e+01 -7.023137e+00
    endloop
  endfacet
  facet normal -7.070130e-01 -5.346844e-01 -4.628664e-01
    outer loop
      vertex   -2.045479e+00 4.274507e+01 -6.927910e+00
      vertex   -1.845486e+00 4.259732e+01 -7.062721e+00
      vertex   -2.045480e+00 4.271766e+01 -6.896244e+00
    endloop
  endfacet
  facet normal -7.070118e-01 -5.097234e-01 -4.902208e-01
    outer loop
      vertex   -2.045479e+00 4.274507e+01 -6.927910e+00
      vertex   -1.845484e+00 4.263361e+01 -7.100456e+00
      vertex   -1.845486e+00 4.259732e+01 -7.062721e+00
    endloop
  endfacet
  facet normal -7.070116e-01 -5.097241e-01 -4.902202e-01
    outer loop
      vertex   -2.045477e+00 4.277410e+01 -6.958099e+00
      vertex   -1.845484e+00 4.263361e+01 -7.100456e+00
      vertex   -2.045479e+00 4.274507e+01 -6.927910e+00
    endloop
  endfacet
  facet normal -7.070103e-01 -4.833740e-01 -5.162229e-01
    outer loop
      vertex   -2.045477e+00 4.277410e+01 -6.958099e+00
      vertex   -1.845482e+00 4.267183e+01 -7.136242e+00
      vertex   -1.845484e+00 4.263361e+01 -7.100456e+00
    endloop
  endfacet
  facet normal -7.070113e-01 -4.833668e-01 -5.162282e-01
    outer loop
      vertex   -2.045476e+00 4.280467e+01 -6.986727e+00
      vertex   -1.845482e+00 4.267183e+01 -7.136242e+00
      vertex   -2.045477e+00 4.277410e+01 -6.958099e+00
    endloop
  endfacet
  facet normal -7.070098e-01 -4.556906e-01 -5.408172e-01
    outer loop
      vertex   -2.045476e+00 4.280467e+01 -6.986727e+00
      vertex   -1.845480e+00 4.271186e+01 -7.169978e+00
      vertex   -1.845482e+00 4.267183e+01 -7.136242e+00
    endloop
  endfacet
  facet normal -7.070091e-01 -4.556957e-01 -5.408138e-01
    outer loop
      vertex   -2.045474e+00 4.283670e+01 -7.013716e+00
      vertex   -1.845480e+00 4.271186e+01 -7.169978e+00
      vertex   -2.045476e+00 4.280467e+01 -6.986727e+00
    endloop
  endfacet
  facet normal -7.070077e-01 -4.267615e-01 -5.639280e-01
    outer loop
      vertex   -2.045474e+00 4.283670e+01 -7.013716e+00
      vertex   -1.845478e+00 4.275361e+01 -7.201573e+00
      vertex   -1.845480e+00 4.271186e+01 -7.169978e+00
    endloop
  endfacet
  facet normal -7.070084e-01 -4.267560e-01 -5.639312e-01
    outer loop
      vertex   -2.045472e+00 4.287010e+01 -7.038992e+00
      vertex   -1.845478e+00 4.275361e+01 -7.201573e+00
      vertex   -2.045474e+00 4.283670e+01 -7.013716e+00
    endloop
  endfacet
  facet normal -7.070068e-01 -3.966624e-01 -5.854916e-01
    outer loop
      vertex   -2.045472e+00 4.287010e+01 -7.038992e+00
      vertex   -1.845476e+00 4.279695e+01 -7.230939e+00
      vertex   -1.845478e+00 4.275361e+01 -7.201573e+00
    endloop
  endfacet
  facet normal -7.070061e-01 -3.966677e-01 -5.854888e-01
    outer loop
      vertex   -2.045470e+00 4.290477e+01 -7.062485e+00
      vertex   -1.845476e+00 4.279695e+01 -7.230939e+00
      vertex   -2.045472e+00 4.287010e+01 -7.038992e+00
    endloop
  endfacet
  facet normal -7.070045e-01 -3.654787e-01 -6.054502e-01
    outer loop
      vertex   -2.045470e+00 4.290477e+01 -7.062485e+00
      vertex   -1.845474e+00 4.284177e+01 -7.257997e+00
      vertex   -1.845476e+00 4.279695e+01 -7.230939e+00
    endloop
  endfacet
  facet normal -7.070043e-01 -3.654800e-01 -6.054496e-01
    outer loop
      vertex   -2.045469e+00 4.294063e+01 -7.084132e+00
      vertex   -1.845474e+00 4.284177e+01 -7.257997e+00
      vertex   -2.045470e+00 4.290477e+01 -7.062485e+00
    endloop
  endfacet
  facet normal -7.070027e-01 -3.332884e-01 -6.237516e-01
    outer loop
      vertex   -2.045469e+00 4.294063e+01 -7.084132e+00
      vertex   -1.845471e+00 4.288794e+01 -7.282672e+00
      vertex   -1.845474e+00 4.284177e+01 -7.257997e+00
    endloop
  endfacet
  facet normal -7.070026e-01 -3.332892e-01 -6.237513e-01
    outer loop
      vertex   -2.045467e+00 4.297757e+01 -7.103872e+00
      vertex   -1.845471e+00 4.288794e+01 -7.282672e+00
      vertex   -2.045469e+00 4.294063e+01 -7.084132e+00
    endloop
  endfacet
  facet normal -7.070009e-01 -3.001945e-01 -6.403382e-01
    outer loop
      vertex   -2.045467e+00 4.297757e+01 -7.103872e+00
      vertex   -1.845469e+00 4.293535e+01 -7.304897e+00
      vertex   -1.845471e+00 4.288794e+01 -7.282672e+00
    endloop
  endfacet
  facet normal -7.070019e-01 -3.001867e-01 -6.403408e-01
    outer loop
      vertex   -2.045465e+00 4.301549e+01 -7.121651e+00
      vertex   -1.845469e+00 4.293535e+01 -7.304897e+00
      vertex   -2.045467e+00 4.297757e+01 -7.103872e+00
    endloop
  endfacet
  facet normal -7.070000e-01 -2.662573e-01 -6.551779e-01
    outer loop
      vertex   -2.045465e+00 4.301549e+01 -7.121651e+00
      vertex   -1.845466e+00 4.298385e+01 -7.324610e+00
      vertex   -1.845469e+00 4.293535e+01 -7.304897e+00
    endloop
  endfacet
  facet normal -7.069984e-01 -2.662706e-01 -6.551742e-01
    outer loop
      vertex   -2.045463e+00 4.305429e+01 -7.137423e+00
      vertex   -1.845466e+00 4.298385e+01 -7.324610e+00
      vertex   -2.045465e+00 4.301549e+01 -7.121651e+00
    endloop
  endfacet
  facet normal -7.069967e-01 -2.316109e-01 -6.682156e-01
    outer loop
      vertex   -2.045463e+00 4.305429e+01 -7.137423e+00
      vertex   -1.845464e+00 4.303331e+01 -7.341758e+00
      vertex   -1.845466e+00 4.298385e+01 -7.324610e+00
    endloop
  endfacet
  facet normal -7.069969e-01 -2.316096e-01 -6.682159e-01
    outer loop
      vertex   -2.045461e+00 4.309386e+01 -7.151141e+00
      vertex   -1.845464e+00 4.303331e+01 -7.341758e+00
      vertex   -2.045463e+00 4.305429e+01 -7.137423e+00
    endloop
  endfacet
  facet normal -7.069950e-01 -1.963228e-01 -6.794228e-01
    outer loop
      vertex   -2.045461e+00 4.309386e+01 -7.151141e+00
      vertex   -1.845461e+00 4.308361e+01 -7.356294e+00
      vertex   -1.845464e+00 4.303331e+01 -7.341758e+00
    endloop
  endfacet
  facet normal -7.069953e-01 -1.963205e-01 -6.794232e-01
    outer loop
      vertex   -2.045459e+00 4.313410e+01 -7.162769e+00
      vertex   -1.845461e+00 4.308361e+01 -7.356294e+00
      vertex   -2.045461e+00 4.309386e+01 -7.151141e+00
    endloop
  endfacet
  facet normal -7.069935e-01 -1.604966e-01 -6.887677e-01
    outer loop
      vertex   -2.045459e+00 4.313410e+01 -7.162769e+00
      vertex   -1.845458e+00 4.313459e+01 -7.368178e+00
      vertex   -1.845461e+00 4.308361e+01 -7.356294e+00
    endloop
  endfacet
  facet normal -7.069940e-01 -1.604929e-01 -6.887681e-01
    outer loop
      vertex   -2.045456e+00 4.317489e+01 -7.172276e+00
      vertex   -1.845458e+00 4.313459e+01 -7.368178e+00
      vertex   -2.045459e+00 4.313410e+01 -7.162769e+00
    endloop
  endfacet
  facet normal -7.069921e-01 -1.242294e-01 -6.962250e-01
    outer loop
      vertex   -2.045456e+00 4.317489e+01 -7.172276e+00
      vertex   -1.845456e+00 4.318613e+01 -7.377377e+00
      vertex   -1.845458e+00 4.313459e+01 -7.368178e+00
    endloop
  endfacet
  facet normal -7.069928e-01 -1.242238e-01 -6.962253e-01
    outer loop
      vertex   -2.045454e+00 4.321612e+01 -7.179635e+00
      vertex   -1.845456e+00 4.318613e+01 -7.377377e+00
      vertex   -2.045456e+00 4.317489e+01 -7.172276e+00
    endloop
  endfacet
  facet normal -7.069908e-01 -8.761987e-02 -7.017740e-01
    outer loop
      vertex   -2.045454e+00 4.321612e+01 -7.179635e+00
      vertex   -1.845453e+00 4.323808e+01 -7.383866e+00
      vertex   -1.845456e+00 4.318613e+01 -7.377377e+00
    endloop
  endfacet
  facet normal -7.069908e-01 -8.762014e-02 -7.017740e-01
    outer loop
      vertex   -2.045452e+00 4.325768e+01 -7.184826e+00
      vertex   -1.845453e+00 4.323808e+01 -7.383866e+00
      vertex   -2.045454e+00 4.321612e+01 -7.179635e+00
    endloop
  endfacet
  facet normal -7.069889e-01 -5.076685e-02 -7.054002e-01
    outer loop
      vertex   -2.045452e+00 4.325768e+01 -7.184826e+00
      vertex   -1.845450e+00 4.329030e+01 -7.387627e+00
      vertex   -1.845453e+00 4.323808e+01 -7.383866e+00
    endloop
  endfacet
  facet normal -7.069886e-01 -5.076903e-02 -7.054003e-01
    outer loop
      vertex   -2.045450e+00 4.329945e+01 -7.187835e+00
      vertex   -1.845450e+00 4.329030e+01 -7.387627e+00
      vertex   -2.045452e+00 4.325768e+01 -7.184826e+00
    endloop
  endfacet
  facet normal -7.069867e-01 -1.378068e-02 -7.070926e-01
    outer loop
      vertex   -2.045450e+00 4.329945e+01 -7.187835e+00
      vertex   -1.845448e+00 4.334265e+01 -7.388649e+00
      vertex   -1.845450e+00 4.329030e+01 -7.387627e+00
    endloop
  endfacet
  facet normal -7.069857e-01 -1.378869e-02 -7.070934e-01
    outer loop
      vertex   -2.045448e+00 4.334133e+01 -7.188654e+00
      vertex   -1.845448e+00 4.334265e+01 -7.388649e+00
      vertex   -2.045450e+00 4.329945e+01 -7.187835e+00
    endloop
  endfacet
  facet normal -7.071429e-01 -7.070551e-01 -4.693860e-03
    outer loop
      vertex   -1.845501e+00 4.230616e+01 -1.895409e+00
      vertex   -2.045491e+00 4.250616e+01 -1.894081e+00
      vertex   -1.845500e+00 4.233603e+01 -6.395310e+00
    endloop
  endfacet
  facet normal -7.071429e-01 -7.070551e-01 -4.693860e-03
    outer loop
      vertex   -1.845500e+00 4.233603e+01 -6.395310e+00
      vertex   -2.045491e+00 4.250616e+01 -1.894081e+00
      vertex   -2.045490e+00 4.253604e+01 -6.393982e+00
    endloop
  endfacet
  facet normal -7.069484e-01 7.071301e-01 -1.381966e-02
    outer loop
      vertex   -2.046217e+00 2.850647e+01 -1.987015e+00
      vertex   -1.846206e+00 2.871342e+01 -1.629748e+00
      vertex   -1.846207e+00 2.870646e+01 -1.985687e+00
    endloop
  endfacet
  facet normal -7.069483e-01 7.071302e-01 -1.381984e-02
    outer loop
      vertex   -2.046217e+00 2.851363e+01 -1.620607e+00
      vertex   -1.846206e+00 2.871342e+01 -1.629748e+00
      vertex   -2.046217e+00 2.850647e+01 -1.987015e+00
    endloop
  endfacet
  facet normal -7.069483e-01 7.054379e-01 -5.080706e-02
    outer loop
      vertex   -2.046217e+00 2.851363e+01 -1.620607e+00
      vertex   -1.846205e+00 2.873899e+01 -1.274662e+00
      vertex   -1.846206e+00 2.871342e+01 -1.629748e+00
    endloop
  endfacet
  facet normal -7.069486e-01 7.054377e-01 -5.080671e-02
    outer loop
      vertex   -2.046215e+00 2.853996e+01 -1.255077e+00
      vertex   -1.846205e+00 2.873899e+01 -1.274662e+00
      vertex   -2.046217e+00 2.851363e+01 -1.620607e+00
    endloop
  endfacet
  facet normal -7.069488e-01 7.018120e-01 -8.765454e-02
    outer loop
      vertex   -2.046215e+00 2.853996e+01 -1.255077e+00
      vertex   -1.846203e+00 2.878311e+01 -9.214003e-01
      vertex   -1.846205e+00 2.873899e+01 -1.274662e+00
    endloop
  endfacet
  facet normal -7.069488e-01 7.018120e-01 -8.765459e-02
    outer loop
      vertex   -2.046213e+00 2.858538e+01 -8.914254e-01
      vertex   -1.846203e+00 2.878311e+01 -9.214003e-01
      vertex   -2.046215e+00 2.853996e+01 -1.255077e+00
    endloop
  endfacet
  facet normal -7.069491e-01 6.962625e-01 -1.242637e-01
    outer loop
      vertex   -2.046213e+00 2.858538e+01 -8.914254e-01
      vertex   -1.846199e+00 2.884567e+01 -5.709322e-01
      vertex   -1.846203e+00 2.878311e+01 -9.214003e-01
    endloop
  endfacet
  facet normal -7.069484e-01 6.962630e-01 -1.242645e-01
    outer loop
      vertex   -2.046210e+00 2.864978e+01 -5.306493e-01
      vertex   -1.846199e+00 2.884567e+01 -5.709322e-01
      vertex   -2.046213e+00 2.858538e+01 -8.914254e-01
    endloop
  endfacet
  facet normal -7.069488e-01 6.888054e-01 -1.605317e-01
    outer loop
      vertex   -2.046210e+00 2.864978e+01 -5.306493e-01
      vertex   -1.846195e+00 2.892648e+01 -2.242182e-01
      vertex   -1.846199e+00 2.884567e+01 -5.709322e-01
    endloop
  endfacet
  facet normal -7.069508e-01 6.888040e-01 -1.605291e-01
    outer loop
      vertex   -2.046205e+00 2.873296e+01 -1.737378e-01
      vertex   -1.846195e+00 2.892648e+01 -2.242182e-01
      vertex   -2.046210e+00 2.864978e+01 -5.306493e-01
    endloop
  endfacet
  facet normal -7.069513e-01 6.794585e-01 -1.963568e-01
    outer loop
      vertex   -2.046205e+00 2.873296e+01 -1.737378e-01
      vertex   -1.846190e+00 2.902532e+01 1.177916e-01
      vertex   -1.846195e+00 2.892648e+01 -2.242182e-01
    endloop
  endfacet
  facet normal -7.069507e-01 6.794589e-01 -1.963577e-01
    outer loop
      vertex   -2.046200e+00 2.883471e+01 1.783312e-01
      vertex   -1.846190e+00 2.902532e+01 1.177916e-01
      vertex   -2.046205e+00 2.873296e+01 -1.737378e-01
    endloop
  endfacet
  facet normal -7.069513e-01 6.682512e-01 -2.316467e-01
    outer loop
      vertex   -2.046200e+00 2.883471e+01 1.783312e-01
      vertex   -1.846184e+00 2.914193e+01 4.541596e-01
      vertex   -1.846190e+00 2.902532e+01 1.177916e-01
    endloop
  endfacet
  facet normal -7.069501e-01 6.682519e-01 -2.316483e-01
    outer loop
      vertex   -2.046194e+00 2.895475e+01 5.245921e-01
      vertex   -1.846184e+00 2.914193e+01 4.541596e-01
      vertex   -2.046200e+00 2.883471e+01 1.783312e-01
    endloop
  endfacet
  facet normal -7.069508e-01 6.552130e-01 -2.663015e-01
    outer loop
      vertex   -2.046194e+00 2.895475e+01 5.245921e-01
      vertex   -1.846177e+00 2.927598e+01 7.839636e-01
      vertex   -1.846184e+00 2.914193e+01 4.541596e-01
    endloop
  endfacet
  facet normal -7.069516e-01 6.552126e-01 -2.663005e-01
    outer loop
      vertex   -2.046187e+00 2.909274e+01 8.640965e-01
      vertex   -1.846177e+00 2.927598e+01 7.839636e-01
      vertex   -2.046194e+00 2.895475e+01 5.245921e-01
    endloop
  endfacet
  facet normal -7.069524e-01 6.403775e-01 -3.002249e-01
    outer loop
      vertex   -2.046187e+00 2.909274e+01 8.640965e-01
      vertex   -1.846169e+00 2.942710e+01 1.106300e+00
      vertex   -1.846177e+00 2.927598e+01 7.839636e-01
    endloop
  endfacet
  facet normal -7.069521e-01 6.403777e-01 -3.002253e-01
    outer loop
      vertex   -2.046179e+00 2.924832e+01 1.195913e+00
      vertex   -1.846169e+00 2.942710e+01 1.106300e+00
      vertex   -2.046187e+00 2.909274e+01 8.640965e-01
    endloop
  endfacet
  facet normal -7.069529e-01 6.237871e-01 -3.333275e-01
    outer loop
      vertex   -2.046179e+00 2.924832e+01 1.195913e+00
      vertex   -1.846161e+00 2.959490e+01 1.420286e+00
      vertex   -1.846169e+00 2.942710e+01 1.106300e+00
    endloop
  endfacet
  facet normal -7.069531e-01 6.237870e-01 -3.333273e-01
    outer loop
      vertex   -2.046170e+00 2.942104e+01 1.519134e+00
      vertex   -1.846161e+00 2.959490e+01 1.420286e+00
      vertex   -2.046179e+00 2.924832e+01 1.195913e+00
    endloop
  endfacet
  facet normal -7.069540e-01 6.054873e-01 -3.655150e-01
    outer loop
      vertex   -2.046170e+00 2.942104e+01 1.519134e+00
      vertex   -1.846151e+00 2.977889e+01 1.725059e+00
      vertex   -1.846161e+00 2.959490e+01 1.420286e+00
    endloop
  endfacet
  facet normal -7.069550e-01 6.054870e-01 -3.655135e-01
    outer loop
      vertex   -2.046160e+00 2.961045e+01 1.832871e+00
      vertex   -1.846151e+00 2.977889e+01 1.725059e+00
      vertex   -2.046170e+00 2.942104e+01 1.519134e+00
    endloop
  endfacet
  facet normal -7.069561e-01 5.855273e-01 -3.967000e-01
    outer loop
      vertex   -2.046160e+00 2.961045e+01 1.832871e+00
      vertex   -1.846141e+00 2.997858e+01 2.019785e+00
      vertex   -1.846151e+00 2.977889e+01 1.725059e+00
    endloop
  endfacet
  facet normal -7.069550e-01 5.855275e-01 -3.967016e-01
    outer loop
      vertex   -2.046149e+00 2.981601e+01 2.136266e+00
      vertex   -1.846141e+00 2.997858e+01 2.019785e+00
      vertex   -2.046160e+00 2.961045e+01 1.832871e+00
    endloop
  endfacet
  facet normal -7.069561e-01 5.639643e-01 -4.267990e-01
    outer loop
      vertex   -2.046149e+00 2.981601e+01 2.136266e+00
      vertex   -1.846129e+00 3.019343e+01 2.303657e+00
      vertex   -1.846141e+00 2.997858e+01 2.019785e+00
    endloop
  endfacet
  facet normal -7.069563e-01 5.639642e-01 -4.267987e-01
    outer loop
      vertex   -2.046138e+00 3.003717e+01 2.428487e+00
      vertex   -1.846129e+00 3.019343e+01 2.303657e+00
      vertex   -2.046149e+00 2.981601e+01 2.136266e+00
    endloop
  endfacet
  facet normal -7.069575e-01 5.408539e-01 -4.557281e-01
    outer loop
      vertex   -2.046138e+00 3.003717e+01 2.428487e+00
      vertex   -1.846118e+00 3.042283e+01 2.575895e+00
      vertex   -1.846129e+00 3.019343e+01 2.303657e+00
    endloop
  endfacet
  facet normal -7.069574e-01 5.408539e-01 -4.557283e-01
    outer loop
      vertex   -2.046125e+00 3.027333e+01 2.708732e+00
      vertex   -1.846118e+00 3.042283e+01 2.575895e+00
      vertex   -2.046138e+00 3.003717e+01 2.428487e+00
    endloop
  endfacet
  facet normal -7.069586e-01 5.162626e-01 -4.834071e-01
    outer loop
      vertex   -2.046125e+00 3.027333e+01 2.708732e+00
      vertex   -1.846105e+00 3.066617e+01 2.835754e+00
      vertex   -1.846118e+00 3.042283e+01 2.575895e+00
    endloop
  endfacet
  facet normal -7.069584e-01 5.162626e-01 -4.834075e-01
    outer loop
      vertex   -2.046112e+00 3.052382e+01 2.976234e+00
      vertex   -1.846105e+00 3.066617e+01 2.835754e+00
      vertex   -2.046125e+00 3.027333e+01 2.708732e+00
    endloop
  endfacet
  facet normal -7.069597e-01 4.902547e-01 -5.097629e-01
    outer loop
      vertex   -2.046112e+00 3.052382e+01 2.976234e+00
      vertex   -1.846092e+00 3.092278e+01 3.082522e+00
      vertex   -1.846105e+00 3.066617e+01 2.835754e+00
    endloop
  endfacet
  facet normal -7.069600e-01 4.902548e-01 -5.097625e-01
    outer loop
      vertex   -2.046099e+00 3.078798e+01 3.230259e+00
      vertex   -1.846092e+00 3.092278e+01 3.082522e+00
      vertex   -2.046112e+00 3.052382e+01 2.976234e+00
    endloop
  endfacet
  facet normal -7.069614e-01 4.629045e-01 -5.347195e-01
    outer loop
      vertex   -2.046099e+00 3.078798e+01 3.230259e+00
      vertex   -1.846078e+00 3.119194e+01 3.315521e+00
      vertex   -1.846092e+00 3.092278e+01 3.082522e+00
    endloop
  endfacet
  facet normal -7.069615e-01 4.629046e-01 -5.347193e-01
    outer loop
      vertex   -2.046084e+00 3.106506e+01 3.470112e+00
      vertex   -1.846078e+00 3.119194e+01 3.315521e+00
      vertex   -2.046099e+00 3.078798e+01 3.230259e+00
    endloop
  endfacet
  facet normal -7.069630e-01 4.342846e-01 -5.582116e-01
    outer loop
      vertex   -2.046084e+00 3.106506e+01 3.470112e+00
      vertex   -1.846063e+00 3.147294e+01 3.534114e+00
      vertex   -1.846078e+00 3.119194e+01 3.315521e+00
    endloop
  endfacet
  facet normal -7.069628e-01 4.342845e-01 -5.582119e-01
    outer loop
      vertex   -2.046069e+00 3.135432e+01 3.695134e+00
      vertex   -1.846063e+00 3.147294e+01 3.534114e+00
      vertex   -2.046084e+00 3.106506e+01 3.470112e+00
    endloop
  endfacet
  facet normal -7.069644e-01 4.044752e-01 -5.801734e-01
    outer loop
      vertex   -2.046069e+00 3.135432e+01 3.695134e+00
      vertex   -1.846048e+00 3.176499e+01 3.737702e+00
      vertex   -1.846063e+00 3.147294e+01 3.534114e+00
    endloop
  endfacet
  facet normal -7.069654e-01 4.044756e-01 -5.801718e-01
    outer loop
      vertex   -2.046054e+00 3.165496e+01 3.904710e+00
      vertex   -1.846048e+00 3.176499e+01 3.737702e+00
      vertex   -2.046069e+00 3.135432e+01 3.695134e+00
    endloop
  endfacet
  facet normal -7.069671e-01 3.735568e-01 -6.005438e-01
    outer loop
      vertex   -2.046054e+00 3.165496e+01 3.904710e+00
      vertex   -1.846032e+00 3.206729e+01 3.925726e+00
      vertex   -1.846048e+00 3.176499e+01 3.737702e+00
    endloop
  endfacet
  facet normal -7.069660e-01 3.735564e-01 -6.005453e-01
    outer loop
      vertex   -2.046038e+00 3.196615e+01 4.098263e+00
      vertex   -1.846032e+00 3.206729e+01 3.925726e+00
      vertex   -2.046054e+00 3.165496e+01 3.904710e+00
    endloop
  endfacet
  facet normal -7.069677e-01 3.416156e-01 -6.192701e-01
    outer loop
      vertex   -2.046038e+00 3.196615e+01 4.098263e+00
      vertex   -1.846016e+00 3.237902e+01 4.097671e+00
      vertex   -1.846032e+00 3.206729e+01 3.925726e+00
    endloop
  endfacet
  facet normal -7.069676e-01 3.416155e-01 -6.192703e-01
    outer loop
      vertex   -2.046021e+00 3.228705e+01 4.275265e+00
      vertex   -1.846016e+00 3.237902e+01 4.097671e+00
      vertex   -2.046038e+00 3.196615e+01 4.098263e+00
    endloop
  endfacet
  facet normal -7.069693e-01 3.087363e-01 -6.362990e-01
    outer loop
      vertex   -2.046021e+00 3.228705e+01 4.275265e+00
      vertex   -1.846000e+00 3.269932e+01 4.253065e+00
      vertex   -1.846016e+00 3.237902e+01 4.097671e+00
    endloop
  endfacet
  facet normal -7.069696e-01 3.087365e-01 -6.362985e-01
    outer loop
      vertex   -2.046004e+00 3.261678e+01 4.435230e+00
      vertex   -1.846000e+00 3.269932e+01 4.253065e+00
      vertex   -2.046021e+00 3.228705e+01 4.275265e+00
    endloop
  endfacet
  facet normal -7.069713e-01 2.750125e-01 -6.515825e-01
    outer loop
      vertex   -2.046004e+00 3.261678e+01 4.435230e+00
      vertex   -1.845983e+00 3.302732e+01 4.391483e+00
      vertex   -1.846000e+00 3.269932e+01 4.253065e+00
    endloop
  endfacet
  facet normal -7.069705e-01 2.750120e-01 -6.515835e-01
    outer loop
      vertex   -2.045986e+00 3.295442e+01 4.577719e+00
      vertex   -1.845983e+00 3.302732e+01 4.391483e+00
      vertex   -2.046004e+00 3.261678e+01 4.435230e+00
    endloop
  endfacet
  facet normal -7.069723e-01 2.405346e-01 -6.650814e-01
    outer loop
      vertex   -2.045986e+00 3.295442e+01 4.577719e+00
      vertex   -1.845965e+00 3.336211e+01 4.512545e+00
      vertex   -1.845983e+00 3.302732e+01 4.391483e+00
    endloop
  endfacet
  facet normal -7.069734e-01 2.405353e-01 -6.650799e-01
    outer loop
      vertex   -2.045969e+00 3.329906e+01 4.702342e+00
      vertex   -1.845965e+00 3.336211e+01 4.512545e+00
      vertex   -2.045986e+00 3.295442e+01 4.577719e+00
    endloop
  endfacet
  facet normal -7.069752e-01 2.053964e-01 -6.767557e-01
    outer loop
      vertex   -2.045969e+00 3.329906e+01 4.702342e+00
      vertex   -1.845948e+00 3.370278e+01 4.615920e+00
      vertex   -1.845965e+00 3.336211e+01 4.512545e+00
    endloop
  endfacet
  facet normal -7.069759e-01 2.053969e-01 -6.767549e-01
    outer loop
      vertex   -2.045950e+00 3.364974e+01 4.808758e+00
      vertex   -1.845948e+00 3.370278e+01 4.615920e+00
      vertex   -2.045969e+00 3.329906e+01 4.702342e+00
    endloop
  endfacet
  facet normal -7.069778e-01 1.696978e-01 -6.865749e-01
    outer loop
      vertex   -2.045950e+00 3.364974e+01 4.808758e+00
      vertex   -1.845930e+00 3.404839e+01 4.701325e+00
      vertex   -1.845948e+00 3.370278e+01 4.615920e+00
    endloop
  endfacet
  facet normal -7.069758e-01 1.696961e-01 -6.865774e-01
    outer loop
      vertex   -2.045932e+00 3.400552e+01 4.896673e+00
      vertex   -1.845930e+00 3.404839e+01 4.701325e+00
      vertex   -2.045950e+00 3.364974e+01 4.808758e+00
    endloop
  endfacet
  facet normal -7.069776e-01 1.335326e-01 -6.945154e-01
    outer loop
      vertex   -2.045932e+00 3.400552e+01 4.896673e+00
      vertex   -1.845911e+00 3.439799e+01 4.768524e+00
      vertex   -1.845930e+00 3.404839e+01 4.701325e+00
    endloop
  endfacet
  facet normal -7.069783e-01 1.335331e-01 -6.945147e-01
    outer loop
      vertex   -2.045913e+00 3.436541e+01 4.965850e+00
      vertex   -1.845911e+00 3.439799e+01 4.768524e+00
      vertex   -2.045932e+00 3.400552e+01 4.896673e+00
    endloop
  endfacet
  facet normal -7.069802e-01 9.700020e-02 -7.005498e-01
    outer loop
      vertex   -2.045913e+00 3.436541e+01 4.965850e+00
      vertex   -1.845893e+00 3.475064e+01 4.817334e+00
      vertex   -1.845911e+00 3.439799e+01 4.768524e+00
    endloop
  endfacet
  facet normal -7.069802e-01 9.700025e-02 -7.005497e-01
    outer loop
      vertex   -2.045894e+00 3.472842e+01 5.016095e+00
      vertex   -1.845893e+00 3.475064e+01 4.817334e+00
      vertex   -2.045913e+00 3.436541e+01 4.965850e+00
    endloop
  endfacet
  facet normal -7.069821e-01 6.020408e-02 -7.046643e-01
    outer loop
      vertex   -2.045894e+00 3.472842e+01 5.016095e+00
      vertex   -1.845875e+00 3.510535e+01 4.847621e+00
      vertex   -1.845893e+00 3.475064e+01 4.817334e+00
    endloop
  endfacet
  facet normal -7.069818e-01 6.020378e-02 -7.046646e-01
    outer loop
      vertex   -2.045876e+00 3.509357e+01 5.047273e+00
      vertex   -1.845875e+00 3.510535e+01 4.847621e+00
      vertex   -2.045894e+00 3.472842e+01 5.016095e+00
    endloop
  endfacet
  facet normal -7.069837e-01 2.324244e-02 -7.068478e-01
    outer loop
      vertex   -2.045876e+00 3.509357e+01 5.047273e+00
      vertex   -1.845856e+00 3.546117e+01 4.859302e+00
      vertex   -1.845875e+00 3.510535e+01 4.847621e+00
    endloop
  endfacet
  facet normal -7.069839e-01 2.324260e-02 -7.068476e-01
    outer loop
      vertex   -2.045857e+00 3.545985e+01 5.059298e+00
      vertex   -1.845856e+00 3.546117e+01 4.859302e+00
      vertex   -2.045876e+00 3.509357e+01 5.047273e+00
    endloop
  endfacet
  facet normal -7.069858e-01 -1.378300e-02 -7.070934e-01
    outer loop
      vertex   -2.045857e+00 3.545985e+01 5.059298e+00
      vertex   -1.845838e+00 3.581711e+01 4.852346e+00
      vertex   -1.845856e+00 3.546117e+01 4.859302e+00
    endloop
  endfacet
  facet normal -7.069856e-01 -1.378318e-02 -7.070936e-01
    outer loop
      vertex   -2.045838e+00 3.582626e+01 5.052137e+00
      vertex   -1.845838e+00 3.581711e+01 4.852346e+00
      vertex   -2.045857e+00 3.545985e+01 5.059298e+00
    endloop
  endfacet
  facet normal -7.069876e-01 -5.077040e-02 -7.054013e-01
    outer loop
      vertex   -2.045838e+00 3.582626e+01 5.052137e+00
      vertex   -1.845819e+00 3.617219e+01 4.826771e+00
      vertex   -1.845838e+00 3.581711e+01 4.852346e+00
    endloop
  endfacet
  facet normal -7.069878e-01 -5.077005e-02 -7.054010e-01
    outer loop
      vertex   -2.045819e+00 3.619179e+01 5.025809e+00
      vertex   -1.845819e+00 3.617219e+01 4.826771e+00
      vertex   -2.045838e+00 3.582626e+01 5.052137e+00
    endloop
  endfacet
  facet normal -7.069898e-01 -8.761788e-02 -7.017753e-01
    outer loop
      vertex   -2.045819e+00 3.619179e+01 5.025809e+00
      vertex   -1.845801e+00 3.652546e+01 4.782647e+00
      vertex   -1.845819e+00 3.617219e+01 4.826771e+00
    endloop
  endfacet
  facet normal -7.069897e-01 -8.761793e-02 -7.017753e-01
    outer loop
      vertex   -2.045800e+00 3.655544e+01 4.980388e+00
      vertex   -1.845801e+00 3.652546e+01 4.782647e+00
      vertex   -2.045819e+00 3.619179e+01 5.025809e+00
    endloop
  endfacet
  facet normal -7.069916e-01 -1.242270e-01 -6.962259e-01
    outer loop
      vertex   -2.045800e+00 3.655544e+01 4.980388e+00
      vertex   -1.845783e+00 3.687592e+01 4.720095e+00
      vertex   -1.845801e+00 3.652546e+01 4.782647e+00
    endloop
  endfacet
  facet normal -7.069910e-01 -1.242278e-01 -6.962264e-01
    outer loop
      vertex   -2.045781e+00 3.691622e+01 4.915995e+00
      vertex   -1.845783e+00 3.687592e+01 4.720095e+00
      vertex   -2.045800e+00 3.655544e+01 4.980388e+00
    endloop
  endfacet
  facet normal -7.069929e-01 -1.604950e-01 -6.887688e-01
    outer loop
      vertex   -2.045781e+00 3.691622e+01 4.915995e+00
      vertex   -1.845765e+00 3.722264e+01 4.639286e+00
      vertex   -1.845783e+00 3.687592e+01 4.720095e+00
    endloop
  endfacet
  facet normal -7.069949e-01 -1.604924e-01 -6.887673e-01
    outer loop
      vertex   -2.045762e+00 3.727313e+01 4.832811e+00
      vertex   -1.845765e+00 3.722264e+01 4.639286e+00
      vertex   -2.045781e+00 3.691622e+01 4.915995e+00
    endloop
  endfacet
  facet normal -7.069968e-01 -1.963202e-01 -6.794218e-01
    outer loop
      vertex   -2.045762e+00 3.727313e+01 4.832811e+00
      vertex   -1.845747e+00 3.756465e+01 4.540443e+00
      vertex   -1.845765e+00 3.722264e+01 4.639286e+00
    endloop
  endfacet
  facet normal -7.069961e-01 -1.963211e-01 -6.794222e-01
    outer loop
      vertex   -2.045744e+00 3.762520e+01 4.731061e+00
      vertex   -1.845747e+00 3.756465e+01 4.540443e+00
      vertex   -2.045762e+00 3.727313e+01 4.832811e+00
    endloop
  endfacet
  facet normal -7.069979e-01 -2.316101e-01 -6.682146e-01
    outer loop
      vertex   -2.045744e+00 3.762520e+01 4.731061e+00
      vertex   -1.845730e+00 3.790102e+01 4.423836e+00
      vertex   -1.845747e+00 3.756465e+01 4.540443e+00
    endloop
  endfacet
  facet normal -7.069968e-01 -2.316116e-01 -6.682152e-01
    outer loop
      vertex   -2.045726e+00 3.797146e+01 4.611023e+00
      vertex   -1.845730e+00 3.790102e+01 4.423836e+00
      vertex   -2.045744e+00 3.762520e+01 4.731061e+00
    endloop
  endfacet
  facet normal -7.069986e-01 -2.662649e-01 -6.551763e-01
    outer loop
      vertex   -2.045726e+00 3.797146e+01 4.611023e+00
      vertex   -1.845713e+00 3.823082e+01 4.289784e+00
      vertex   -1.845730e+00 3.790102e+01 4.423836e+00
    endloop
  endfacet
  facet normal -7.069993e-01 -2.662638e-01 -6.551759e-01
    outer loop
      vertex   -2.045709e+00 3.831096e+01 4.473030e+00
      vertex   -1.845713e+00 3.823082e+01 4.289784e+00
      vertex   -2.045726e+00 3.797146e+01 4.611023e+00
    endloop
  endfacet
  facet normal -7.070011e-01 -3.001882e-01 -6.403409e-01
    outer loop
      vertex   -2.045709e+00 3.831096e+01 4.473030e+00
      vertex   -1.845696e+00 3.855316e+01 4.138656e+00
      vertex   -1.845713e+00 3.823082e+01 4.289784e+00
    endloop
  endfacet
  facet normal -7.070008e-01 -3.001886e-01 -6.403410e-01
    outer loop
      vertex   -2.045691e+00 3.864278e+01 4.317456e+00
      vertex   -1.845696e+00 3.855316e+01 4.138656e+00
      vertex   -2.045709e+00 3.831096e+01 4.473030e+00
    endloop
  endfacet
  facet normal -7.070026e-01 -3.332908e-01 -6.237504e-01
    outer loop
      vertex   -2.045691e+00 3.864278e+01 4.317456e+00
      vertex   -1.845680e+00 3.886714e+01 3.970865e+00
      vertex   -1.845696e+00 3.855316e+01 4.138656e+00
    endloop
  endfacet
  facet normal -7.070027e-01 -3.332906e-01 -6.237504e-01
    outer loop
      vertex   -2.045675e+00 3.896600e+01 4.144730e+00
      vertex   -1.845680e+00 3.886714e+01 3.970865e+00
      vertex   -2.045691e+00 3.864278e+01 4.317456e+00
    endloop
  endfacet
  facet normal -7.070044e-01 -3.654783e-01 -6.054506e-01
    outer loop
      vertex   -2.045675e+00 3.896600e+01 4.144730e+00
      vertex   -1.845664e+00 3.917192e+01 3.786871e+00
      vertex   -1.845680e+00 3.886714e+01 3.970865e+00
    endloop
  endfacet
  facet normal -7.070054e-01 -3.654768e-01 -6.054503e-01
    outer loop
      vertex   -2.045658e+00 3.927974e+01 3.955325e+00
      vertex   -1.845664e+00 3.917192e+01 3.786871e+00
      vertex   -2.045675e+00 3.896600e+01 4.144730e+00
    endloop
  endfacet
  facet normal -7.070070e-01 -3.966633e-01 -5.854907e-01
    outer loop
      vertex   -2.045658e+00 3.927974e+01 3.955325e+00
      vertex   -1.845649e+00 3.946664e+01 3.587179e+00
      vertex   -1.845664e+00 3.917192e+01 3.786871e+00
    endloop
  endfacet
  facet normal -7.070059e-01 -3.966649e-01 -5.854909e-01
    outer loop
      vertex   -2.045643e+00 3.958313e+01 3.749759e+00
      vertex   -1.845649e+00 3.946664e+01 3.587179e+00
      vertex   -2.045658e+00 3.927974e+01 3.955325e+00
    endloop
  endfacet
  facet normal -7.070075e-01 -4.267623e-01 -5.639276e-01
    outer loop
      vertex   -2.045643e+00 3.958313e+01 3.749759e+00
      vertex   -1.845634e+00 3.975051e+01 3.372335e+00
      vertex   -1.845649e+00 3.946664e+01 3.587179e+00
    endloop
  endfacet
  facet normal -7.070077e-01 -4.267620e-01 -5.639276e-01
    outer loop
      vertex   -2.045628e+00 3.987535e+01 3.528597e+00
      vertex   -1.845634e+00 3.975051e+01 3.372335e+00
      vertex   -2.045643e+00 3.958313e+01 3.749759e+00
    endloop
  endfacet
  facet normal -7.070092e-01 -4.556914e-01 -5.408173e-01
    outer loop
      vertex   -2.045628e+00 3.987535e+01 3.528597e+00
      vertex   -1.845620e+00 4.002275e+01 3.142930e+00
      vertex   -1.845634e+00 3.975051e+01 3.372335e+00
    endloop
  endfacet
  facet normal -7.070090e-01 -4.556916e-01 -5.408173e-01
    outer loop
      vertex   -2.045613e+00 4.015560e+01 3.292444e+00
      vertex   -1.845620e+00 4.002275e+01 3.142930e+00
      vertex   -2.045628e+00 3.987535e+01 3.528597e+00
    endloop
  endfacet
  facet normal -7.070105e-01 -4.833704e-01 -5.162259e-01
    outer loop
      vertex   -2.045613e+00 4.015560e+01 3.292444e+00
      vertex   -1.845606e+00 4.028261e+01 2.899591e+00
      vertex   -1.845620e+00 4.002275e+01 3.142930e+00
    endloop
  endfacet
  facet normal -7.070102e-01 -4.833708e-01 -5.162259e-01
    outer loop
      vertex   -2.045599e+00 4.042310e+01 3.041948e+00
      vertex   -1.845606e+00 4.028261e+01 2.899591e+00
      vertex   -2.045613e+00 4.015560e+01 3.292444e+00
    endloop
  endfacet
  facet normal -7.070116e-01 -5.097263e-01 -4.902181e-01
    outer loop
      vertex   -2.045599e+00 4.042310e+01 3.041948e+00
      vertex   -1.845594e+00 4.052938e+01 2.642985e+00
      vertex   -1.845606e+00 4.028261e+01 2.899591e+00
    endloop
  endfacet
  facet normal -7.070118e-01 -5.097259e-01 -4.902181e-01
    outer loop
      vertex   -2.045586e+00 4.067713e+01 2.777795e+00
      vertex   -1.845594e+00 4.052938e+01 2.642985e+00
      vertex   -2.045599e+00 4.042310e+01 3.041948e+00
    endloop
  endfacet
  facet normal -7.070131e-01 -5.346828e-01 -4.628679e-01
    outer loop
      vertex   -2.045586e+00 4.067713e+01 2.777795e+00
      vertex   -1.845581e+00 4.076238e+01 2.373817e+00
      vertex   -1.845594e+00 4.052938e+01 2.642985e+00
    endloop
  endfacet
  facet normal -7.070133e-01 -5.346826e-01 -4.628679e-01
    outer loop
      vertex   -2.045574e+00 4.091698e+01 2.500710e+00
      vertex   -1.845581e+00 4.076238e+01 2.373817e+00
      vertex   -2.045586e+00 4.067713e+01 2.777795e+00
    endloop
  endfacet
  facet normal -7.070145e-01 -5.581749e-01 -4.342479e-01
    outer loop
      vertex   -2.045574e+00 4.091698e+01 2.500710e+00
      vertex   -1.845570e+00 4.098097e+01 2.092822e+00
      vertex   -1.845581e+00 4.076238e+01 2.373817e+00
    endloop
  endfacet
  facet normal -7.070143e-01 -5.581752e-01 -4.342479e-01
    outer loop
      vertex   -2.045562e+00 4.114200e+01 2.211451e+00
      vertex   -1.845570e+00 4.098097e+01 2.092822e+00
      vertex   -2.045574e+00 4.091698e+01 2.500710e+00
    endloop
  endfacet
  facet normal -7.070154e-01 -5.801367e-01 -4.044386e-01
    outer loop
      vertex   -2.045562e+00 4.114200e+01 2.211451e+00
      vertex   -1.845560e+00 4.118456e+01 1.800773e+00
      vertex   -1.845570e+00 4.098097e+01 2.092822e+00
    endloop
  endfacet
  facet normal -7.070165e-01 -5.801352e-01 -4.044389e-01
    outer loop
      vertex   -2.045551e+00 4.135158e+01 1.910812e+00
      vertex   -1.845560e+00 4.118456e+01 1.800773e+00
      vertex   -2.045562e+00 4.114200e+01 2.211451e+00
    endloop
  endfacet
  facet normal -7.070176e-01 -6.005072e-01 -3.735201e-01
    outer loop
      vertex   -2.045551e+00 4.135158e+01 1.910812e+00
      vertex   -1.845550e+00 4.137258e+01 1.498469e+00
      vertex   -1.845560e+00 4.118456e+01 1.800773e+00
    endloop
  endfacet
  facet normal -7.070166e-01 -6.005086e-01 -3.735197e-01
    outer loop
      vertex   -2.045541e+00 4.154513e+01 1.599617e+00
      vertex   -1.845550e+00 4.137258e+01 1.498469e+00
      vertex   -2.045551e+00 4.135158e+01 1.910812e+00
    endloop
  endfacet
  facet normal -7.070175e-01 -6.192334e-01 -3.415789e-01
    outer loop
      vertex   -2.045541e+00 4.154513e+01 1.599617e+00
      vertex   -1.845541e+00 4.154453e+01 1.186739e+00
      vertex   -1.845550e+00 4.137258e+01 1.498469e+00
    endloop
  endfacet
  facet normal -7.070174e-01 -6.192337e-01 -3.415788e-01
    outer loop
      vertex   -2.045532e+00 4.172213e+01 1.278718e+00
      vertex   -1.845541e+00 4.154453e+01 1.186739e+00
      vertex   -2.045541e+00 4.154513e+01 1.599617e+00
    endloop
  endfacet
  facet normal -7.070183e-01 -6.362623e-01 -3.086997e-01
    outer loop
      vertex   -2.045532e+00 4.172213e+01 1.278718e+00
      vertex   -1.845533e+00 4.169992e+01 8.664370e-01
      vertex   -1.845541e+00 4.154453e+01 1.186739e+00
    endloop
  endfacet
  facet normal -7.070186e-01 -6.362619e-01 -3.086998e-01
    outer loop
      vertex   -2.045523e+00 4.188210e+01 9.489956e-01
      vertex   -1.845533e+00 4.169992e+01 8.664370e-01
      vertex   -2.045532e+00 4.172213e+01 1.278718e+00
    endloop
  endfacet
  facet normal -7.070193e-01 -6.515458e-01 -2.749758e-01
    outer loop
      vertex   -2.045523e+00 4.188210e+01 9.489956e-01
      vertex   -1.845526e+00 4.183834e+01 5.384417e-01
      vertex   -1.845533e+00 4.169992e+01 8.664370e-01
    endloop
  endfacet
  facet normal -7.070186e-01 -6.515468e-01 -2.749753e-01
    outer loop
      vertex   -2.045516e+00 4.202459e+01 6.113531e-01
      vertex   -1.845526e+00 4.183834e+01 5.384417e-01
      vertex   -2.045523e+00 4.188210e+01 9.489956e-01
    endloop
  endfacet
  facet normal -7.070193e-01 -6.650448e-01 -2.404979e-01
    outer loop
      vertex   -2.045516e+00 4.202459e+01 6.113531e-01
      vertex   -1.845519e+00 4.195940e+01 2.036514e-01
      vertex   -1.845526e+00 4.183834e+01 5.384417e-01
    endloop
  endfacet
  facet normal -7.070204e-01 -6.650433e-01 -2.404987e-01
    outer loop
      vertex   -2.045510e+00 4.214921e+01 2.667163e-01
      vertex   -1.845519e+00 4.195940e+01 2.036514e-01
      vertex   -2.045516e+00 4.202459e+01 6.113531e-01
    endloop
  endfacet
  facet normal -7.070210e-01 -6.767191e-01 -2.053597e-01
    outer loop
      vertex   -2.045510e+00 4.214921e+01 2.667163e-01
      vertex   -1.845514e+00 4.206278e+01 -1.370160e-01
      vertex   -1.845519e+00 4.195940e+01 2.036514e-01
    endloop
  endfacet
  facet normal -7.070217e-01 -6.767182e-01 -2.053602e-01
    outer loop
      vertex   -2.045504e+00 4.225562e+01 -8.397079e-02
      vertex   -1.845514e+00 4.206278e+01 -1.370160e-01
      vertex   -2.045510e+00 4.214921e+01 2.667163e-01
    endloop
  endfacet
  facet normal -7.070222e-01 -6.865382e-01 -1.696611e-01
    outer loop
      vertex   -2.045504e+00 4.225562e+01 -8.397079e-02
      vertex   -1.845510e+00 4.214818e+01 -4.826266e-01
      vertex   -1.845514e+00 4.206278e+01 -1.370160e-01
    endloop
  endfacet
  facet normal -7.070202e-01 -6.865407e-01 -1.696594e-01
    outer loop
      vertex   -2.045500e+00 4.234354e+01 -4.397465e-01
      vertex   -1.845510e+00 4.214818e+01 -4.826266e-01
      vertex   -2.045504e+00 4.225562e+01 -8.397079e-02
    endloop
  endfacet
  facet normal -7.070206e-01 -6.944788e-01 -1.334959e-01
    outer loop
      vertex   -2.045500e+00 4.234354e+01 -4.397465e-01
      vertex   -1.845506e+00 4.221538e+01 -8.322334e-01
      vertex   -1.845510e+00 4.214818e+01 -4.826266e-01
    endloop
  endfacet
  facet normal -7.070212e-01 -6.944780e-01 -1.334965e-01
    outer loop
      vertex   -2.045496e+00 4.241272e+01 -7.996359e-01
      vertex   -1.845506e+00 4.221538e+01 -8.322334e-01
      vertex   -2.045500e+00 4.234354e+01 -4.397465e-01
    endloop
  endfacet
  facet normal -7.070215e-01 -7.005131e-01 -9.696354e-02
    outer loop
      vertex   -2.045496e+00 4.241272e+01 -7.996359e-01
      vertex   -1.845504e+00 4.226419e+01 -1.184878e+00
      vertex   -1.845506e+00 4.221538e+01 -8.322334e-01
    endloop
  endfacet
  facet normal -7.070216e-01 -7.005131e-01 -9.696359e-02
    outer loop
      vertex   -2.045493e+00 4.246296e+01 -1.162652e+00
      vertex   -1.845504e+00 4.226419e+01 -1.184878e+00
      vertex   -2.045496e+00 4.241272e+01 -7.996359e-01
    endloop
  endfacet
  facet normal -7.070218e-01 -7.046276e-01 -6.016742e-02
    outer loop
      vertex   -2.045493e+00 4.246296e+01 -1.162652e+00
      vertex   -1.845502e+00 4.229448e+01 -1.539594e+00
      vertex   -1.845504e+00 4.226419e+01 -1.184878e+00
    endloop
  endfacet
  facet normal -7.070215e-01 -7.046280e-01 -6.016712e-02
    outer loop
      vertex   -2.045492e+00 4.249414e+01 -1.527801e+00
      vertex   -1.845502e+00 4.229448e+01 -1.539594e+00
      vertex   -2.045493e+00 4.246296e+01 -1.162652e+00
    endloop
  endfacet
  facet normal -7.070216e-01 -7.068111e-01 -2.320578e-02
    outer loop
      vertex   -2.045492e+00 4.249414e+01 -1.527801e+00
      vertex   -1.845501e+00 4.230616e+01 -1.895409e+00
      vertex   -1.845502e+00 4.229448e+01 -1.539594e+00
    endloop
  endfacet
  facet normal -7.070217e-01 -7.068110e-01 -2.320594e-02
    outer loop
      vertex   -2.045491e+00 4.250616e+01 -1.894081e+00
      vertex   -1.845501e+00 4.230616e+01 -1.895409e+00
      vertex   -2.045492e+00 4.249414e+01 -1.527801e+00
    endloop
  endfacet
  facet normal -7.070696e-01 7.071284e-01 4.693860e-03
    outer loop
      vertex   -1.846205e+00 2.873633e+01 -6.485588e+00
      vertex   -2.046216e+00 2.853635e+01 -6.486916e+00
      vertex   -1.846207e+00 2.870646e+01 -1.985687e+00
    endloop
  endfacet
  facet normal -7.070696e-01 7.071284e-01 4.693860e-03
    outer loop
      vertex   -1.846207e+00 2.870646e+01 -1.985687e+00
      vertex   -2.046216e+00 2.853635e+01 -6.486916e+00
      vertex   -2.046217e+00 2.850647e+01 -1.987015e+00
    endloop
  endfacet
  facet normal -7.069839e-01 2.324013e-02 -7.068477e-01
    outer loop
      vertex   -2.046257e+00 2.774167e+01 -7.292209e+00
      vertex   -1.846254e+00 2.779532e+01 -7.490486e+00
      vertex   -1.846257e+00 2.774299e+01 -7.492204e+00
    endloop
  endfacet
  facet normal -7.069848e-01 2.324809e-02 -7.068465e-01
    outer loop
      vertex   -2.046255e+00 2.778353e+01 -7.290834e+00
      vertex   -1.846254e+00 2.779532e+01 -7.490486e+00
      vertex   -2.046257e+00 2.774167e+01 -7.292209e+00
    endloop
  endfacet
  facet normal -7.069829e-01 6.020057e-02 -7.046638e-01
    outer loop
      vertex   -2.046255e+00 2.778353e+01 -7.290834e+00
      vertex   -1.846251e+00 2.784748e+01 -7.486033e+00
      vertex   -1.846254e+00 2.779532e+01 -7.490486e+00
    endloop
  endfacet
  facet normal -7.069831e-01 6.020270e-02 -7.046634e-01
    outer loop
      vertex   -2.046252e+00 2.782526e+01 -7.287271e+00
      vertex   -1.846251e+00 2.784748e+01 -7.486033e+00
      vertex   -2.046255e+00 2.778353e+01 -7.290834e+00
    endloop
  endfacet
  facet normal -7.069812e-01 9.700218e-02 -7.005484e-01
    outer loop
      vertex   -2.046252e+00 2.782526e+01 -7.287271e+00
      vertex   -1.846248e+00 2.789934e+01 -7.478855e+00
      vertex   -1.846251e+00 2.784748e+01 -7.486033e+00
    endloop
  endfacet
  facet normal -7.069813e-01 9.700243e-02 -7.005484e-01
    outer loop
      vertex   -2.046250e+00 2.786675e+01 -7.281528e+00
      vertex   -1.846248e+00 2.789934e+01 -7.478855e+00
      vertex   -2.046252e+00 2.782526e+01 -7.287271e+00
    endloop
  endfacet
  facet normal -7.069793e-01 1.335347e-01 -6.945133e-01
    outer loop
      vertex   -2.046250e+00 2.786675e+01 -7.281528e+00
      vertex   -1.846246e+00 2.795075e+01 -7.468972e+00
      vertex   -1.846248e+00 2.789934e+01 -7.478855e+00
    endloop
  endfacet
  facet normal -7.069787e-01 1.335294e-01 -6.945150e-01
    outer loop
      vertex   -2.046248e+00 2.790788e+01 -7.273623e+00
      vertex   -1.846246e+00 2.795075e+01 -7.468972e+00
      vertex   -2.046250e+00 2.786675e+01 -7.281528e+00
    endloop
  endfacet
  facet normal -7.069768e-01 1.696997e-01 -6.865754e-01
    outer loop
      vertex   -2.046248e+00 2.790788e+01 -7.273623e+00
      vertex   -1.846243e+00 2.800158e+01 -7.456413e+00
      vertex   -1.846246e+00 2.795075e+01 -7.468972e+00
    endloop
  endfacet
  facet normal -7.069764e-01 1.696962e-01 -6.865767e-01
    outer loop
      vertex   -2.046246e+00 2.794854e+01 -7.263575e+00
      vertex   -1.846243e+00 2.800158e+01 -7.456413e+00
      vertex   -2.046248e+00 2.790788e+01 -7.273623e+00
    endloop
  endfacet
  facet normal -7.069744e-01 2.053988e-01 -6.767559e-01
    outer loop
      vertex   -2.046246e+00 2.794854e+01 -7.263575e+00
      vertex   -1.846241e+00 2.805168e+01 -7.441210e+00
      vertex   -1.846243e+00 2.800158e+01 -7.456413e+00
    endloop
  endfacet
  facet normal -7.069742e-01 2.053966e-01 -6.767568e-01
    outer loop
      vertex   -2.046244e+00 2.798862e+01 -7.251414e+00
      vertex   -1.846241e+00 2.805168e+01 -7.441210e+00
      vertex   -2.046246e+00 2.794854e+01 -7.263575e+00
    endloop
  endfacet
  facet normal -7.069724e-01 2.405350e-01 -6.650812e-01
    outer loop
      vertex   -2.046244e+00 2.798862e+01 -7.251414e+00
      vertex   -1.846238e+00 2.810091e+01 -7.423407e+00
      vertex   -1.846241e+00 2.805168e+01 -7.441210e+00
    endloop
  endfacet
  facet normal -7.069722e-01 2.405337e-01 -6.650818e-01
    outer loop
      vertex   -2.046242e+00 2.802801e+01 -7.237171e+00
      vertex   -1.846238e+00 2.810091e+01 -7.423407e+00
      vertex   -2.046244e+00 2.798862e+01 -7.251414e+00
    endloop
  endfacet
  facet normal -7.069705e-01 2.750058e-01 -6.515862e-01
    outer loop
      vertex   -2.046242e+00 2.802801e+01 -7.237171e+00
      vertex   -1.846235e+00 2.814914e+01 -7.403052e+00
      vertex   -1.846238e+00 2.810091e+01 -7.423407e+00
    endloop
  endfacet
  facet normal -7.069721e-01 2.750178e-01 -6.515793e-01
    outer loop
      vertex   -2.046240e+00 2.806660e+01 -7.220886e+00
      vertex   -1.846235e+00 2.814914e+01 -7.403052e+00
      vertex   -2.046242e+00 2.802801e+01 -7.237171e+00
    endloop
  endfacet
  facet normal -7.069702e-01 3.087421e-01 -6.362951e-01
    outer loop
      vertex   -2.046240e+00 2.806660e+01 -7.220886e+00
      vertex   -1.846233e+00 2.819625e+01 -7.380199e+00
      vertex   -1.846235e+00 2.814914e+01 -7.403052e+00
    endloop
  endfacet
  facet normal -7.069692e-01 3.087351e-01 -6.362996e-01
    outer loop
      vertex   -2.046238e+00 2.810428e+01 -7.202605e+00
      vertex   -1.846233e+00 2.819625e+01 -7.380199e+00
      vertex   -2.046240e+00 2.806660e+01 -7.220886e+00
    endloop
  endfacet
  facet normal -7.069676e-01 3.416133e-01 -6.192715e-01
    outer loop
      vertex   -2.046238e+00 2.810428e+01 -7.202605e+00
      vertex   -1.846231e+00 2.824209e+01 -7.354913e+00
      vertex   -1.846233e+00 2.819625e+01 -7.380199e+00
    endloop
  endfacet
  facet normal -7.069677e-01 3.416140e-01 -6.192710e-01
    outer loop
      vertex   -2.046236e+00 2.814095e+01 -7.182376e+00
      vertex   -1.846231e+00 2.824209e+01 -7.354913e+00
      vertex   -2.046238e+00 2.810428e+01 -7.202605e+00
    endloop
  endfacet
  facet normal -7.069660e-01 3.735578e-01 -6.005444e-01
    outer loop
      vertex   -2.046236e+00 2.814095e+01 -7.182376e+00
      vertex   -1.846228e+00 2.828655e+01 -7.327263e+00
      vertex   -1.846231e+00 2.824209e+01 -7.354913e+00
    endloop
  endfacet
  facet normal -7.069662e-01 3.735589e-01 -6.005435e-01
    outer loop
      vertex   -2.046234e+00 2.817652e+01 -7.160255e+00
      vertex   -1.846228e+00 2.828655e+01 -7.327263e+00
      vertex   -2.046236e+00 2.814095e+01 -7.182376e+00
    endloop
  endfacet
  facet normal -7.069646e-01 4.044740e-01 -5.801739e-01
    outer loop
      vertex   -2.046234e+00 2.817652e+01 -7.160255e+00
      vertex   -1.846226e+00 2.832949e+01 -7.297324e+00
      vertex   -1.846228e+00 2.828655e+01 -7.327263e+00
    endloop
  endfacet
  facet normal -7.069653e-01 4.044786e-01 -5.801699e-01
    outer loop
      vertex   -2.046232e+00 2.821088e+01 -7.136304e+00
      vertex   -1.846226e+00 2.832949e+01 -7.297324e+00
      vertex   -2.046234e+00 2.817652e+01 -7.160255e+00
    endloop
  endfacet
  facet normal -7.069637e-01 4.342835e-01 -5.582116e-01
    outer loop
      vertex   -2.046232e+00 2.821088e+01 -7.136304e+00
      vertex   -1.846224e+00 2.837082e+01 -7.265177e+00
      vertex   -1.846226e+00 2.832949e+01 -7.297324e+00
    endloop
  endfacet
  facet normal -7.069629e-01 4.342789e-01 -5.582161e-01
    outer loop
      vertex   -2.046231e+00 2.824393e+01 -7.110587e+00
      vertex   -1.846224e+00 2.837082e+01 -7.265177e+00
      vertex   -2.046232e+00 2.821088e+01 -7.136304e+00
    endloop
  endfacet
  facet normal -7.069616e-01 4.629040e-01 -5.347198e-01
    outer loop
      vertex   -2.046231e+00 2.824393e+01 -7.110587e+00
      vertex   -1.846222e+00 2.841040e+01 -7.230913e+00
      vertex   -1.846224e+00 2.837082e+01 -7.265177e+00
    endloop
  endfacet
  facet normal -7.069623e-01 4.629082e-01 -5.347152e-01
    outer loop
      vertex   -2.046229e+00 2.827560e+01 -7.083175e+00
      vertex   -1.846222e+00 2.841040e+01 -7.230913e+00
      vertex   -2.046231e+00 2.824393e+01 -7.110587e+00
    endloop
  endfacet
  facet normal -7.069607e-01 4.902574e-01 -5.097590e-01
    outer loop
      vertex   -2.046229e+00 2.827560e+01 -7.083175e+00
      vertex   -1.846220e+00 2.844814e+01 -7.194623e+00
      vertex   -1.846222e+00 2.841040e+01 -7.230913e+00
    endloop
  endfacet
  facet normal -7.069597e-01 4.902517e-01 -5.097659e-01
    outer loop
      vertex   -2.046227e+00 2.830579e+01 -7.054144e+00
      vertex   -1.846220e+00 2.844814e+01 -7.194623e+00
      vertex   -2.046229e+00 2.827560e+01 -7.083175e+00
    endloop
  endfacet
  facet normal -7.069585e-01 5.162600e-01 -4.834102e-01
    outer loop
      vertex   -2.046227e+00 2.830579e+01 -7.054144e+00
      vertex   -1.846218e+00 2.848392e+01 -7.156409e+00
      vertex   -1.846220e+00 2.844814e+01 -7.194623e+00
    endloop
  endfacet
  facet normal -7.069586e-01 5.162605e-01 -4.834094e-01
    outer loop
      vertex   -2.046226e+00 2.833442e+01 -7.023572e+00
      vertex   -1.846218e+00 2.848392e+01 -7.156409e+00
      vertex   -2.046227e+00 2.830579e+01 -7.054144e+00
    endloop
  endfacet
  facet normal -7.069573e-01 5.408539e-01 -4.557285e-01
    outer loop
      vertex   -2.046226e+00 2.833442e+01 -7.023572e+00
      vertex   -1.846216e+00 2.851766e+01 -7.116374e+00
      vertex   -1.846218e+00 2.848392e+01 -7.156409e+00
    endloop
  endfacet
  facet normal -7.069575e-01 5.408553e-01 -4.557265e-01
    outer loop
      vertex   -2.046225e+00 2.836141e+01 -6.991544e+00
      vertex   -1.846216e+00 2.851766e+01 -7.116374e+00
      vertex   -2.046226e+00 2.833442e+01 -7.023572e+00
    endloop
  endfacet
  facet normal -7.069563e-01 5.639646e-01 -4.267982e-01
    outer loop
      vertex   -2.046225e+00 2.836141e+01 -6.991544e+00
      vertex   -1.846215e+00 2.854925e+01 -7.074628e+00
      vertex   -1.846216e+00 2.851766e+01 -7.116374e+00
    endloop
  endfacet
  facet normal -7.069557e-01 5.639622e-01 -4.268022e-01
    outer loop
      vertex   -2.046223e+00 2.838668e+01 -6.958148e+00
      vertex   -1.846215e+00 2.854925e+01 -7.074628e+00
      vertex   -2.046225e+00 2.836141e+01 -6.991544e+00
    endloop
  endfacet
  facet normal -7.069547e-01 5.855292e-01 -3.966997e-01
    outer loop
      vertex   -2.046223e+00 2.838668e+01 -6.958148e+00
      vertex   -1.846213e+00 2.857862e+01 -7.031286e+00
      vertex   -1.846215e+00 2.854925e+01 -7.074628e+00
    endloop
  endfacet
  facet normal -7.069549e-01 5.855303e-01 -3.966976e-01
    outer loop
      vertex   -2.046222e+00 2.841018e+01 -6.923474e+00
      vertex   -1.846213e+00 2.857862e+01 -7.031286e+00
      vertex   -2.046223e+00 2.838668e+01 -6.958148e+00
    endloop
  endfacet
  facet normal -7.069539e-01 6.054871e-01 -3.655155e-01
    outer loop
      vertex   -2.046222e+00 2.841018e+01 -6.923474e+00
      vertex   -1.846212e+00 2.860568e+01 -6.986466e+00
      vertex   -1.846213e+00 2.857862e+01 -7.031286e+00
    endloop
  endfacet
  facet normal -7.069540e-01 6.054876e-01 -3.655144e-01
    outer loop
      vertex   -2.046221e+00 2.843182e+01 -6.887618e+00
      vertex   -1.846212e+00 2.860568e+01 -6.986466e+00
      vertex   -2.046222e+00 2.841018e+01 -6.923474e+00
    endloop
  endfacet
  facet normal -7.069531e-01 6.237848e-01 -3.333313e-01
    outer loop
      vertex   -2.046221e+00 2.843182e+01 -6.887618e+00
      vertex   -1.846211e+00 2.863035e+01 -6.940292e+00
      vertex   -1.846212e+00 2.860568e+01 -6.986466e+00
    endloop
  endfacet
  facet normal -7.069536e-01 6.237863e-01 -3.333277e-01
    outer loop
      vertex   -2.046220e+00 2.845156e+01 -6.850679e+00
      vertex   -1.846211e+00 2.863035e+01 -6.940292e+00
      vertex   -2.046221e+00 2.843182e+01 -6.887618e+00
    endloop
  endfacet
  facet normal -7.069527e-01 6.403797e-01 -3.002194e-01
    outer loop
      vertex   -2.046220e+00 2.845156e+01 -6.850679e+00
      vertex   -1.846209e+00 2.865258e+01 -6.892890e+00
      vertex   -1.846211e+00 2.863035e+01 -6.940292e+00
    endloop
  endfacet
  facet normal -7.069524e-01 6.403790e-01 -3.002217e-01
    outer loop
      vertex   -2.046219e+00 2.846934e+01 -6.812757e+00
      vertex   -1.846209e+00 2.865258e+01 -6.892890e+00
      vertex   -2.046220e+00 2.845156e+01 -6.850679e+00
    endloop
  endfacet
  facet normal -7.069516e-01 6.552129e-01 -2.662996e-01
    outer loop
      vertex   -2.046219e+00 2.846934e+01 -6.812757e+00
      vertex   -1.846208e+00 2.867229e+01 -6.844389e+00
      vertex   -1.846209e+00 2.865258e+01 -6.892890e+00
    endloop
  endfacet
  facet normal -7.069517e-01 6.552133e-01 -2.662983e-01
    outer loop
      vertex   -2.046218e+00 2.848511e+01 -6.773956e+00
      vertex   -1.846208e+00 2.867229e+01 -6.844389e+00
      vertex   -2.046219e+00 2.846934e+01 -6.812757e+00
    endloop
  endfacet
  facet normal -7.069510e-01 6.682513e-01 -2.316472e-01
    outer loop
      vertex   -2.046218e+00 2.848511e+01 -6.773956e+00
      vertex   -1.846207e+00 2.868944e+01 -6.794923e+00
      vertex   -1.846208e+00 2.867229e+01 -6.844389e+00
    endloop
  endfacet
  facet normal -7.069514e-01 6.682519e-01 -2.316443e-01
    outer loop
      vertex   -2.046217e+00 2.849883e+01 -6.734383e+00
      vertex   -1.846207e+00 2.868944e+01 -6.794923e+00
      vertex   -2.046218e+00 2.848511e+01 -6.773956e+00
    endloop
  endfacet
  facet normal -7.069508e-01 6.794580e-01 -1.963603e-01
    outer loop
      vertex   -2.046217e+00 2.849883e+01 -6.734383e+00
      vertex   -1.846207e+00 2.870397e+01 -6.744627e+00
      vertex   -1.846207e+00 2.868944e+01 -6.794923e+00
    endloop
  endfacet
  facet normal -7.069502e-01 6.794573e-01 -1.963649e-01
    outer loop
      vertex   -2.046217e+00 2.851046e+01 -6.694147e+00
      vertex   -1.846207e+00 2.870397e+01 -6.744627e+00
      vertex   -2.046217e+00 2.849883e+01 -6.734383e+00
    endloop
  endfacet
  facet normal -7.069499e-01 6.888042e-01 -1.605323e-01
    outer loop
      vertex   -2.046217e+00 2.851046e+01 -6.694147e+00
      vertex   -1.846206e+00 2.871586e+01 -6.693640e+00
      vertex   -1.846207e+00 2.870397e+01 -6.744627e+00
    endloop
  endfacet
  facet normal -7.069498e-01 6.888042e-01 -1.605330e-01
    outer loop
      vertex   -2.046216e+00 2.851997e+01 -6.653357e+00
      vertex   -1.846206e+00 2.871586e+01 -6.693640e+00
      vertex   -2.046217e+00 2.851046e+01 -6.694147e+00
    endloop
  endfacet
  facet normal -7.069494e-01 6.962632e-01 -1.242584e-01
    outer loop
      vertex   -2.046216e+00 2.851997e+01 -6.653357e+00
      vertex   -1.846206e+00 2.872506e+01 -6.642101e+00
      vertex   -1.846206e+00 2.871586e+01 -6.693640e+00
    endloop
  endfacet
  facet normal -7.069493e-01 6.962632e-01 -1.242589e-01
    outer loop
      vertex   -2.046216e+00 2.852733e+01 -6.612125e+00
      vertex   -1.846206e+00 2.872506e+01 -6.642101e+00
      vertex   -2.046216e+00 2.851997e+01 -6.653357e+00
    endloop
  endfacet
  facet normal -7.069489e-01 7.018116e-01 -8.765665e-02
    outer loop
      vertex   -2.046216e+00 2.852733e+01 -6.612125e+00
      vertex   -1.846205e+00 2.873155e+01 -6.590150e+00
      vertex   -1.846206e+00 2.872506e+01 -6.642101e+00
    endloop
  endfacet
  facet normal -7.069487e-01 7.018116e-01 -8.765824e-02
    outer loop
      vertex   -2.046216e+00 2.853252e+01 -6.570566e+00
      vertex   -1.846205e+00 2.873155e+01 -6.590150e+00
      vertex   -2.046216e+00 2.852733e+01 -6.612125e+00
    endloop
  endfacet
  facet normal -7.069486e-01 7.054380e-01 -5.080296e-02
    outer loop
      vertex   -2.046216e+00 2.853252e+01 -6.570566e+00
      vertex   -1.846205e+00 2.873531e+01 -6.537931e+00
      vertex   -1.846205e+00 2.873155e+01 -6.590150e+00
    endloop
  endfacet
  facet normal -7.069483e-01 7.054381e-01 -5.080498e-02
    outer loop
      vertex   -2.046216e+00 2.853553e+01 -6.528791e+00
      vertex   -1.846205e+00 2.873531e+01 -6.537931e+00
      vertex   -2.046216e+00 2.853252e+01 -6.570566e+00
    endloop
  endfacet
  facet normal -7.069483e-01 7.071301e-01 -1.382572e-02
    outer loop
      vertex   -2.046216e+00 2.853553e+01 -6.528791e+00
      vertex   -1.846205e+00 2.873633e+01 -6.485588e+00
      vertex   -1.846205e+00 2.873531e+01 -6.537931e+00
    endloop
  endfacet
  facet normal -7.069483e-01 7.071301e-01 -1.382562e-02
    outer loop
      vertex   -2.046216e+00 2.853635e+01 -6.486916e+00
      vertex   -1.846205e+00 2.873633e+01 -6.485588e+00
      vertex   -2.046216e+00 2.853553e+01 -6.528791e+00
    endloop
  endfacet
  facet normal -7.071060e-01 4.730527e-03 -7.070917e-01
    outer loop
      vertex   -2.046257e+00 2.774167e+01 -7.292209e+00
      vertex   -1.846257e+00 2.774299e+01 -7.492204e+00
      vertex   -2.046443e+00 2.415403e+01 -7.316024e+00
    endloop
  endfacet
  facet normal -7.071060e-01 4.730527e-03 -7.070917e-01
    outer loop
      vertex   -2.046443e+00 2.415403e+01 -7.316024e+00
      vertex   -1.846257e+00 2.774299e+01 -7.492204e+00
      vertex   -1.846447e+00 2.407251e+01 -7.516570e+00
    endloop
  endfacet
  facet normal 3.690896e-05 7.117851e-01 -7.023973e-01
    outer loop
      vertex   -1.845230e+00 4.753904e+01 -6.831344e+00
      vertex   -7.746946e-01 4.701307e+01 -7.364284e+00
      vertex   -1.845257e+00 4.701313e+01 -7.364284e+00
    endloop
  endfacet
  facet normal 3.755851e-05 7.117857e-01 -7.023967e-01
    outer loop
      vertex   -1.845230e+00 4.753904e+01 -6.831344e+00
      vertex   -3.452353e-01 4.743963e+01 -6.932005e+00
      vertex   -7.746946e-01 4.701307e+01 -7.364284e+00
    endloop
  endfacet
  facet normal 3.690874e-05 7.117809e-01 -7.024016e-01
    outer loop
      vertex   -4.452302e-01 4.753897e+01 -6.831344e+00
      vertex   -3.452353e-01 4.743963e+01 -6.932005e+00
      vertex   -1.845230e+00 4.753904e+01 -6.831344e+00
    endloop
  endfacet
  facet normal 5.185294e-05 9.999780e-01 6.638116e-03
    outer loop
      vertex   -4.452302e-01 4.753897e+01 -6.831344e+00
      vertex   -1.845230e+00 4.753904e+01 -6.831344e+00
      vertex   -4.452336e-01 4.747298e+01 3.109563e+00
    endloop
  endfacet
  facet normal 5.185294e-05 9.999780e-01 6.638116e-03
    outer loop
      vertex   -4.452336e-01 4.747298e+01 3.109563e+00
      vertex   -1.845230e+00 4.753904e+01 -6.831344e+00
      vertex   -1.845233e+00 4.747305e+01 3.109563e+00
    endloop
  endfacet
  facet normal 3.642217e-05 7.023973e-01 7.117851e-01
    outer loop
      vertex   -4.452336e-01 4.747298e+01 3.109563e+00
      vertex   -1.845233e+00 4.747305e+01 3.109563e+00
      vertex   -4.456005e-01 4.039703e+01 1.009218e+01
    endloop
  endfacet
  facet normal 3.642217e-05 7.023973e-01 7.117851e-01
    outer loop
      vertex   -4.456005e-01 4.039703e+01 1.009218e+01
      vertex   -1.845233e+00 4.747305e+01 3.109563e+00
      vertex   -1.845600e+00 4.039710e+01 1.009218e+01
    endloop
  endfacet
  facet normal -3.442134e-07 -6.638116e-03 9.999780e-01
    outer loop
      vertex   -4.456005e-01 4.039703e+01 1.009218e+01
      vertex   -1.845600e+00 4.039710e+01 1.009218e+01
      vertex   -4.461160e-01 3.045613e+01 1.002619e+01
    endloop
  endfacet
  facet normal -3.442134e-07 -6.638116e-03 9.999780e-01
    outer loop
      vertex   -4.461160e-01 3.045613e+01 1.002619e+01
      vertex   -1.845600e+00 4.039710e+01 1.009218e+01
      vertex   -1.846116e+00 3.045620e+01 1.002619e+01
    endloop
  endfacet
  facet normal -3.690896e-05 -7.117851e-01 7.023973e-01
    outer loop
      vertex   -4.461160e-01 3.045613e+01 1.002619e+01
      vertex   -1.846116e+00 3.045620e+01 1.002619e+01
      vertex   -4.464780e-01 2.347351e+01 2.950248e+00
    endloop
  endfacet
  facet normal -3.690896e-05 -7.117851e-01 7.023973e-01
    outer loop
      vertex   -4.464780e-01 2.347351e+01 2.950248e+00
      vertex   -1.846116e+00 3.045620e+01 1.002619e+01
      vertex   -1.846478e+00 2.347358e+01 2.950248e+00
    endloop
  endfacet
  facet normal -5.185294e-05 -9.999780e-01 -6.638116e-03
    outer loop
      vertex   -4.464780e-01 2.347351e+01 2.950248e+00
      vertex   -1.846478e+00 2.347358e+01 2.950248e+00
      vertex   -4.464746e-01 2.353950e+01 -6.990659e+00
    endloop
  endfacet
  facet normal -5.185294e-05 -9.999780e-01 -6.638116e-03
    outer loop
      vertex   -4.464746e-01 2.353950e+01 -6.990659e+00
      vertex   -1.846478e+00 2.347358e+01 2.950248e+00
      vertex   -1.846475e+00 2.353957e+01 -6.990659e+00
    endloop
  endfacet
  facet normal -3.642217e-05 -7.023973e-01 -7.117851e-01
    outer loop
      vertex   -7.758842e-01 2.407245e+01 -7.516570e+00
      vertex   -1.846475e+00 2.353957e+01 -6.990659e+00
      vertex   -1.846447e+00 2.407251e+01 -7.516570e+00
    endloop
  endfacet
  facet normal -3.577269e-05 -7.023980e-01 -7.117844e-01
    outer loop
      vertex   -3.464694e-01 2.364015e+01 -7.089993e+00
      vertex   -1.846475e+00 2.353957e+01 -6.990659e+00
      vertex   -7.758842e-01 2.407245e+01 -7.516570e+00
    endloop
  endfacet
  facet normal -3.642195e-05 -7.023931e-01 -7.117892e-01
    outer loop
      vertex   -4.464746e-01 2.353950e+01 -6.990659e+00
      vertex   -1.846475e+00 2.353957e+01 -6.990659e+00
      vertex   -3.464694e-01 2.364015e+01 -7.089993e+00
    endloop
  endfacet
  facet normal 7.071473e-01 7.070507e-01 4.693831e-03
    outer loop
      vertex   -4.452336e-01 4.747298e+01 3.109563e+00
      vertex   -3.452360e-01 4.742655e+01 -4.961486e+00
      vertex   -4.452302e-01 4.753897e+01 -6.831344e+00
    endloop
  endfacet
  facet normal 7.071473e-01 7.070507e-01 4.693831e-03
    outer loop
      vertex   -4.452302e-01 4.753897e+01 -6.831344e+00
      vertex   -3.452360e-01 4.742655e+01 -4.961486e+00
      vertex   -3.452353e-01 4.743963e+01 -6.932005e+00
    endloop
  endfacet
  facet normal 7.071431e-01 7.070549e-01 4.693755e-03
    outer loop
      vertex   -4.525424e-02 4.707407e+01 2.941226e+00
      vertex   -3.452360e-01 4.742655e+01 -4.961486e+00
      vertex   -4.452336e-01 4.747298e+01 3.109563e+00
    endloop
  endfacet
  facet normal 7.071417e-01 7.070563e-01 4.693868e-03
    outer loop
      vertex   -4.525151e-02 4.712654e+01 -4.963477e+00
      vertex   -3.452360e-01 4.742655e+01 -4.961486e+00
      vertex   -4.525424e-02 4.707407e+01 2.941226e+00
    endloop
  endfacet
  facet normal 7.071325e-01 4.966333e-01 5.033081e-01
    outer loop
      vertex   -4.560892e-02 4.023398e+01 9.691093e+00
      vertex   -4.525424e-02 4.707407e+01 2.941226e+00
      vertex   -4.456005e-01 4.039703e+01 1.009218e+01
    endloop
  endfacet
  facet normal 7.071325e-01 4.966333e-01 5.033081e-01
    outer loop
      vertex   -4.456005e-01 4.039703e+01 1.009218e+01
      vertex   -4.525424e-02 4.707407e+01 2.941226e+00
      vertex   -4.452336e-01 4.747298e+01 3.109563e+00
    endloop
  endfacet
  facet normal 7.071062e-01 -4.730525e-03 7.070916e-01
    outer loop
      vertex   -4.610722e-02 3.062444e+01 9.627302e+00
      vertex   -4.560892e-02 4.023398e+01 9.691093e+00
      vertex   -4.461160e-01 3.045613e+01 1.002619e+01
    endloop
  endfacet
  facet normal 7.071062e-01 -4.730525e-03 7.070916e-01
    outer loop
      vertex   -4.461160e-01 3.045613e+01 1.002619e+01
      vertex   -4.560892e-02 4.023398e+01 9.691093e+00
      vertex   -4.456005e-01 4.039703e+01 1.009218e+01
    endloop
  endfacet
  facet normal 7.070806e-01 -5.033448e-01 4.966700e-01
    outer loop
      vertex   -4.610722e-02 3.062444e+01 9.627302e+00
      vertex   -4.461160e-01 3.045613e+01 1.002619e+01
      vertex   -4.645722e-02 2.387457e+01 2.787222e+00
    endloop
  endfacet
  facet normal 7.070806e-01 -5.033448e-01 4.966700e-01
    outer loop
      vertex   -4.645722e-02 2.387457e+01 2.787222e+00
      vertex   -4.461160e-01 3.045613e+01 1.002619e+01
      vertex   -4.464780e-01 2.347351e+01 2.950248e+00
    endloop
  endfacet
  facet normal 7.070684e-01 -7.071296e-01 -4.693868e-03
    outer loop
      vertex   -3.464701e-01 2.362707e+01 -5.119473e+00
      vertex   -4.645450e-02 2.392705e+01 -5.117482e+00
      vertex   -4.645722e-02 2.387457e+01 2.787222e+00
    endloop
  endfacet
  facet normal 7.070739e-01 -7.071240e-01 -4.693831e-03
    outer loop
      vertex   -4.464780e-01 2.347351e+01 2.950248e+00
      vertex   -4.464746e-01 2.353950e+01 -6.990659e+00
      vertex   -3.464701e-01 2.362707e+01 -5.119473e+00
    endloop
  endfacet
  facet normal 7.070739e-01 -7.071240e-01 -4.693831e-03
    outer loop
      vertex   -3.464701e-01 2.362707e+01 -5.119473e+00
      vertex   -4.464746e-01 2.353950e+01 -6.990659e+00
      vertex   -3.464694e-01 2.364015e+01 -7.089993e+00
    endloop
  endfacet
  facet normal 7.070697e-01 -7.071283e-01 -4.693963e-03
    outer loop
      vertex   -4.645722e-02 2.387457e+01 2.787222e+00
      vertex   -4.464780e-01 2.347351e+01 2.950248e+00
      vertex   -3.464701e-01 2.362707e+01 -5.119473e+00
    endloop
  endfacet
  facet normal -7.071063e-01 -0.000000e+00 -7.071073e-01
    outer loop
      vertex   3.250000e-01 4.181174e+01 -7.425000e+00
      vertex   4.000000e-01 4.181174e+01 -7.500000e+00
      vertex   3.250000e-01 2.886174e+01 -7.425000e+00
    endloop
  endfacet
  facet normal -7.071063e-01 -1.515534e-17 -7.071073e-01
    outer loop
      vertex   3.250000e-01 2.886174e+01 -7.425000e+00
      vertex   4.000000e-01 4.181174e+01 -7.500000e+00
      vertex   4.000000e-01 2.886174e+01 -7.500000e+00
    endloop
  endfacet
  facet normal -7.071069e-01 -1.570093e-16 7.071066e-01
    outer loop
      vertex   -1.776357e-15 5.043674e+01 7.100000e+00
      vertex   4.929390e-15 2.023674e+01 7.100000e+00
      vertex   4.000000e-01 5.003674e+01 7.500000e+00
    endloop
  endfacet
  facet normal -7.071069e-01 0.000000e+00 7.071066e-01
    outer loop
      vertex   4.000000e-01 5.003674e+01 7.500000e+00
      vertex   4.929390e-15 2.023674e+01 7.100000e+00
      vertex   4.000000e-01 2.063674e+01 7.500000e+00
    endloop
  endfacet
  facet normal -7.071064e-01 7.071071e-01 0.000000e+00
    outer loop
      vertex   4.000000e-01 5.083674e+01 6.700000e+00
      vertex   4.000000e-01 5.083674e+01 -6.700000e+00
      vertex   -1.776357e-15 5.043674e+01 7.100000e+00
    endloop
  endfacet
  facet normal -7.071064e-01 7.071071e-01 1.570092e-16
    outer loop
      vertex   -1.776357e-15 5.043674e+01 7.100000e+00
      vertex   4.000000e-01 5.083674e+01 -6.700000e+00
      vertex   -4.929390e-15 5.043674e+01 -7.100000e+00
    endloop
  endfacet
  facet normal -7.071064e-01 -7.071071e-01 1.570092e-16
    outer loop
      vertex   4.929390e-15 2.023674e+01 7.100000e+00
      vertex   1.776357e-15 2.023674e+01 -7.100000e+00
      vertex   4.000000e-01 1.983674e+01 6.700000e+00
    endloop
  endfacet
  facet normal -7.071064e-01 -7.071071e-01 -0.000000e+00
    outer loop
      vertex   4.000000e-01 1.983674e+01 6.700000e+00
      vertex   1.776357e-15 2.023674e+01 -7.100000e+00
      vertex   4.000000e-01 1.983674e+01 -6.700000e+00
    endloop
  endfacet
  facet normal -7.071063e-01 -1.659667e-16 -7.071073e-01
    outer loop
      vertex   3.594828e-01 2.181174e+01 -7.459483e+00
      vertex   4.000000e-01 2.181174e+01 -7.500000e+00
      vertex   4.000000e-01 2.063674e+01 -7.500000e+00
    endloop
  endfacet
  facet normal -7.071069e-01 -4.609809e-08 -7.071066e-01
    outer loop
      vertex   3.594828e-01 2.181174e+01 -7.459483e+00
      vertex   4.000000e-01 2.063674e+01 -7.500000e+00
      vertex   1.987865e-01 2.181174e+01 -7.298786e+00
    endloop
  endfacet
  facet normal -7.071069e-01 -4.609809e-08 -7.071066e-01
    outer loop
      vertex   1.987865e-01 2.181174e+01 -7.298786e+00
      vertex   4.000000e-01 2.063674e+01 -7.500000e+00
      vertex   1.776357e-15 2.023674e+01 -7.100000e+00
    endloop
  endfacet
  facet normal -7.071071e-01 -1.592005e-16 -7.071065e-01
    outer loop
      vertex   1.421756e-15 2.181174e+01 -7.100000e+00
      vertex   1.987865e-01 2.181174e+01 -7.298786e+00
      vertex   1.776357e-15 2.023674e+01 -7.100000e+00
    endloop
  endfacet
  facet normal -7.071071e-01 -1.570093e-16 -7.071065e-01
    outer loop
      vertex   -3.038179e-15 4.181174e+01 -7.100000e+00
      vertex   3.250000e-01 4.181174e+01 -7.425000e+00
      vertex   -1.627011e-16 2.886174e+01 -7.100000e+00
    endloop
  endfacet
  facet normal -7.071071e-01 2.331509e-19 -7.071065e-01
    outer loop
      vertex   -1.627011e-16 2.886174e+01 -7.100000e+00
      vertex   3.250000e-01 4.181174e+01 -7.425000e+00
      vertex   3.250000e-01 2.886174e+01 -7.425000e+00
    endloop
  endfacet
  facet normal 0.000000e+00 1.000000e+00 0.000000e+00
    outer loop
      vertex   -1.627011e-16 2.886174e+01 -7.100000e+00
      vertex   3.250000e-01 2.886174e+01 -7.425000e+00
      vertex   -2.775558e-16 2.886174e+01 -7.500000e+00
    endloop
  endfacet
  facet normal 0.000000e+00 1.000000e+00 0.000000e+00
    outer loop
      vertex   -2.775558e-16 2.886174e+01 -7.500000e+00
      vertex   3.250000e-01 2.886174e+01 -7.425000e+00
      vertex   4.000000e-01 2.886174e+01 -7.500000e+00
    endloop
  endfacet
  facet normal -1.000000e+00 -2.725225e-16 -4.184878e-17
    outer loop
      vertex   9.831871e-16 2.329636e+01 -7.500000e+00
      vertex   1.387779e-15 2.181174e+01 -7.500000e+00
      vertex   9.714451e-16 2.329441e+01 -7.206747e+00
    endloop
  endfacet
  facet normal -1.000000e+00 -2.976000e-16 8.494193e-17
    outer loop
      vertex   9.714451e-16 2.329441e+01 -7.206747e+00
      vertex   1.387779e-15 2.181174e+01 -7.500000e+00
      vertex   1.421756e-15 2.181174e+01 -7.100000e+00
    endloop
  endfacet
  facet normal -1.000000e+00 -2.844419e-16 2.677013e-16
    outer loop
      vertex   9.714451e-16 2.329441e+01 -7.206747e+00
      vertex   1.421756e-15 2.181174e+01 -7.100000e+00
      vertex   1.370432e-15 2.328459e+01 -5.726771e+00
    endloop
  endfacet
  facet normal -1.000000e+00 -2.251435e-16 2.041012e-16
    outer loop
      vertex   1.370432e-15 2.328459e+01 -5.726771e+00
      vertex   1.421756e-15 2.181174e+01 -7.100000e+00
      vertex   1.776357e-15 2.023674e+01 -7.100000e+00
    endloop
  endfacet
  facet normal -1.000000e+00 -2.358303e-16 2.278203e-16
    outer loop
      vertex   1.370432e-15 2.328459e+01 -5.726771e+00
      vertex   1.776357e-15 2.023674e+01 -7.100000e+00
      vertex   1.509209e-15 2.328057e+01 -5.121773e+00
    endloop
  endfacet
  facet normal -1.000000e+00 -2.320766e-16 2.220446e-16
    outer loop
      vertex   1.509209e-15 2.328057e+01 -5.121773e+00
      vertex   1.776357e-15 2.023674e+01 -7.100000e+00
      vertex   4.929390e-15 2.023674e+01 7.100000e+00
    endloop
  endfacet
  facet normal -1.000000e+00 -2.164709e-16 2.259312e-16
    outer loop
      vertex   1.509209e-15 2.328057e+01 -5.121773e+00
      vertex   4.929390e-15 2.023674e+01 7.100000e+00
      vertex   6.938894e-16 2.707327e+01 -5.096596e+00
    endloop
  endfacet
  facet normal -1.000000e+00 -2.220652e-16 2.227954e-16
    outer loop
      vertex   6.938894e-16 2.707327e+01 -5.096596e+00
      vertex   4.929390e-15 2.023674e+01 7.100000e+00
      vertex   -3.035766e-15 4.398119e+01 -4.984357e+00
    endloop
  endfacet
  facet normal -1.000000e+00 -2.221083e-16 2.292875e-16
    outer loop
      vertex   6.938894e-16 2.707327e+01 -5.096596e+00
      vertex   -3.035766e-15 4.398119e+01 -4.984357e+00
      vertex   -1.627011e-16 2.886174e+01 -7.100000e+00
    endloop
  endfacet
  facet normal -1.000000e+00 -2.220446e-16 2.288320e-16
    outer loop
      vertex   -1.627011e-16 2.886174e+01 -7.100000e+00
      vertex   -3.035766e-15 4.398119e+01 -4.984357e+00
      vertex   -3.038179e-15 4.181174e+01 -7.100000e+00
    endloop
  endfacet
  facet normal -1.000000e+00 -2.163605e-16 2.230033e-16
    outer loop
      vertex   -3.038179e-15 4.181174e+01 -7.100000e+00
      vertex   -3.035766e-15 4.398119e+01 -4.984357e+00
      vertex   -3.452100e-15 4.399351e+01 -6.839349e+00
    endloop
  endfacet
  facet normal -1.000000e+00 -2.237678e-16 2.850059e-16
    outer loop
      vertex   -3.038179e-15 4.181174e+01 -7.100000e+00
      vertex   -3.452100e-15 4.399351e+01 -6.839349e+00
      vertex   -3.608225e-15 4.399712e+01 -7.384304e+00
    endloop
  endfacet
  facet normal -1.000000e+00 -2.220446e-16 2.228360e-16
    outer loop
      vertex   4.929390e-15 2.023674e+01 7.100000e+00
      vertex   -1.776357e-15 5.043674e+01 7.100000e+00
      vertex   -3.035766e-15 4.398119e+01 -4.984357e+00
    endloop
  endfacet
  facet normal -1.000000e+00 -2.257381e-16 2.248091e-16
    outer loop
      vertex   -3.035766e-15 4.398119e+01 -4.984357e+00
      vertex   -1.776357e-15 5.043674e+01 7.100000e+00
      vertex   -3.885781e-15 4.777174e+01 -4.959194e+00
    endloop
  endfacet
  facet normal -1.000000e+00 -2.132287e-16 2.220446e-16
    outer loop
      vertex   -3.885781e-15 4.777174e+01 -4.959194e+00
      vertex   -1.776357e-15 5.043674e+01 7.100000e+00
      vertex   -4.929390e-15 5.043674e+01 -7.100000e+00
    endloop
  endfacet
  facet normal -1.000000e+00 -1.180958e-16 3.404718e-16
    outer loop
      vertex   -3.885781e-15 4.777174e+01 -4.959194e+00
      vertex   -4.929390e-15 5.043674e+01 -7.100000e+00
      vertex   -4.093947e-15 4.777579e+01 -5.569197e+00
    endloop
  endfacet
  facet normal -1.000000e+00 -2.220445e-16 1.597804e-16
    outer loop
      vertex   -4.093947e-15 4.777579e+01 -5.569197e+00
      vertex   -4.929390e-15 5.043674e+01 -7.100000e+00
      vertex   -4.579670e-15 4.886174e+01 -7.100000e+00
    endloop
  endfacet
  facet normal -1.000000e+00 -1.836586e-16 1.870114e-16
    outer loop
      vertex   -4.093947e-15 4.777579e+01 -5.569197e+00
      vertex   -4.579670e-15 4.886174e+01 -7.100000e+00
      vertex   -4.371503e-15 4.778558e+01 -7.043749e+00
    endloop
  endfacet
  facet normal -1.000000e+00 -1.819971e-16 2.187997e-16
    outer loop
      vertex   -4.371503e-15 4.778558e+01 -7.043749e+00
      vertex   -4.579670e-15 4.886174e+01 -7.100000e+00
      vertex   -4.440892e-15 4.778767e+01 -7.359142e+00
    endloop
  endfacet
  facet normal -1.000000e+00 -2.129147e-16 3.469448e-16
    outer loop
      vertex   -4.440892e-15 4.778767e+01 -7.359142e+00
      vertex   -4.579670e-15 4.886174e+01 -7.100000e+00
      vertex   -4.718448e-15 4.886174e+01 -7.500000e+00
    endloop
  endfacet
  facet normal -1.000000e+00 -2.215361e-16 2.812051e-16
    outer loop
      vertex   -4.440892e-15 4.778767e+01 -7.359142e+00
      vertex   -4.718448e-15 4.886174e+01 -7.500000e+00
      vertex   -3.608225e-15 4.399712e+01 -7.384304e+00
    endloop
  endfacet
  facet normal -1.000000e+00 -2.362177e-16 -3.361061e-16
    outer loop
      vertex   -3.608225e-15 4.399712e+01 -7.384304e+00
      vertex   -4.718448e-15 4.886174e+01 -7.500000e+00
      vertex   -3.053113e-15 4.181174e+01 -7.500000e+00
    endloop
  endfacet
  facet normal -1.000000e+00 -2.559880e-16 3.733690e-17
    outer loop
      vertex   -3.608225e-15 4.399712e+01 -7.384304e+00
      vertex   -3.053113e-15 4.181174e+01 -7.500000e+00
      vertex   -3.038179e-15 4.181174e+01 -7.100000e+00
    endloop
  endfacet
  facet normal -1.000000e+00 -2.392126e-16 2.871364e-16
    outer loop
      vertex   -2.775558e-16 2.886174e+01 -7.500000e+00
      vertex   1.474515e-16 2.708920e+01 -7.496543e+00
      vertex   -1.627011e-16 2.886174e+01 -7.100000e+00
    endloop
  endfacet
  facet normal -1.000000e+00 -2.270375e-16 2.327140e-16
    outer loop
      vertex   -1.627011e-16 2.886174e+01 -7.100000e+00
      vertex   1.474515e-16 2.708920e+01 -7.496543e+00
      vertex   2.775558e-16 2.708551e+01 -6.941067e+00
    endloop
  endfacet
  facet normal -1.000000e+00 -2.277986e-16 2.242077e-16
    outer loop
      vertex   -1.627011e-16 2.886174e+01 -7.100000e+00
      vertex   2.775558e-16 2.708551e+01 -6.941067e+00
      vertex   6.938894e-16 2.707327e+01 -5.096596e+00
    endloop
  endfacet
  facet normal -1.000000e+00 -2.329373e-16 3.505083e-15
    outer loop
      vertex   -2.775558e-16 2.886174e+01 -7.500000e+00
      vertex   2.566280e-16 2.656849e+01 -7.500000e+00
      vertex   1.474515e-16 2.708920e+01 -7.496543e+00
    endloop
  endfacet
  facet normal -7.071071e-01 -1.642853e-16 -7.071065e-01
    outer loop
      vertex   1.987865e-01 4.886174e+01 -7.298786e+00
      vertex   -4.579670e-15 4.886174e+01 -7.100000e+00
      vertex   -4.929390e-15 5.043674e+01 -7.100000e+00
    endloop
  endfacet
  facet normal -7.071069e-01 4.609809e-08 -7.071066e-01
    outer loop
      vertex   3.594828e-01 4.886174e+01 -7.459483e+00
      vertex   1.987865e-01 4.886174e+01 -7.298786e+00
      vertex   4.000000e-01 5.003674e+01 -7.500000e+00
    endloop
  endfacet
  facet normal -7.071069e-01 4.609809e-08 -7.071066e-01
    outer loop
      vertex   4.000000e-01 5.003674e+01 -7.500000e+00
      vertex   1.987865e-01 4.886174e+01 -7.298786e+00
      vertex   -4.929390e-15 5.043674e+01 -7.100000e+00
    endloop
  endfacet
  facet normal -7.071063e-01 0.000000e+00 -7.071073e-01
    outer loop
      vertex   4.000000e-01 4.886174e+01 -7.500000e+00
      vertex   3.594828e-01 4.886174e+01 -7.459483e+00
      vertex   4.000000e-01 5.003674e+01 -7.500000e+00
    endloop
  endfacet
  facet normal 0.000000e+00 1.000000e+00 0.000000e+00
    outer loop
      vertex   -4.579670e-15 4.886174e+01 -7.100000e+00
      vertex   1.987865e-01 4.886174e+01 -7.298786e+00
      vertex   -4.718448e-15 4.886174e+01 -7.500000e+00
    endloop
  endfacet
  facet normal 0.000000e+00 1.000000e+00 0.000000e+00
    outer loop
      vertex   -4.718448e-15 4.886174e+01 -7.500000e+00
      vertex   1.987865e-01 4.886174e+01 -7.298786e+00
      vertex   3.594828e-01 4.886174e+01 -7.459483e+00
    endloop
  endfacet
  facet normal 0.000000e+00 1.000000e+00 0.000000e+00
    outer loop
      vertex   -4.718448e-15 4.886174e+01 -7.500000e+00
      vertex   3.594828e-01 4.886174e+01 -7.459483e+00
      vertex   4.000000e-01 4.886174e+01 -7.500000e+00
    endloop
  endfacet
  facet normal 0.000000e+00 -1.000000e+00 -0.000000e+00
    outer loop
      vertex   -3.038179e-15 4.181174e+01 -7.100000e+00
      vertex   -3.053113e-15 4.181174e+01 -7.500000e+00
      vertex   3.250000e-01 4.181174e+01 -7.425000e+00
    endloop
  endfacet
  facet normal 0.000000e+00 -1.000000e+00 -0.000000e+00
    outer loop
      vertex   3.250000e-01 4.181174e+01 -7.425000e+00
      vertex   -3.053113e-15 4.181174e+01 -7.500000e+00
      vertex   4.000000e-01 4.181174e+01 -7.500000e+00
    endloop
  endfacet
  facet normal 0.000000e+00 -1.000000e+00 -0.000000e+00
    outer loop
      vertex   1.421756e-15 2.181174e+01 -7.100000e+00
      vertex   1.387779e-15 2.181174e+01 -7.500000e+00
      vertex   1.987865e-01 2.181174e+01 -7.298786e+00
    endloop
  endfacet
  facet normal 0.000000e+00 -1.000000e+00 -0.000000e+00
    outer loop
      vertex   1.987865e-01 2.181174e+01 -7.298786e+00
      vertex   1.387779e-15 2.181174e+01 -7.500000e+00
      vertex   3.594828e-01 2.181174e+01 -7.459483e+00
    endloop
  endfacet
  facet normal 0.000000e+00 -1.000000e+00 -0.000000e+00
    outer loop
      vertex   3.594828e-01 2.181174e+01 -7.459483e+00
      vertex   1.387779e-15 2.181174e+01 -7.500000e+00
      vertex   4.000000e-01 2.181174e+01 -7.500000e+00
    endloop
  endfacet
  facet normal 7.071068e-01 0.000000e+00 -7.071068e-01
    outer loop
      vertex   4.000000e+00 2.063674e+01 -7.500000e+00
      vertex   4.000000e+00 5.003674e+01 -7.500000e+00
      vertex   4.400000e+00 2.023674e+01 -7.100000e+00
    endloop
  endfacet
  facet normal 7.071068e-01 0.000000e+00 -7.071068e-01
    outer loop
      vertex   4.400000e+00 2.023674e+01 -7.100000e+00
      vertex   4.000000e+00 5.003674e+01 -7.500000e+00
      vertex   4.400000e+00 5.043674e+01 -7.100000e+00
    endloop
  endfacet
  facet normal 7.071063e-01 -7.071073e-01 0.000000e+00
    outer loop
      vertex   4.000000e+00 1.983674e+01 6.700000e+00
      vertex   4.000000e+00 1.983674e+01 -6.700000e+00
      vertex   4.400000e+00 2.023674e+01 7.100000e+00
    endloop
  endfacet
  facet normal 7.071063e-01 -7.071073e-01 0.000000e+00
    outer loop
      vertex   4.400000e+00 2.023674e+01 7.100000e+00
      vertex   4.000000e+00 1.983674e+01 -6.700000e+00
      vertex   4.400000e+00 2.023674e+01 -7.100000e+00
    endloop
  endfacet
  facet normal 7.071068e-01 -0.000000e+00 7.071068e-01
    outer loop
      vertex   4.400000e+00 2.023674e+01 7.100000e+00
      vertex   4.400000e+00 2.213674e+01 7.100000e+00
      vertex   4.000000e+00 2.063674e+01 7.500000e+00
    endloop
  endfacet
  facet normal 7.071068e-01 -0.000000e+00 7.071068e-01
    outer loop
      vertex   4.000000e+00 2.063674e+01 7.500000e+00
      vertex   4.400000e+00 2.213674e+01 7.100000e+00
      vertex   4.000000e+00 2.213674e+01 7.500000e+00
    endloop
  endfacet
  facet normal 0.000000e+00 1.000000e+00 0.000000e+00
    outer loop
      vertex   4.400000e+00 2.213674e+01 7.100000e+00
      vertex   4.400000e+00 2.213674e+01 -5.200000e+00
      vertex   4.000000e+00 2.213674e+01 7.500000e+00
    endloop
  endfacet
  facet normal 0.000000e+00 1.000000e+00 0.000000e+00
    outer loop
      vertex   4.000000e+00 2.213674e+01 7.500000e+00
      vertex   4.400000e+00 2.213674e+01 -5.200000e+00
      vertex   3.600000e+00 2.213674e+01 -5.200000e+00
    endloop
  endfacet
  facet normal 0.000000e+00 1.000000e+00 0.000000e+00
    outer loop
      vertex   4.000000e+00 2.213674e+01 7.500000e+00
      vertex   3.600000e+00 2.213674e+01 -5.200000e+00
      vertex   3.600000e+00 2.213674e+01 7.500000e+00
    endloop
  endfacet
  facet normal 1.000000e+00 0.000000e+00 0.000000e+00
    outer loop
      vertex   4.400000e+00 2.213674e+01 7.100000e+00
      vertex   4.400000e+00 2.023674e+01 7.100000e+00
      vertex   4.400000e+00 2.213674e+01 -5.200000e+00
    endloop
  endfacet
  facet normal 1.000000e+00 0.000000e+00 0.000000e+00
    outer loop
      vertex   4.400000e+00 2.213674e+01 -5.200000e+00
      vertex   4.400000e+00 2.023674e+01 7.100000e+00
      vertex   4.400000e+00 2.023674e+01 -7.100000e+00
    endloop
  endfacet
  facet normal 1.000000e+00 -0.000000e+00 0.000000e+00
    outer loop
      vertex   4.400000e+00 2.213674e+01 -5.200000e+00
      vertex   4.400000e+00 2.023674e+01 -7.100000e+00
      vertex   4.400000e+00 4.853674e+01 -5.200000e+00
    endloop
  endfacet
  facet normal 1.000000e+00 0.000000e+00 0.000000e+00
    outer loop
      vertex   4.400000e+00 4.853674e+01 -5.200000e+00
      vertex   4.400000e+00 2.023674e+01 -7.100000e+00
      vertex   4.400000e+00 5.043674e+01 -7.100000e+00
    endloop
  endfacet
  facet normal 1.000000e+00 -0.000000e+00 0.000000e+00
    outer loop
      vertex   4.400000e+00 4.853674e+01 -5.200000e+00
      vertex   4.400000e+00 5.043674e+01 -7.100000e+00
      vertex   4.400000e+00 5.043674e+01 7.100000e+00
    endloop
  endfacet
  facet normal 1.000000e+00 0.000000e+00 0.000000e+00
    outer loop
      vertex   4.400000e+00 5.043674e+01 7.100000e+00
      vertex   4.400000e+00 4.853674e+01 7.100000e+00
      vertex   4.400000e+00 4.853674e+01 -5.200000e+00
    endloop
  endfacet
  facet normal 7.071063e-01 7.071073e-01 0.000000e+00
    outer loop
      vertex   4.400000e+00 5.043674e+01 7.100000e+00
      vertex   4.400000e+00 5.043674e+01 -7.100000e+00
      vertex   4.000000e+00 5.083674e+01 6.700000e+00
    endloop
  endfacet
  facet normal 7.071063e-01 7.071073e-01 0.000000e+00
    outer loop
      vertex   4.000000e+00 5.083674e+01 6.700000e+00
      vertex   4.400000e+00 5.043674e+01 -7.100000e+00
      vertex   4.000000e+00 5.083674e+01 -6.700000e+00
    endloop
  endfacet
  facet normal 7.071068e-01 0.000000e+00 7.071068e-01
    outer loop
      vertex   4.400000e+00 5.043674e+01 7.100000e+00
      vertex   4.000000e+00 5.003674e+01 7.500000e+00
      vertex   4.400000e+00 4.853674e+01 7.100000e+00
    endloop
  endfacet
  facet normal 7.071068e-01 0.000000e+00 7.071068e-01
    outer loop
      vertex   4.400000e+00 4.853674e+01 7.100000e+00
      vertex   4.000000e+00 5.003674e+01 7.500000e+00
      vertex   4.000000e+00 4.853674e+01 7.500000e+00
    endloop
  endfacet
  facet normal 0.000000e+00 0.000000e+00 1.000000e+00
    outer loop
      vertex   3.600000e+00 2.213674e+01 -5.200000e+00
      vertex   4.400000e+00 2.213674e+01 -5.200000e+00
      vertex   3.600000e+00 4.853674e+01 -5.200000e+00
    endloop
  endfacet
  facet normal -0.000000e+00 0.000000e+00 1.000000e+00
    outer loop
      vertex   3.600000e+00 4.853674e+01 -5.200000e+00
      vertex   4.400000e+00 2.213674e+01 -5.200000e+00
      vertex   4.400000e+00 4.853674e+01 -5.200000e+00
    endloop
  endfacet
  facet normal -0.000000e+00 -1.000000e+00 -0.000000e+00
    outer loop
      vertex   4.400000e+00 4.853674e+01 7.100000e+00
      vertex   4.000000e+00 4.853674e+01 7.500000e+00
      vertex   4.400000e+00 4.853674e+01 -5.200000e+00
    endloop
  endfacet
  facet normal 0.000000e+00 -1.000000e+00 0.000000e+00
    outer loop
      vertex   4.400000e+00 4.853674e+01 -5.200000e+00
      vertex   4.000000e+00 4.853674e+01 7.500000e+00
      vertex   3.600000e+00 4.853674e+01 -5.200000e+00
    endloop
  endfacet
  facet normal 0.000000e+00 -1.000000e+00 0.000000e+00
    outer loop
      vertex   3.600000e+00 4.853674e+01 -5.200000e+00
      vertex   4.000000e+00 4.853674e+01 7.500000e+00
      vertex   3.600000e+00 4.853674e+01 7.500000e+00
    endloop
  endfacet
  facet normal -1.000000e+00 0.000000e+00 0.000000e+00
    outer loop
      vertex   3.600000e+00 2.108674e+01 7.500000e+00
      vertex   3.600000e+00 2.213674e+01 -5.200000e+00
      vertex   3.600000e+00 2.108674e+01 -6.250000e+00
    endloop
  endfacet
  facet normal -1.000000e+00 0.000000e+00 0.000000e+00
    outer loop
      vertex   3.600000e+00 2.108674e+01 -6.250000e+00
      vertex   3.600000e+00 2.213674e+01 -5.200000e+00
      vertex   3.600000e+00 4.853674e+01 -5.200000e+00
    endloop
  endfacet
  facet normal -1.000000e+00 0.000000e+00 0.000000e+00
    outer loop
      vertex   3.600000e+00 2.108674e+01 -6.250000e+00
      vertex   3.600000e+00 4.853674e+01 -5.200000e+00
      vertex   3.600000e+00 4.958674e+01 -6.250000e+00
    endloop
  endfacet
  facet normal -1.000000e+00 0.000000e+00 0.000000e+00
    outer loop
      vertex   3.600000e+00 4.958674e+01 -6.250000e+00
      vertex   3.600000e+00 4.853674e+01 -5.200000e+00
      vertex   3.600000e+00 4.958674e+01 7.500000e+00
    endloop
  endfacet
  facet normal -1.000000e+00 -0.000000e+00 0.000000e+00
    outer loop
      vertex   3.600000e+00 4.958674e+01 7.500000e+00
      vertex   3.600000e+00 4.853674e+01 -5.200000e+00
      vertex   3.600000e+00 4.853674e+01 7.500000e+00
    endloop
  endfacet
  facet normal -1.000000e+00 0.000000e+00 0.000000e+00
    outer loop
      vertex   3.600000e+00 2.108674e+01 7.500000e+00
      vertex   3.600000e+00 2.213674e+01 7.500000e+00
      vertex   3.600000e+00 2.213674e+01 -5.200000e+00
    endloop
  endfacet
  facet normal 0.000000e+00 1.000000e+00 0.000000e+00
    outer loop
      vertex   3.600000e+00 2.108674e+01 7.500000e+00
      vertex   3.600000e+00 2.108674e+01 -6.250000e+00
      vertex   8.720000e-01 2.108674e+01 7.500000e+00
    endloop
  endfacet
  facet normal 0.000000e+00 1.000000e+00 0.000000e+00
    outer loop
      vertex   8.720000e-01 2.108674e+01 7.500000e+00
      vertex   3.600000e+00 2.108674e+01 -6.250000e+00
      vertex   8.720000e-01 2.108674e+01 -6.250000e+00
    endloop
  endfacet
  facet normal 0.000000e+00 0.000000e+00 1.000000e+00
    outer loop
      vertex   8.720000e-01 2.108674e+01 -6.250000e+00
      vertex   3.600000e+00 2.108674e+01 -6.250000e+00
      vertex   8.720000e-01 4.958674e+01 -6.250000e+00
    endloop
  endfacet
  facet normal -0.000000e+00 0.000000e+00 1.000000e+00
    outer loop
      vertex   8.720000e-01 4.958674e+01 -6.250000e+00
      vertex   3.600000e+00 2.108674e+01 -6.250000e+00
      vertex   3.600000e+00 4.958674e+01 -6.250000e+00
    endloop
  endfacet
  facet normal 0.000000e+00 -1.000000e+00 0.000000e+00
    outer loop
      vertex   3.600000e+00 4.958674e+01 -6.250000e+00
      vertex   3.600000e+00 4.958674e+01 7.500000e+00
      vertex   8.720000e-01 4.958674e+01 -6.250000e+00
    endloop
  endfacet
  facet normal 0.000000e+00 -1.000000e+00 0.000000e+00
    outer loop
      vertex   8.720000e-01 4.958674e+01 -6.250000e+00
      vertex   3.600000e+00 4.958674e+01 7.500000e+00
      vertex   8.720000e-01 4.958674e+01 7.500000e+00
    endloop
  endfacet
endsolid
